geo,date,year,month,unemp_rate,debt_gdp_2021,debt_gdp_2019,delta_debt_19_21,gdppc,log_gdppc,pop_density,tourism_share,youth_share,russian_gas_share,rate,high_debt,post,post_feb2022,did_term,gas_post_feb22,months_rel,group_label,country_name,country_fe,time_fe,export_share
AT,2018-01-01,2018,1,5.6,82.4,71,11.400000000000006,43360,10.677292636113528,107.1,3.308140959197121,10.862026760965687,0,0,0,0,0,0,0,-54,Control (Low-Debt),Austria,AT,2018-01-01,0.29096044989125663
AT,2018-02-01,2018,2,5.4,82.4,71,11.400000000000006,43360,10.677292636113528,107.1,3.308140959197121,10.862026760965687,0,0,0,0,0,0,0,-53,Control (Low-Debt),Austria,AT,2018-02-01,0.29096044989125663
AT,2018-03-01,2018,3,5.3,82.4,71,11.400000000000006,43360,10.677292636113528,107.1,3.308140959197121,10.862026760965687,0,0,0,0,0,0,0,-52,Control (Low-Debt),Austria,AT,2018-03-01,0.29096044989125663
AT,2018-04-01,2018,4,5.1,82.4,71,11.400000000000006,43360,10.677292636113528,107.1,3.308140959197121,10.862026760965687,0,0,0,0,0,0,0,-51,Control (Low-Debt),Austria,AT,2018-04-01,0.29096044989125663
AT,2018-05-01,2018,5,4.9,82.4,71,11.400000000000006,43360,10.677292636113528,107.1,3.308140959197121,10.862026760965687,0,0,0,0,0,0,0,-50,Control (Low-Debt),Austria,AT,2018-05-01,0.29096044989125663
AT,2018-06-01,2018,6,5,82.4,71,11.400000000000006,43360,10.677292636113528,107.1,3.308140959197121,10.862026760965687,0,0,0,0,0,0,0,-49,Control (Low-Debt),Austria,AT,2018-06-01,0.29096044989125663
AT,2018-07-01,2018,7,5.3,82.4,71,11.400000000000006,43360,10.677292636113528,107.1,3.308140959197121,10.862026760965687,0,0,0,0,0,0,0,-48,Control (Low-Debt),Austria,AT,2018-07-01,0.29096044989125663
AT,2018-08-01,2018,8,5.4,82.4,71,11.400000000000006,43360,10.677292636113528,107.1,3.308140959197121,10.862026760965687,0,0,0,0,0,0,0,-47,Control (Low-Debt),Austria,AT,2018-08-01,0.29096044989125663
AT,2018-09-01,2018,9,5.4,82.4,71,11.400000000000006,43360,10.677292636113528,107.1,3.308140959197121,10.862026760965687,0,0,0,0,0,0,0,-46,Control (Low-Debt),Austria,AT,2018-09-01,0.29096044989125663
AT,2018-10-01,2018,10,5.2,82.4,71,11.400000000000006,43360,10.677292636113528,107.1,3.308140959197121,10.862026760965687,0,0,0,0,0,0,0,-45,Control (Low-Debt),Austria,AT,2018-10-01,0.29096044989125663
AT,2018-11-01,2018,11,4.8,82.4,71,11.400000000000006,43360,10.677292636113528,107.1,3.308140959197121,10.862026760965687,0,0,0,0,0,0,0,-44,Control (Low-Debt),Austria,AT,2018-11-01,0.29096044989125663
AT,2018-12-01,2018,12,5.2,82.4,71,11.400000000000006,43360,10.677292636113528,107.1,3.308140959197121,10.862026760965687,0,0,0,0,0,0,0,-43,Control (Low-Debt),Austria,AT,2018-12-01,0.29096044989125663
AT,2019-01-01,2019,1,5,82.4,71,11.400000000000006,44570,10.704816265940602,107.6,3.308140959197121,10.862026760965687,0,0,0,0,0,0,0,-42,Control (Low-Debt),Austria,AT,2019-01-01,0.29096044989125663
AT,2019-02-01,2019,2,5.1,82.4,71,11.400000000000006,44570,10.704816265940602,107.6,3.308140959197121,10.862026760965687,0,0,0,0,0,0,0,-41,Control (Low-Debt),Austria,AT,2019-02-01,0.29096044989125663
AT,2019-03-01,2019,3,5.1,82.4,71,11.400000000000006,44570,10.704816265940602,107.6,3.308140959197121,10.862026760965687,0,0,0,0,0,0,0,-40,Control (Low-Debt),Austria,AT,2019-03-01,0.29096044989125663
AT,2019-04-01,2019,4,5.1,82.4,71,11.400000000000006,44570,10.704816265940602,107.6,3.308140959197121,10.862026760965687,0,0,0,0,0,0,0,-39,Control (Low-Debt),Austria,AT,2019-04-01,0.29096044989125663
AT,2019-05-01,2019,5,4.9,82.4,71,11.400000000000006,44570,10.704816265940602,107.6,3.308140959197121,10.862026760965687,0,0,0,0,0,0,0,-38,Control (Low-Debt),Austria,AT,2019-05-01,0.29096044989125663
AT,2019-06-01,2019,6,4.6,82.4,71,11.400000000000006,44570,10.704816265940602,107.6,3.308140959197121,10.862026760965687,0,0,0,0,0,0,0,-37,Control (Low-Debt),Austria,AT,2019-06-01,0.29096044989125663
AT,2019-07-01,2019,7,4.9,82.4,71,11.400000000000006,44570,10.704816265940602,107.6,3.308140959197121,10.862026760965687,0,0,0,0,0,0,0,-36,Control (Low-Debt),Austria,AT,2019-07-01,0.29096044989125663
AT,2019-08-01,2019,8,5,82.4,71,11.400000000000006,44570,10.704816265940602,107.6,3.308140959197121,10.862026760965687,0,0,0,0,0,0,0,-35,Control (Low-Debt),Austria,AT,2019-08-01,0.29096044989125663
AT,2019-09-01,2019,9,4.5,82.4,71,11.400000000000006,44570,10.704816265940602,107.6,3.308140959197121,10.862026760965687,0,0,0,0,0,0,0,-34,Control (Low-Debt),Austria,AT,2019-09-01,0.29096044989125663
AT,2019-10-01,2019,10,4.8,82.4,71,11.400000000000006,44570,10.704816265940602,107.6,3.308140959197121,10.862026760965687,0,0,0,0,0,0,0,-33,Control (Low-Debt),Austria,AT,2019-10-01,0.29096044989125663
AT,2019-11-01,2019,11,4.3,82.4,71,11.400000000000006,44570,10.704816265940602,107.6,3.308140959197121,10.862026760965687,0,0,0,0,0,0,0,-32,Control (Low-Debt),Austria,AT,2019-11-01,0.29096044989125663
AT,2019-12-01,2019,12,4.5,82.4,71,11.400000000000006,44570,10.704816265940602,107.6,3.308140959197121,10.862026760965687,0,0,0,0,0,0,0,-31,Control (Low-Debt),Austria,AT,2019-12-01,0.29096044989125663
AT,2020-01-01,2020,1,4.5,82.4,71,11.400000000000006,42650,10.660782552919825,107.6,3.308140959197121,10.862026760965687,0,0,0,0,0,0,0,-30,Control (Low-Debt),Austria,AT,2020-01-01,0.29096044989125663
AT,2020-02-01,2020,2,4.6,82.4,71,11.400000000000006,42650,10.660782552919825,107.6,3.308140959197121,10.862026760965687,0,0,0,0,0,0,0,-29,Control (Low-Debt),Austria,AT,2020-02-01,0.29096044989125663
AT,2020-03-01,2020,3,5,82.4,71,11.400000000000006,42650,10.660782552919825,107.6,3.308140959197121,10.862026760965687,0,0,0,0,0,0,0,-28,Control (Low-Debt),Austria,AT,2020-03-01,0.29096044989125663
AT,2020-04-01,2020,4,6.1,82.4,71,11.400000000000006,42650,10.660782552919825,107.6,3.308140959197121,10.862026760965687,0,0,0,0,0,0,0,-27,Control (Low-Debt),Austria,AT,2020-04-01,0.29096044989125663
AT,2020-05-01,2020,5,7.2,82.4,71,11.400000000000006,42650,10.660782552919825,107.6,3.308140959197121,10.862026760965687,0,0,0,0,0,0,0,-26,Control (Low-Debt),Austria,AT,2020-05-01,0.29096044989125663
AT,2020-06-01,2020,6,7.7,82.4,71,11.400000000000006,42650,10.660782552919825,107.6,3.308140959197121,10.862026760965687,0,0,0,0,0,0,0,-25,Control (Low-Debt),Austria,AT,2020-06-01,0.29096044989125663
AT,2020-07-01,2020,7,6.7,82.4,71,11.400000000000006,42650,10.660782552919825,107.6,3.308140959197121,10.862026760965687,0,0,0,0,0,0,0,-24,Control (Low-Debt),Austria,AT,2020-07-01,0.29096044989125663
AT,2020-08-01,2020,8,6.4,82.4,71,11.400000000000006,42650,10.660782552919825,107.6,3.308140959197121,10.862026760965687,0,0,0,0,0,0,0,-23,Control (Low-Debt),Austria,AT,2020-08-01,0.29096044989125663
AT,2020-09-01,2020,9,6.2,82.4,71,11.400000000000006,42650,10.660782552919825,107.6,3.308140959197121,10.862026760965687,0,0,0,0,0,0,0,-22,Control (Low-Debt),Austria,AT,2020-09-01,0.29096044989125663
AT,2020-10-01,2020,10,6,82.4,71,11.400000000000006,42650,10.660782552919825,107.6,3.308140959197121,10.862026760965687,0,0,0,0,0,0,0,-21,Control (Low-Debt),Austria,AT,2020-10-01,0.29096044989125663
AT,2020-11-01,2020,11,6.1,82.4,71,11.400000000000006,42650,10.660782552919825,107.6,3.308140959197121,10.862026760965687,0,0,0,0,0,0,0,-20,Control (Low-Debt),Austria,AT,2020-11-01,0.29096044989125663
AT,2020-12-01,2020,12,6.7,82.4,71,11.400000000000006,42650,10.660782552919825,107.6,3.308140959197121,10.862026760965687,0,0,0,0,0,0,0,-19,Control (Low-Debt),Austria,AT,2020-12-01,0.29096044989125663
AT,2021-01-01,2021,1,7.5,82.4,71,11.400000000000006,45380,10.722826758333833,108.1,3.308140959197121,10.862026760965687,0,0,0,0,0,0,0,-18,Control (Low-Debt),Austria,AT,2021-01-01,0.29096044989125663
AT,2021-02-01,2021,2,7.1,82.4,71,11.400000000000006,45380,10.722826758333833,108.1,3.308140959197121,10.862026760965687,0,0,0,0,0,0,0,-17,Control (Low-Debt),Austria,AT,2021-02-01,0.29096044989125663
AT,2021-03-01,2021,3,6.9,82.4,71,11.400000000000006,45380,10.722826758333833,108.1,3.308140959197121,10.862026760965687,0,0,0,0,0,0,0,-16,Control (Low-Debt),Austria,AT,2021-03-01,0.29096044989125663
AT,2021-04-01,2021,4,7.2,82.4,71,11.400000000000006,45380,10.722826758333833,108.1,3.308140959197121,10.862026760965687,0,0,0,0,0,0,0,-15,Control (Low-Debt),Austria,AT,2021-04-01,0.29096044989125663
AT,2021-05-01,2021,5,6.7,82.4,71,11.400000000000006,45380,10.722826758333833,108.1,3.308140959197121,10.862026760965687,0,0,0,0,0,0,0,-14,Control (Low-Debt),Austria,AT,2021-05-01,0.29096044989125663
AT,2021-06-01,2021,6,6.3,82.4,71,11.400000000000006,45380,10.722826758333833,108.1,3.308140959197121,10.862026760965687,0,0,0,0,0,0,0,-13,Control (Low-Debt),Austria,AT,2021-06-01,0.29096044989125663
AT,2021-07-01,2021,7,5.9,82.4,71,11.400000000000006,45380,10.722826758333833,108.1,3.308140959197121,10.862026760965687,0,0,0,0,0,0,0,-12,Control (Low-Debt),Austria,AT,2021-07-01,0.29096044989125663
AT,2021-08-01,2021,8,5.8,82.4,71,11.400000000000006,45380,10.722826758333833,108.1,3.308140959197121,10.862026760965687,0,0,0,0,0,0,0,-11,Control (Low-Debt),Austria,AT,2021-08-01,0.29096044989125663
AT,2021-09-01,2021,9,5,82.4,71,11.400000000000006,45380,10.722826758333833,108.1,3.308140959197121,10.862026760965687,0,0,0,0,0,0,0,-10,Control (Low-Debt),Austria,AT,2021-09-01,0.29096044989125663
AT,2021-10-01,2021,10,5.6,82.4,71,11.400000000000006,45380,10.722826758333833,108.1,3.308140959197121,10.862026760965687,0,0,0,0,0,0,0,-9,Control (Low-Debt),Austria,AT,2021-10-01,0.29096044989125663
AT,2021-11-01,2021,11,5.1,82.4,71,11.400000000000006,45380,10.722826758333833,108.1,3.308140959197121,10.862026760965687,0,0,0,0,0,0,0,-8,Control (Low-Debt),Austria,AT,2021-11-01,0.29096044989125663
AT,2021-12-01,2021,12,4.9,82.4,71,11.400000000000006,45380,10.722826758333833,108.1,3.308140959197121,10.862026760965687,0,0,0,0,0,0,0,-7,Control (Low-Debt),Austria,AT,2021-12-01,0.29096044989125663
AT,2022-01-01,2022,1,4.7,82.4,71,11.400000000000006,49640,10.812552239318544,109.6,3.308140959197121,10.862026760965687,0,0,0,0,0,0,0,-6,Control (Low-Debt),Austria,AT,2022-01-01,0.29096044989125663
AT,2022-02-01,2022,2,4.9,82.4,71,11.400000000000006,49640,10.812552239318544,109.6,3.308140959197121,10.862026760965687,0,0,0,0,1,0,0,-5,Control (Low-Debt),Austria,AT,2022-02-01,0.29096044989125663
AT,2022-03-01,2022,3,4.4,82.4,71,11.400000000000006,49640,10.812552239318544,109.6,3.308140959197121,10.862026760965687,0,0,0,0,1,0,0,-4,Control (Low-Debt),Austria,AT,2022-03-01,0.29096044989125663
AT,2022-04-01,2022,4,4.5,82.4,71,11.400000000000006,49640,10.812552239318544,109.6,3.308140959197121,10.862026760965687,0,0,0,0,1,0,0,-3,Control (Low-Debt),Austria,AT,2022-04-01,0.29096044989125663
AT,2022-05-01,2022,5,4.5,82.4,71,11.400000000000006,49640,10.812552239318544,109.6,3.308140959197121,10.862026760965687,0,0,0,0,1,0,0,-2,Control (Low-Debt),Austria,AT,2022-05-01,0.29096044989125663
AT,2022-06-01,2022,6,4.4,82.4,71,11.400000000000006,49640,10.812552239318544,109.6,3.308140959197121,10.862026760965687,0,0,0,0,1,0,0,-1,Control (Low-Debt),Austria,AT,2022-06-01,0.29096044989125663
AT,2022-07-01,2022,7,4.5,82.4,71,11.400000000000006,49640,10.812552239318544,109.6,3.308140959197121,10.862026760965687,0,0,0,1,1,0,0,0,Control (Low-Debt),Austria,AT,2022-07-01,0.29096044989125663
AT,2022-08-01,2022,8,5,82.4,71,11.400000000000006,49640,10.812552239318544,109.6,3.308140959197121,10.862026760965687,0,0.5,0,1,1,0,0,1,Control (Low-Debt),Austria,AT,2022-08-01,0.29096044989125663
AT,2022-09-01,2022,9,5.2,82.4,71,11.400000000000006,49640,10.812552239318544,109.6,3.308140959197121,10.862026760965687,0,0.5,0,1,1,0,0,2,Control (Low-Debt),Austria,AT,2022-09-01,0.29096044989125663
AT,2022-10-01,2022,10,4.7,82.4,71,11.400000000000006,49640,10.812552239318544,109.6,3.308140959197121,10.862026760965687,0,1.25,0,1,1,0,0,3,Control (Low-Debt),Austria,AT,2022-10-01,0.29096044989125663
AT,2022-11-01,2022,11,5.2,82.4,71,11.400000000000006,49640,10.812552239318544,109.6,3.308140959197121,10.862026760965687,0,2,0,1,1,0,0,4,Control (Low-Debt),Austria,AT,2022-11-01,0.29096044989125663
AT,2022-12-01,2022,12,4.9,82.4,71,11.400000000000006,49640,10.812552239318544,109.6,3.308140959197121,10.862026760965687,0,2,0,1,1,0,0,5,Control (Low-Debt),Austria,AT,2022-12-01,0.29096044989125663
AT,2023-01-01,2023,1,5.3,82.4,71,11.400000000000006,52330,10.865325099366254,110.7,3.308140959197121,10.862026760965687,0,2.5,0,1,1,0,0,6,Control (Low-Debt),Austria,AT,2023-01-01,0.29096044989125663
AT,2023-02-01,2023,2,5.1,82.4,71,11.400000000000006,52330,10.865325099366254,110.7,3.308140959197121,10.862026760965687,0,2.5,0,1,1,0,0,7,Control (Low-Debt),Austria,AT,2023-02-01,0.29096044989125663
AT,2023-03-01,2023,3,4.5,82.4,71,11.400000000000006,52330,10.865325099366254,110.7,3.308140959197121,10.862026760965687,0,3,0,1,1,0,0,8,Control (Low-Debt),Austria,AT,2023-03-01,0.29096044989125663
AT,2023-04-01,2023,4,5.2,82.4,71,11.400000000000006,52330,10.865325099366254,110.7,3.308140959197121,10.862026760965687,0,3,0,1,1,0,0,9,Control (Low-Debt),Austria,AT,2023-04-01,0.29096044989125663
AT,2023-05-01,2023,5,4.8,82.4,71,11.400000000000006,52330,10.865325099366254,110.7,3.308140959197121,10.862026760965687,0,3,0,1,1,0,0,10,Control (Low-Debt),Austria,AT,2023-05-01,0.29096044989125663
AT,2023-06-01,2023,6,5,82.4,71,11.400000000000006,52330,10.865325099366254,110.7,3.308140959197121,10.862026760965687,0,3.75,0,1,1,0,0,11,Control (Low-Debt),Austria,AT,2023-06-01,0.29096044989125663
AT,2023-07-01,2023,7,5.5,82.4,71,11.400000000000006,52330,10.865325099366254,110.7,3.308140959197121,10.862026760965687,0,4,0,1,1,0,0,12,Control (Low-Debt),Austria,AT,2023-07-01,0.29096044989125663
AT,2023-08-01,2023,8,5.4,82.4,71,11.400000000000006,52330,10.865325099366254,110.7,3.308140959197121,10.862026760965687,0,4,0,1,1,0,0,13,Control (Low-Debt),Austria,AT,2023-08-01,0.29096044989125663
AT,2023-09-01,2023,9,5.4,82.4,71,11.400000000000006,52330,10.865325099366254,110.7,3.308140959197121,10.862026760965687,0,4.25,0,1,1,0,0,14,Control (Low-Debt),Austria,AT,2023-09-01,0.29096044989125663
AT,2023-10-01,2023,10,5,82.4,71,11.400000000000006,52330,10.865325099366254,110.7,3.308140959197121,10.862026760965687,0,4.5,0,1,1,0,0,15,Control (Low-Debt),Austria,AT,2023-10-01,0.29096044989125663
AT,2023-11-01,2023,11,5,82.4,71,11.400000000000006,52330,10.865325099366254,110.7,3.308140959197121,10.862026760965687,0,4.5,0,1,1,0,0,16,Control (Low-Debt),Austria,AT,2023-11-01,0.29096044989125663
AT,2023-12-01,2023,12,5.5,82.4,71,11.400000000000006,52330,10.865325099366254,110.7,3.308140959197121,10.862026760965687,0,4.5,0,1,1,0,0,17,Control (Low-Debt),Austria,AT,2023-12-01,0.29096044989125663
AT,2024-01-01,2024,1,4.9,82.4,71,11.400000000000006,53830,10.893586211555004,111.3,3.308140959197121,10.862026760965687,0,4.5,0,1,1,0,0,18,Control (Low-Debt),Austria,AT,2024-01-01,0.29096044989125663
AT,2024-02-01,2024,2,4.7,82.4,71,11.400000000000006,53830,10.893586211555004,111.3,3.308140959197121,10.862026760965687,0,4.5,0,1,1,0,0,19,Control (Low-Debt),Austria,AT,2024-02-01,0.29096044989125663
AT,2024-03-01,2024,3,5,82.4,71,11.400000000000006,53830,10.893586211555004,111.3,3.308140959197121,10.862026760965687,0,4.5,0,1,1,0,0,20,Control (Low-Debt),Austria,AT,2024-03-01,0.29096044989125663
AT,2024-04-01,2024,4,5,82.4,71,11.400000000000006,53830,10.893586211555004,111.3,3.308140959197121,10.862026760965687,0,4.5,0,1,1,0,0,21,Control (Low-Debt),Austria,AT,2024-04-01,0.29096044989125663
AT,2024-05-01,2024,5,5.2,82.4,71,11.400000000000006,53830,10.893586211555004,111.3,3.308140959197121,10.862026760965687,0,4.5,0,1,1,0,0,22,Control (Low-Debt),Austria,AT,2024-05-01,0.29096044989125663
AT,2024-06-01,2024,6,5.2,82.4,71,11.400000000000006,53830,10.893586211555004,111.3,3.308140959197121,10.862026760965687,0,4.5,0,1,1,0,0,23,Control (Low-Debt),Austria,AT,2024-06-01,0.29096044989125663
AT,2024-07-01,2024,7,5.1,82.4,71,11.400000000000006,53830,10.893586211555004,111.3,3.308140959197121,10.862026760965687,0,4.25,0,1,1,0,0,24,Control (Low-Debt),Austria,AT,2024-07-01,0.29096044989125663
AT,2024-08-01,2024,8,5.3,82.4,71,11.400000000000006,53830,10.893586211555004,111.3,3.308140959197121,10.862026760965687,0,4.25,0,1,1,0,0,25,Control (Low-Debt),Austria,AT,2024-08-01,0.29096044989125663
AT,2024-09-01,2024,9,5.6,82.4,71,11.400000000000006,53830,10.893586211555004,111.3,3.308140959197121,10.862026760965687,0,4.25,0,1,1,0,0,26,Control (Low-Debt),Austria,AT,2024-09-01,0.29096044989125663
AT,2024-10-01,2024,10,5.6,82.4,71,11.400000000000006,53830,10.893586211555004,111.3,3.308140959197121,10.862026760965687,0,3.65,0,1,1,0,0,27,Control (Low-Debt),Austria,AT,2024-10-01,0.29096044989125663
AT,2024-11-01,2024,11,5.1,82.4,71,11.400000000000006,53830,10.893586211555004,111.3,3.308140959197121,10.862026760965687,0,3.4,0,1,1,0,0,28,Control (Low-Debt),Austria,AT,2024-11-01,0.29096044989125663
AT,2024-12-01,2024,12,5.4,82.4,71,11.400000000000006,53830,10.893586211555004,111.3,3.308140959197121,10.862026760965687,0,3.4,0,1,1,0,0,29,Control (Low-Debt),Austria,AT,2024-12-01,0.29096044989125663
BE,2018-01-01,2018,1,6,108.7,97.7,11,40210,10.60187099989132,375.3,1.6045049881583298,11.383503037375098,NA,0,0,0,0,0,NA,-54,Control (Low-Debt),Belgium,BE,2018-01-01,0
BE,2018-02-01,2018,2,6.1,108.7,97.7,11,40210,10.60187099989132,375.3,1.6045049881583298,11.383503037375098,NA,0,0,0,0,0,NA,-53,Control (Low-Debt),Belgium,BE,2018-02-01,0
BE,2018-03-01,2018,3,6.2,108.7,97.7,11,40210,10.60187099989132,375.3,1.6045049881583298,11.383503037375098,NA,0,0,0,0,0,NA,-52,Control (Low-Debt),Belgium,BE,2018-03-01,0
BE,2018-04-01,2018,4,6.4,108.7,97.7,11,40210,10.60187099989132,375.3,1.6045049881583298,11.383503037375098,NA,0,0,0,0,0,NA,-51,Control (Low-Debt),Belgium,BE,2018-04-01,0
BE,2018-05-01,2018,5,6.4,108.7,97.7,11,40210,10.60187099989132,375.3,1.6045049881583298,11.383503037375098,NA,0,0,0,0,0,NA,-50,Control (Low-Debt),Belgium,BE,2018-05-01,0
BE,2018-06-01,2018,6,6.2,108.7,97.7,11,40210,10.60187099989132,375.3,1.6045049881583298,11.383503037375098,NA,0,0,0,0,0,NA,-49,Control (Low-Debt),Belgium,BE,2018-06-01,0
BE,2018-07-01,2018,7,5.9,108.7,97.7,11,40210,10.60187099989132,375.3,1.6045049881583298,11.383503037375098,NA,0,0,0,0,0,NA,-48,Control (Low-Debt),Belgium,BE,2018-07-01,0
BE,2018-08-01,2018,8,5.6,108.7,97.7,11,40210,10.60187099989132,375.3,1.6045049881583298,11.383503037375098,NA,0,0,0,0,0,NA,-47,Control (Low-Debt),Belgium,BE,2018-08-01,0
BE,2018-09-01,2018,9,5.6,108.7,97.7,11,40210,10.60187099989132,375.3,1.6045049881583298,11.383503037375098,NA,0,0,0,0,0,NA,-46,Control (Low-Debt),Belgium,BE,2018-09-01,0
BE,2018-10-01,2018,10,5.7,108.7,97.7,11,40210,10.60187099989132,375.3,1.6045049881583298,11.383503037375098,NA,0,0,0,0,0,NA,-45,Control (Low-Debt),Belgium,BE,2018-10-01,0
BE,2018-11-01,2018,11,5.8,108.7,97.7,11,40210,10.60187099989132,375.3,1.6045049881583298,11.383503037375098,NA,0,0,0,0,0,NA,-44,Control (Low-Debt),Belgium,BE,2018-11-01,0
BE,2018-12-01,2018,12,5.7,108.7,97.7,11,40210,10.60187099989132,375.3,1.6045049881583298,11.383503037375098,NA,0,0,0,0,0,NA,-43,Control (Low-Debt),Belgium,BE,2018-12-01,0
BE,2019-01-01,2019,1,5.6,108.7,97.7,11,41730,10.638975573585599,377.3,1.6045049881583298,11.383503037375098,NA,0,0,0,0,0,NA,-42,Control (Low-Debt),Belgium,BE,2019-01-01,0
BE,2019-02-01,2019,2,5.6,108.7,97.7,11,41730,10.638975573585599,377.3,1.6045049881583298,11.383503037375098,NA,0,0,0,0,0,NA,-41,Control (Low-Debt),Belgium,BE,2019-02-01,0
BE,2019-03-01,2019,3,5.6,108.7,97.7,11,41730,10.638975573585599,377.3,1.6045049881583298,11.383503037375098,NA,0,0,0,0,0,NA,-40,Control (Low-Debt),Belgium,BE,2019-03-01,0
BE,2019-04-01,2019,4,5.6,108.7,97.7,11,41730,10.638975573585599,377.3,1.6045049881583298,11.383503037375098,NA,0,0,0,0,0,NA,-39,Control (Low-Debt),Belgium,BE,2019-04-01,0
BE,2019-05-01,2019,5,5.6,108.7,97.7,11,41730,10.638975573585599,377.3,1.6045049881583298,11.383503037375098,NA,0,0,0,0,0,NA,-38,Control (Low-Debt),Belgium,BE,2019-05-01,0
BE,2019-06-01,2019,6,5.5,108.7,97.7,11,41730,10.638975573585599,377.3,1.6045049881583298,11.383503037375098,NA,0,0,0,0,0,NA,-37,Control (Low-Debt),Belgium,BE,2019-06-01,0
BE,2019-07-01,2019,7,5.2,108.7,97.7,11,41730,10.638975573585599,377.3,1.6045049881583298,11.383503037375098,NA,0,0,0,0,0,NA,-36,Control (Low-Debt),Belgium,BE,2019-07-01,0
BE,2019-08-01,2019,8,5.1,108.7,97.7,11,41730,10.638975573585599,377.3,1.6045049881583298,11.383503037375098,NA,0,0,0,0,0,NA,-35,Control (Low-Debt),Belgium,BE,2019-08-01,0
BE,2019-09-01,2019,9,5.1,108.7,97.7,11,41730,10.638975573585599,377.3,1.6045049881583298,11.383503037375098,NA,0,0,0,0,0,NA,-34,Control (Low-Debt),Belgium,BE,2019-09-01,0
BE,2019-10-01,2019,10,5.2,108.7,97.7,11,41730,10.638975573585599,377.3,1.6045049881583298,11.383503037375098,NA,0,0,0,0,0,NA,-33,Control (Low-Debt),Belgium,BE,2019-10-01,0
BE,2019-11-01,2019,11,5.2,108.7,97.7,11,41730,10.638975573585599,377.3,1.6045049881583298,11.383503037375098,NA,0,0,0,0,0,NA,-32,Control (Low-Debt),Belgium,BE,2019-11-01,0
BE,2019-12-01,2019,12,5.2,108.7,97.7,11,41730,10.638975573585599,377.3,1.6045049881583298,11.383503037375098,NA,0,0,0,0,0,NA,-31,Control (Low-Debt),Belgium,BE,2019-12-01,0
BE,2020-01-01,2020,1,5.1,108.7,97.7,11,40190,10.601373487443247,377.3,1.6045049881583298,11.383503037375098,NA,0,0,0,0,0,NA,-30,Control (Low-Debt),Belgium,BE,2020-01-01,0
BE,2020-02-01,2020,2,5,108.7,97.7,11,40190,10.601373487443247,377.3,1.6045049881583298,11.383503037375098,NA,0,0,0,0,0,NA,-29,Control (Low-Debt),Belgium,BE,2020-02-01,0
BE,2020-03-01,2020,3,5,108.7,97.7,11,40190,10.601373487443247,377.3,1.6045049881583298,11.383503037375098,NA,0,0,0,0,0,NA,-28,Control (Low-Debt),Belgium,BE,2020-03-01,0
BE,2020-04-01,2020,4,4.9,108.7,97.7,11,40190,10.601373487443247,377.3,1.6045049881583298,11.383503037375098,NA,0,0,0,0,0,NA,-27,Control (Low-Debt),Belgium,BE,2020-04-01,0
BE,2020-05-01,2020,5,5,108.7,97.7,11,40190,10.601373487443247,377.3,1.6045049881583298,11.383503037375098,NA,0,0,0,0,0,NA,-26,Control (Low-Debt),Belgium,BE,2020-05-01,0
BE,2020-06-01,2020,6,5.4,108.7,97.7,11,40190,10.601373487443247,377.3,1.6045049881583298,11.383503037375098,NA,0,0,0,0,0,NA,-25,Control (Low-Debt),Belgium,BE,2020-06-01,0
BE,2020-07-01,2020,7,6,108.7,97.7,11,40190,10.601373487443247,377.3,1.6045049881583298,11.383503037375098,NA,0,0,0,0,0,NA,-24,Control (Low-Debt),Belgium,BE,2020-07-01,0
BE,2020-08-01,2020,8,6.4,108.7,97.7,11,40190,10.601373487443247,377.3,1.6045049881583298,11.383503037375098,NA,0,0,0,0,0,NA,-23,Control (Low-Debt),Belgium,BE,2020-08-01,0
BE,2020-09-01,2020,9,6.3,108.7,97.7,11,40190,10.601373487443247,377.3,1.6045049881583298,11.383503037375098,NA,0,0,0,0,0,NA,-22,Control (Low-Debt),Belgium,BE,2020-09-01,0
BE,2020-10-01,2020,10,5.8,108.7,97.7,11,40190,10.601373487443247,377.3,1.6045049881583298,11.383503037375098,NA,0,0,0,0,0,NA,-21,Control (Low-Debt),Belgium,BE,2020-10-01,0
BE,2020-11-01,2020,11,5.8,108.7,97.7,11,40190,10.601373487443247,377.3,1.6045049881583298,11.383503037375098,NA,0,0,0,0,0,NA,-20,Control (Low-Debt),Belgium,BE,2020-11-01,0
BE,2020-12-01,2020,12,6,108.7,97.7,11,40190,10.601373487443247,377.3,1.6045049881583298,11.383503037375098,NA,0,0,0,0,0,NA,-19,Control (Low-Debt),Belgium,BE,2020-12-01,0
BE,2021-01-01,2021,1,6.5,108.7,97.7,11,43680,10.684645610418787,378.9,1.6045049881583298,11.383503037375098,NA,0,0,0,0,0,NA,-18,Control (Low-Debt),Belgium,BE,2021-01-01,0
BE,2021-02-01,2021,2,6.8,108.7,97.7,11,43680,10.684645610418787,378.9,1.6045049881583298,11.383503037375098,NA,0,0,0,0,0,NA,-17,Control (Low-Debt),Belgium,BE,2021-02-01,0
BE,2021-03-01,2021,3,6.7,108.7,97.7,11,43680,10.684645610418787,378.9,1.6045049881583298,11.383503037375098,NA,0,0,0,0,0,NA,-16,Control (Low-Debt),Belgium,BE,2021-03-01,0
BE,2021-04-01,2021,4,6.5,108.7,97.7,11,43680,10.684645610418787,378.9,1.6045049881583298,11.383503037375098,NA,0,0,0,0,0,NA,-15,Control (Low-Debt),Belgium,BE,2021-04-01,0
BE,2021-05-01,2021,5,6.3,108.7,97.7,11,43680,10.684645610418787,378.9,1.6045049881583298,11.383503037375098,NA,0,0,0,0,0,NA,-14,Control (Low-Debt),Belgium,BE,2021-05-01,0
BE,2021-06-01,2021,6,6.3,108.7,97.7,11,43680,10.684645610418787,378.9,1.6045049881583298,11.383503037375098,NA,0,0,0,0,0,NA,-13,Control (Low-Debt),Belgium,BE,2021-06-01,0
BE,2021-07-01,2021,7,6.3,108.7,97.7,11,43680,10.684645610418787,378.9,1.6045049881583298,11.383503037375098,NA,0,0,0,0,0,NA,-12,Control (Low-Debt),Belgium,BE,2021-07-01,0
BE,2021-08-01,2021,8,6.4,108.7,97.7,11,43680,10.684645610418787,378.9,1.6045049881583298,11.383503037375098,NA,0,0,0,0,0,NA,-11,Control (Low-Debt),Belgium,BE,2021-08-01,0
BE,2021-09-01,2021,9,6.2,108.7,97.7,11,43680,10.684645610418787,378.9,1.6045049881583298,11.383503037375098,NA,0,0,0,0,0,NA,-10,Control (Low-Debt),Belgium,BE,2021-09-01,0
BE,2021-10-01,2021,10,6,108.7,97.7,11,43680,10.684645610418787,378.9,1.6045049881583298,11.383503037375098,NA,0,0,0,0,0,NA,-9,Control (Low-Debt),Belgium,BE,2021-10-01,0
BE,2021-11-01,2021,11,5.8,108.7,97.7,11,43680,10.684645610418787,378.9,1.6045049881583298,11.383503037375098,NA,0,0,0,0,0,NA,-8,Control (Low-Debt),Belgium,BE,2021-11-01,0
BE,2021-12-01,2021,12,5.6,108.7,97.7,11,43680,10.684645610418787,378.9,1.6045049881583298,11.383503037375098,NA,0,0,0,0,0,NA,-7,Control (Low-Debt),Belgium,BE,2021-12-01,0
BE,2022-01-01,2022,1,5.3,108.7,97.7,11,48090,10.780829534271708,383.6,1.6045049881583298,11.383503037375098,NA,0,0,0,0,0,NA,-6,Control (Low-Debt),Belgium,BE,2022-01-01,0
BE,2022-02-01,2022,2,5.2,108.7,97.7,11,48090,10.780829534271708,383.6,1.6045049881583298,11.383503037375098,NA,0,0,0,1,0,NA,-5,Control (Low-Debt),Belgium,BE,2022-02-01,0
BE,2022-03-01,2022,3,5.4,108.7,97.7,11,48090,10.780829534271708,383.6,1.6045049881583298,11.383503037375098,NA,0,0,0,1,0,NA,-4,Control (Low-Debt),Belgium,BE,2022-03-01,0
BE,2022-04-01,2022,4,5.8,108.7,97.7,11,48090,10.780829534271708,383.6,1.6045049881583298,11.383503037375098,NA,0,0,0,1,0,NA,-3,Control (Low-Debt),Belgium,BE,2022-04-01,0
BE,2022-05-01,2022,5,5.9,108.7,97.7,11,48090,10.780829534271708,383.6,1.6045049881583298,11.383503037375098,NA,0,0,0,1,0,NA,-2,Control (Low-Debt),Belgium,BE,2022-05-01,0
BE,2022-06-01,2022,6,5.8,108.7,97.7,11,48090,10.780829534271708,383.6,1.6045049881583298,11.383503037375098,NA,0,0,0,1,0,NA,-1,Control (Low-Debt),Belgium,BE,2022-06-01,0
BE,2022-07-01,2022,7,5.5,108.7,97.7,11,48090,10.780829534271708,383.6,1.6045049881583298,11.383503037375098,NA,0,0,1,1,0,NA,0,Control (Low-Debt),Belgium,BE,2022-07-01,0
BE,2022-08-01,2022,8,5.4,108.7,97.7,11,48090,10.780829534271708,383.6,1.6045049881583298,11.383503037375098,NA,0.5,0,1,1,0,NA,1,Control (Low-Debt),Belgium,BE,2022-08-01,0
BE,2022-09-01,2022,9,5.4,108.7,97.7,11,48090,10.780829534271708,383.6,1.6045049881583298,11.383503037375098,NA,0.5,0,1,1,0,NA,2,Control (Low-Debt),Belgium,BE,2022-09-01,0
BE,2022-10-01,2022,10,5.6,108.7,97.7,11,48090,10.780829534271708,383.6,1.6045049881583298,11.383503037375098,NA,1.25,0,1,1,0,NA,3,Control (Low-Debt),Belgium,BE,2022-10-01,0
BE,2022-11-01,2022,11,5.7,108.7,97.7,11,48090,10.780829534271708,383.6,1.6045049881583298,11.383503037375098,NA,2,0,1,1,0,NA,4,Control (Low-Debt),Belgium,BE,2022-11-01,0
BE,2022-12-01,2022,12,5.7,108.7,97.7,11,48090,10.780829534271708,383.6,1.6045049881583298,11.383503037375098,NA,2,0,1,1,0,NA,5,Control (Low-Debt),Belgium,BE,2022-12-01,0
BE,2023-01-01,2023,1,5.6,108.7,97.7,11,51090,10.841344062324843,386.8,1.6045049881583298,11.383503037375098,NA,2.5,0,1,1,0,NA,6,Control (Low-Debt),Belgium,BE,2023-01-01,0
BE,2023-02-01,2023,2,5.6,108.7,97.7,11,51090,10.841344062324843,386.8,1.6045049881583298,11.383503037375098,NA,2.5,0,1,1,0,NA,7,Control (Low-Debt),Belgium,BE,2023-02-01,0
BE,2023-03-01,2023,3,5.6,108.7,97.7,11,51090,10.841344062324843,386.8,1.6045049881583298,11.383503037375098,NA,3,0,1,1,0,NA,8,Control (Low-Debt),Belgium,BE,2023-03-01,0
BE,2023-04-01,2023,4,5.7,108.7,97.7,11,51090,10.841344062324843,386.8,1.6045049881583298,11.383503037375098,NA,3,0,1,1,0,NA,9,Control (Low-Debt),Belgium,BE,2023-04-01,0
BE,2023-05-01,2023,5,5.7,108.7,97.7,11,51090,10.841344062324843,386.8,1.6045049881583298,11.383503037375098,NA,3,0,1,1,0,NA,10,Control (Low-Debt),Belgium,BE,2023-05-01,0
BE,2023-06-01,2023,6,5.6,108.7,97.7,11,51090,10.841344062324843,386.8,1.6045049881583298,11.383503037375098,NA,3.75,0,1,1,0,NA,11,Control (Low-Debt),Belgium,BE,2023-06-01,0
BE,2023-07-01,2023,7,5.4,108.7,97.7,11,51090,10.841344062324843,386.8,1.6045049881583298,11.383503037375098,NA,4,0,1,1,0,NA,12,Control (Low-Debt),Belgium,BE,2023-07-01,0
BE,2023-08-01,2023,8,5.3,108.7,97.7,11,51090,10.841344062324843,386.8,1.6045049881583298,11.383503037375098,NA,4,0,1,1,0,NA,13,Control (Low-Debt),Belgium,BE,2023-08-01,0
BE,2023-09-01,2023,9,5.4,108.7,97.7,11,51090,10.841344062324843,386.8,1.6045049881583298,11.383503037375098,NA,4.25,0,1,1,0,NA,14,Control (Low-Debt),Belgium,BE,2023-09-01,0
BE,2023-10-01,2023,10,5.5,108.7,97.7,11,51090,10.841344062324843,386.8,1.6045049881583298,11.383503037375098,NA,4.5,0,1,1,0,NA,15,Control (Low-Debt),Belgium,BE,2023-10-01,0
BE,2023-11-01,2023,11,5.5,108.7,97.7,11,51090,10.841344062324843,386.8,1.6045049881583298,11.383503037375098,NA,4.5,0,1,1,0,NA,16,Control (Low-Debt),Belgium,BE,2023-11-01,0
BE,2023-12-01,2023,12,5.6,108.7,97.7,11,51090,10.841344062324843,386.8,1.6045049881583298,11.383503037375098,NA,4.5,0,1,1,0,NA,17,Control (Low-Debt),Belgium,BE,2023-12-01,0
BE,2024-01-01,2024,1,5.7,108.7,97.7,11,52310,10.864942836364657,389.1,1.6045049881583298,11.383503037375098,NA,4.5,0,1,1,0,NA,18,Control (Low-Debt),Belgium,BE,2024-01-01,0
BE,2024-02-01,2024,2,5.7,108.7,97.7,11,52310,10.864942836364657,389.1,1.6045049881583298,11.383503037375098,NA,4.5,0,1,1,0,NA,19,Control (Low-Debt),Belgium,BE,2024-02-01,0
BE,2024-03-01,2024,3,5.7,108.7,97.7,11,52310,10.864942836364657,389.1,1.6045049881583298,11.383503037375098,NA,4.5,0,1,1,0,NA,20,Control (Low-Debt),Belgium,BE,2024-03-01,0
BE,2024-04-01,2024,4,5.6,108.7,97.7,11,52310,10.864942836364657,389.1,1.6045049881583298,11.383503037375098,NA,4.5,0,1,1,0,NA,21,Control (Low-Debt),Belgium,BE,2024-04-01,0
BE,2024-05-01,2024,5,5.6,108.7,97.7,11,52310,10.864942836364657,389.1,1.6045049881583298,11.383503037375098,NA,4.5,0,1,1,0,NA,22,Control (Low-Debt),Belgium,BE,2024-05-01,0
BE,2024-06-01,2024,6,5.6,108.7,97.7,11,52310,10.864942836364657,389.1,1.6045049881583298,11.383503037375098,NA,4.5,0,1,1,0,NA,23,Control (Low-Debt),Belgium,BE,2024-06-01,0
BE,2024-07-01,2024,7,5.6,108.7,97.7,11,52310,10.864942836364657,389.1,1.6045049881583298,11.383503037375098,NA,4.25,0,1,1,0,NA,24,Control (Low-Debt),Belgium,BE,2024-07-01,0
BE,2024-08-01,2024,8,5.7,108.7,97.7,11,52310,10.864942836364657,389.1,1.6045049881583298,11.383503037375098,NA,4.25,0,1,1,0,NA,25,Control (Low-Debt),Belgium,BE,2024-08-01,0
BE,2024-09-01,2024,9,5.8,108.7,97.7,11,52310,10.864942836364657,389.1,1.6045049881583298,11.383503037375098,NA,4.25,0,1,1,0,NA,26,Control (Low-Debt),Belgium,BE,2024-09-01,0
BE,2024-10-01,2024,10,5.8,108.7,97.7,11,52310,10.864942836364657,389.1,1.6045049881583298,11.383503037375098,NA,3.65,0,1,1,0,NA,27,Control (Low-Debt),Belgium,BE,2024-10-01,0
BE,2024-11-01,2024,11,5.9,108.7,97.7,11,52310,10.864942836364657,389.1,1.6045049881583298,11.383503037375098,NA,3.4,0,1,1,0,NA,28,Control (Low-Debt),Belgium,BE,2024-11-01,0
BE,2024-12-01,2024,12,6,108.7,97.7,11,52310,10.864942836364657,389.1,1.6045049881583298,11.383503037375098,NA,3.4,0,1,1,0,NA,29,Control (Low-Debt),Belgium,BE,2024-12-01,0
CY,2018-01-01,2018,1,10.3,96.5,92.3,4.200000000000003,24660,10.112937776718335,94.4,5.2113493122068295,11.715638594289251,NA,0,0,0,0,0,NA,-54,Control (Low-Debt),Cyprus,CY,2018-01-01,0
CY,2018-02-01,2018,2,9.7,96.5,92.3,4.200000000000003,24660,10.112937776718335,94.4,5.2113493122068295,11.715638594289251,NA,0,0,0,0,0,NA,-53,Control (Low-Debt),Cyprus,CY,2018-02-01,0
CY,2018-03-01,2018,3,9,96.5,92.3,4.200000000000003,24660,10.112937776718335,94.4,5.2113493122068295,11.715638594289251,NA,0,0,0,0,0,NA,-52,Control (Low-Debt),Cyprus,CY,2018-03-01,0
CY,2018-04-01,2018,4,8.2,96.5,92.3,4.200000000000003,24660,10.112937776718335,94.4,5.2113493122068295,11.715638594289251,NA,0,0,0,0,0,NA,-51,Control (Low-Debt),Cyprus,CY,2018-04-01,0
CY,2018-05-01,2018,5,8,96.5,92.3,4.200000000000003,24660,10.112937776718335,94.4,5.2113493122068295,11.715638594289251,NA,0,0,0,0,0,NA,-50,Control (Low-Debt),Cyprus,CY,2018-05-01,0
CY,2018-06-01,2018,6,7.9,96.5,92.3,4.200000000000003,24660,10.112937776718335,94.4,5.2113493122068295,11.715638594289251,NA,0,0,0,0,0,NA,-49,Control (Low-Debt),Cyprus,CY,2018-06-01,0
CY,2018-07-01,2018,7,8.1,96.5,92.3,4.200000000000003,24660,10.112937776718335,94.4,5.2113493122068295,11.715638594289251,NA,0,0,0,0,0,NA,-48,Control (Low-Debt),Cyprus,CY,2018-07-01,0
CY,2018-08-01,2018,8,8.1,96.5,92.3,4.200000000000003,24660,10.112937776718335,94.4,5.2113493122068295,11.715638594289251,NA,0,0,0,0,0,NA,-47,Control (Low-Debt),Cyprus,CY,2018-08-01,0
CY,2018-09-01,2018,9,8.1,96.5,92.3,4.200000000000003,24660,10.112937776718335,94.4,5.2113493122068295,11.715638594289251,NA,0,0,0,0,0,NA,-46,Control (Low-Debt),Cyprus,CY,2018-09-01,0
CY,2018-10-01,2018,10,7.9,96.5,92.3,4.200000000000003,24660,10.112937776718335,94.4,5.2113493122068295,11.715638594289251,NA,0,0,0,0,0,NA,-45,Control (Low-Debt),Cyprus,CY,2018-10-01,0
CY,2018-11-01,2018,11,7.9,96.5,92.3,4.200000000000003,24660,10.112937776718335,94.4,5.2113493122068295,11.715638594289251,NA,0,0,0,0,0,NA,-44,Control (Low-Debt),Cyprus,CY,2018-11-01,0
CY,2018-12-01,2018,12,7.8,96.5,92.3,4.200000000000003,24660,10.112937776718335,94.4,5.2113493122068295,11.715638594289251,NA,0,0,0,0,0,NA,-43,Control (Low-Debt),Cyprus,CY,2018-12-01,0
CY,2019-01-01,2019,1,7.9,96.5,92.3,4.200000000000003,26110,10.170073661693175,95.7,5.2113493122068295,11.715638594289251,NA,0,0,0,0,0,NA,-42,Control (Low-Debt),Cyprus,CY,2019-01-01,0
CY,2019-02-01,2019,2,7.9,96.5,92.3,4.200000000000003,26110,10.170073661693175,95.7,5.2113493122068295,11.715638594289251,NA,0,0,0,0,0,NA,-41,Control (Low-Debt),Cyprus,CY,2019-02-01,0
CY,2019-03-01,2019,3,8,96.5,92.3,4.200000000000003,26110,10.170073661693175,95.7,5.2113493122068295,11.715638594289251,NA,0,0,0,0,0,NA,-40,Control (Low-Debt),Cyprus,CY,2019-03-01,0
CY,2019-04-01,2019,4,7.5,96.5,92.3,4.200000000000003,26110,10.170073661693175,95.7,5.2113493122068295,11.715638594289251,NA,0,0,0,0,0,NA,-39,Control (Low-Debt),Cyprus,CY,2019-04-01,0
CY,2019-05-01,2019,5,7.1,96.5,92.3,4.200000000000003,26110,10.170073661693175,95.7,5.2113493122068295,11.715638594289251,NA,0,0,0,0,0,NA,-38,Control (Low-Debt),Cyprus,CY,2019-05-01,0
CY,2019-06-01,2019,6,7.2,96.5,92.3,4.200000000000003,26110,10.170073661693175,95.7,5.2113493122068295,11.715638594289251,NA,0,0,0,0,0,NA,-37,Control (Low-Debt),Cyprus,CY,2019-06-01,0
CY,2019-07-01,2019,7,7.3,96.5,92.3,4.200000000000003,26110,10.170073661693175,95.7,5.2113493122068295,11.715638594289251,NA,0,0,0,0,0,NA,-36,Control (Low-Debt),Cyprus,CY,2019-07-01,0
CY,2019-08-01,2019,8,7,96.5,92.3,4.200000000000003,26110,10.170073661693175,95.7,5.2113493122068295,11.715638594289251,NA,0,0,0,0,0,NA,-35,Control (Low-Debt),Cyprus,CY,2019-08-01,0
CY,2019-09-01,2019,9,6.7,96.5,92.3,4.200000000000003,26110,10.170073661693175,95.7,5.2113493122068295,11.715638594289251,NA,0,0,0,0,0,NA,-34,Control (Low-Debt),Cyprus,CY,2019-09-01,0
CY,2019-10-01,2019,10,6.4,96.5,92.3,4.200000000000003,26110,10.170073661693175,95.7,5.2113493122068295,11.715638594289251,NA,0,0,0,0,0,NA,-33,Control (Low-Debt),Cyprus,CY,2019-10-01,0
CY,2019-11-01,2019,11,6.5,96.5,92.3,4.200000000000003,26110,10.170073661693175,95.7,5.2113493122068295,11.715638594289251,NA,0,0,0,0,0,NA,-32,Control (Low-Debt),Cyprus,CY,2019-11-01,0
CY,2019-12-01,2019,12,6.4,96.5,92.3,4.200000000000003,26110,10.170073661693175,95.7,5.2113493122068295,11.715638594289251,NA,0,0,0,0,0,NA,-31,Control (Low-Debt),Cyprus,CY,2019-12-01,0
CY,2020-01-01,2020,1,6.8,96.5,92.3,4.200000000000003,24630,10.111720491114584,95.7,5.2113493122068295,11.715638594289251,NA,0,0,0,0,0,NA,-30,Control (Low-Debt),Cyprus,CY,2020-01-01,0
CY,2020-02-01,2020,2,6.6,96.5,92.3,4.200000000000003,24630,10.111720491114584,95.7,5.2113493122068295,11.715638594289251,NA,0,0,0,0,0,NA,-29,Control (Low-Debt),Cyprus,CY,2020-02-01,0
CY,2020-03-01,2020,3,6.8,96.5,92.3,4.200000000000003,24630,10.111720491114584,95.7,5.2113493122068295,11.715638594289251,NA,0,0,0,0,0,NA,-28,Control (Low-Debt),Cyprus,CY,2020-03-01,0
CY,2020-04-01,2020,4,7.4,96.5,92.3,4.200000000000003,24630,10.111720491114584,95.7,5.2113493122068295,11.715638594289251,NA,0,0,0,0,0,NA,-27,Control (Low-Debt),Cyprus,CY,2020-04-01,0
CY,2020-05-01,2020,5,7.5,96.5,92.3,4.200000000000003,24630,10.111720491114584,95.7,5.2113493122068295,11.715638594289251,NA,0,0,0,0,0,NA,-26,Control (Low-Debt),Cyprus,CY,2020-05-01,0
CY,2020-06-01,2020,6,7.3,96.5,92.3,4.200000000000003,24630,10.111720491114584,95.7,5.2113493122068295,11.715638594289251,NA,0,0,0,0,0,NA,-25,Control (Low-Debt),Cyprus,CY,2020-06-01,0
CY,2020-07-01,2020,7,7.7,96.5,92.3,4.200000000000003,24630,10.111720491114584,95.7,5.2113493122068295,11.715638594289251,NA,0,0,0,0,0,NA,-24,Control (Low-Debt),Cyprus,CY,2020-07-01,0
CY,2020-08-01,2020,8,8.3,96.5,92.3,4.200000000000003,24630,10.111720491114584,95.7,5.2113493122068295,11.715638594289251,NA,0,0,0,0,0,NA,-23,Control (Low-Debt),Cyprus,CY,2020-08-01,0
CY,2020-09-01,2020,9,8.6,96.5,92.3,4.200000000000003,24630,10.111720491114584,95.7,5.2113493122068295,11.715638594289251,NA,0,0,0,0,0,NA,-22,Control (Low-Debt),Cyprus,CY,2020-09-01,0
CY,2020-10-01,2020,10,8.9,96.5,92.3,4.200000000000003,24630,10.111720491114584,95.7,5.2113493122068295,11.715638594289251,NA,0,0,0,0,0,NA,-21,Control (Low-Debt),Cyprus,CY,2020-10-01,0
CY,2020-11-01,2020,11,7.6,96.5,92.3,4.200000000000003,24630,10.111720491114584,95.7,5.2113493122068295,11.715638594289251,NA,0,0,0,0,0,NA,-20,Control (Low-Debt),Cyprus,CY,2020-11-01,0
CY,2020-12-01,2020,12,7.7,96.5,92.3,4.200000000000003,24630,10.111720491114584,95.7,5.2113493122068295,11.715638594289251,NA,0,0,0,0,0,NA,-19,Control (Low-Debt),Cyprus,CY,2020-12-01,0
CY,2021-01-01,2021,1,7.7,96.5,92.3,4.200000000000003,27850,10.23458824535543,96.8,5.2113493122068295,11.715638594289251,NA,0,0,0,0,0,NA,-18,Control (Low-Debt),Cyprus,CY,2021-01-01,0
CY,2021-02-01,2021,2,7.9,96.5,92.3,4.200000000000003,27850,10.23458824535543,96.8,5.2113493122068295,11.715638594289251,NA,0,0,0,0,0,NA,-17,Control (Low-Debt),Cyprus,CY,2021-02-01,0
CY,2021-03-01,2021,3,7.9,96.5,92.3,4.200000000000003,27850,10.23458824535543,96.8,5.2113493122068295,11.715638594289251,NA,0,0,0,0,0,NA,-16,Control (Low-Debt),Cyprus,CY,2021-03-01,0
CY,2021-04-01,2021,4,7.7,96.5,92.3,4.200000000000003,27850,10.23458824535543,96.8,5.2113493122068295,11.715638594289251,NA,0,0,0,0,0,NA,-15,Control (Low-Debt),Cyprus,CY,2021-04-01,0
CY,2021-05-01,2021,5,8.3,96.5,92.3,4.200000000000003,27850,10.23458824535543,96.8,5.2113493122068295,11.715638594289251,NA,0,0,0,0,0,NA,-14,Control (Low-Debt),Cyprus,CY,2021-05-01,0
CY,2021-06-01,2021,6,8,96.5,92.3,4.200000000000003,27850,10.23458824535543,96.8,5.2113493122068295,11.715638594289251,NA,0,0,0,0,0,NA,-13,Control (Low-Debt),Cyprus,CY,2021-06-01,0
CY,2021-07-01,2021,7,6.9,96.5,92.3,4.200000000000003,27850,10.23458824535543,96.8,5.2113493122068295,11.715638594289251,NA,0,0,0,0,0,NA,-12,Control (Low-Debt),Cyprus,CY,2021-07-01,0
CY,2021-08-01,2021,8,6.7,96.5,92.3,4.200000000000003,27850,10.23458824535543,96.8,5.2113493122068295,11.715638594289251,NA,0,0,0,0,0,NA,-11,Control (Low-Debt),Cyprus,CY,2021-08-01,0
CY,2021-09-01,2021,9,6.3,96.5,92.3,4.200000000000003,27850,10.23458824535543,96.8,5.2113493122068295,11.715638594289251,NA,0,0,0,0,0,NA,-10,Control (Low-Debt),Cyprus,CY,2021-09-01,0
CY,2021-10-01,2021,10,6.5,96.5,92.3,4.200000000000003,27850,10.23458824535543,96.8,5.2113493122068295,11.715638594289251,NA,0,0,0,0,0,NA,-9,Control (Low-Debt),Cyprus,CY,2021-10-01,0
CY,2021-11-01,2021,11,6.2,96.5,92.3,4.200000000000003,27850,10.23458824535543,96.8,5.2113493122068295,11.715638594289251,NA,0,0,0,0,0,NA,-8,Control (Low-Debt),Cyprus,CY,2021-11-01,0
CY,2021-12-01,2021,12,6.1,96.5,92.3,4.200000000000003,27850,10.23458824535543,96.8,5.2113493122068295,11.715638594289251,NA,0,0,0,0,0,NA,-7,Control (Low-Debt),Cyprus,CY,2021-12-01,0
CY,2022-01-01,2022,1,5.8,96.5,92.3,4.200000000000003,31560,10.35964577495981,100.6,5.2113493122068295,11.715638594289251,NA,0,0,0,0,0,NA,-6,Control (Low-Debt),Cyprus,CY,2022-01-01,0
CY,2022-02-01,2022,2,5.8,96.5,92.3,4.200000000000003,31560,10.35964577495981,100.6,5.2113493122068295,11.715638594289251,NA,0,0,0,1,0,NA,-5,Control (Low-Debt),Cyprus,CY,2022-02-01,0
CY,2022-03-01,2022,3,5.9,96.5,92.3,4.200000000000003,31560,10.35964577495981,100.6,5.2113493122068295,11.715638594289251,NA,0,0,0,1,0,NA,-4,Control (Low-Debt),Cyprus,CY,2022-03-01,0
CY,2022-04-01,2022,4,6.4,96.5,92.3,4.200000000000003,31560,10.35964577495981,100.6,5.2113493122068295,11.715638594289251,NA,0,0,0,1,0,NA,-3,Control (Low-Debt),Cyprus,CY,2022-04-01,0
CY,2022-05-01,2022,5,6.4,96.5,92.3,4.200000000000003,31560,10.35964577495981,100.6,5.2113493122068295,11.715638594289251,NA,0,0,0,1,0,NA,-2,Control (Low-Debt),Cyprus,CY,2022-05-01,0
CY,2022-06-01,2022,6,6.5,96.5,92.3,4.200000000000003,31560,10.35964577495981,100.6,5.2113493122068295,11.715638594289251,NA,0,0,0,1,0,NA,-1,Control (Low-Debt),Cyprus,CY,2022-06-01,0
CY,2022-07-01,2022,7,6.4,96.5,92.3,4.200000000000003,31560,10.35964577495981,100.6,5.2113493122068295,11.715638594289251,NA,0,0,1,1,0,NA,0,Control (Low-Debt),Cyprus,CY,2022-07-01,0
CY,2022-08-01,2022,8,6.3,96.5,92.3,4.200000000000003,31560,10.35964577495981,100.6,5.2113493122068295,11.715638594289251,NA,0.5,0,1,1,0,NA,1,Control (Low-Debt),Cyprus,CY,2022-08-01,0
CY,2022-09-01,2022,9,6.3,96.5,92.3,4.200000000000003,31560,10.35964577495981,100.6,5.2113493122068295,11.715638594289251,NA,0.5,0,1,1,0,NA,2,Control (Low-Debt),Cyprus,CY,2022-09-01,0
CY,2022-10-01,2022,10,6.4,96.5,92.3,4.200000000000003,31560,10.35964577495981,100.6,5.2113493122068295,11.715638594289251,NA,1.25,0,1,1,0,NA,3,Control (Low-Debt),Cyprus,CY,2022-10-01,0
CY,2022-11-01,2022,11,6.6,96.5,92.3,4.200000000000003,31560,10.35964577495981,100.6,5.2113493122068295,11.715638594289251,NA,2,0,1,1,0,NA,4,Control (Low-Debt),Cyprus,CY,2022-11-01,0
CY,2022-12-01,2022,12,6.5,96.5,92.3,4.200000000000003,31560,10.35964577495981,100.6,5.2113493122068295,11.715638594289251,NA,2,0,1,1,0,NA,5,Control (Low-Debt),Cyprus,CY,2022-12-01,0
CY,2023-01-01,2023,1,6.3,96.5,92.3,4.200000000000003,33870,10.430284945811817,104,5.2113493122068295,11.715638594289251,NA,2.5,0,1,1,0,NA,6,Control (Low-Debt),Cyprus,CY,2023-01-01,0
CY,2023-02-01,2023,2,6.3,96.5,92.3,4.200000000000003,33870,10.430284945811817,104,5.2113493122068295,11.715638594289251,NA,2.5,0,1,1,0,NA,7,Control (Low-Debt),Cyprus,CY,2023-02-01,0
CY,2023-03-01,2023,3,6,96.5,92.3,4.200000000000003,33870,10.430284945811817,104,5.2113493122068295,11.715638594289251,NA,3,0,1,1,0,NA,8,Control (Low-Debt),Cyprus,CY,2023-03-01,0
CY,2023-04-01,2023,4,5.9,96.5,92.3,4.200000000000003,33870,10.430284945811817,104,5.2113493122068295,11.715638594289251,NA,3,0,1,1,0,NA,9,Control (Low-Debt),Cyprus,CY,2023-04-01,0
CY,2023-05-01,2023,5,5.9,96.5,92.3,4.200000000000003,33870,10.430284945811817,104,5.2113493122068295,11.715638594289251,NA,3,0,1,1,0,NA,10,Control (Low-Debt),Cyprus,CY,2023-05-01,0
CY,2023-06-01,2023,6,5.8,96.5,92.3,4.200000000000003,33870,10.430284945811817,104,5.2113493122068295,11.715638594289251,NA,3.75,0,1,1,0,NA,11,Control (Low-Debt),Cyprus,CY,2023-06-01,0
CY,2023-07-01,2023,7,5.8,96.5,92.3,4.200000000000003,33870,10.430284945811817,104,5.2113493122068295,11.715638594289251,NA,4,0,1,1,0,NA,12,Control (Low-Debt),Cyprus,CY,2023-07-01,0
CY,2023-08-01,2023,8,5.8,96.5,92.3,4.200000000000003,33870,10.430284945811817,104,5.2113493122068295,11.715638594289251,NA,4,0,1,1,0,NA,13,Control (Low-Debt),Cyprus,CY,2023-08-01,0
CY,2023-09-01,2023,9,5.7,96.5,92.3,4.200000000000003,33870,10.430284945811817,104,5.2113493122068295,11.715638594289251,NA,4.25,0,1,1,0,NA,14,Control (Low-Debt),Cyprus,CY,2023-09-01,0
CY,2023-10-01,2023,10,5.7,96.5,92.3,4.200000000000003,33870,10.430284945811817,104,5.2113493122068295,11.715638594289251,NA,4.5,0,1,1,0,NA,15,Control (Low-Debt),Cyprus,CY,2023-10-01,0
CY,2023-11-01,2023,11,5.6,96.5,92.3,4.200000000000003,33870,10.430284945811817,104,5.2113493122068295,11.715638594289251,NA,4.5,0,1,1,0,NA,16,Control (Low-Debt),Cyprus,CY,2023-11-01,0
CY,2023-12-01,2023,12,5.5,96.5,92.3,4.200000000000003,33870,10.430284945811817,104,5.2113493122068295,11.715638594289251,NA,4.5,0,1,1,0,NA,17,Control (Low-Debt),Cyprus,CY,2023-12-01,0
CY,2024-01-01,2024,1,5.5,96.5,92.3,4.200000000000003,35670,10.482065278352938,105.8,5.2113493122068295,11.715638594289251,NA,4.5,0,1,1,0,NA,18,Control (Low-Debt),Cyprus,CY,2024-01-01,0
CY,2024-02-01,2024,2,5.3,96.5,92.3,4.200000000000003,35670,10.482065278352938,105.8,5.2113493122068295,11.715638594289251,NA,4.5,0,1,1,0,NA,19,Control (Low-Debt),Cyprus,CY,2024-02-01,0
CY,2024-03-01,2024,3,5.1,96.5,92.3,4.200000000000003,35670,10.482065278352938,105.8,5.2113493122068295,11.715638594289251,NA,4.5,0,1,1,0,NA,20,Control (Low-Debt),Cyprus,CY,2024-03-01,0
CY,2024-04-01,2024,4,4.9,96.5,92.3,4.200000000000003,35670,10.482065278352938,105.8,5.2113493122068295,11.715638594289251,NA,4.5,0,1,1,0,NA,21,Control (Low-Debt),Cyprus,CY,2024-04-01,0
CY,2024-05-01,2024,5,4.7,96.5,92.3,4.200000000000003,35670,10.482065278352938,105.8,5.2113493122068295,11.715638594289251,NA,4.5,0,1,1,0,NA,22,Control (Low-Debt),Cyprus,CY,2024-05-01,0
CY,2024-06-01,2024,6,4.8,96.5,92.3,4.200000000000003,35670,10.482065278352938,105.8,5.2113493122068295,11.715638594289251,NA,4.5,0,1,1,0,NA,23,Control (Low-Debt),Cyprus,CY,2024-06-01,0
CY,2024-07-01,2024,7,4.8,96.5,92.3,4.200000000000003,35670,10.482065278352938,105.8,5.2113493122068295,11.715638594289251,NA,4.25,0,1,1,0,NA,24,Control (Low-Debt),Cyprus,CY,2024-07-01,0
CY,2024-08-01,2024,8,4.7,96.5,92.3,4.200000000000003,35670,10.482065278352938,105.8,5.2113493122068295,11.715638594289251,NA,4.25,0,1,1,0,NA,25,Control (Low-Debt),Cyprus,CY,2024-08-01,0
CY,2024-09-01,2024,9,4.7,96.5,92.3,4.200000000000003,35670,10.482065278352938,105.8,5.2113493122068295,11.715638594289251,NA,4.25,0,1,1,0,NA,26,Control (Low-Debt),Cyprus,CY,2024-09-01,0
CY,2024-10-01,2024,10,4.8,96.5,92.3,4.200000000000003,35670,10.482065278352938,105.8,5.2113493122068295,11.715638594289251,NA,3.65,0,1,1,0,NA,27,Control (Low-Debt),Cyprus,CY,2024-10-01,0
CY,2024-11-01,2024,11,4.7,96.5,92.3,4.200000000000003,35670,10.482065278352938,105.8,5.2113493122068295,11.715638594289251,NA,3.4,0,1,1,0,NA,28,Control (Low-Debt),Cyprus,CY,2024-11-01,0
CY,2024-12-01,2024,12,4.7,96.5,92.3,4.200000000000003,35670,10.482065278352938,105.8,5.2113493122068295,11.715638594289251,NA,3.4,0,1,1,0,NA,29,Control (Low-Debt),Cyprus,CY,2024-12-01,0
DE,2018-01-01,2018,1,3.3,67.9,58.7,9.200000000000003,41800,10.640651618512848,234.7,1.416983092369917,10.317984452757138,57.268032378020216,0,0,0,0,0,0,-54,Control (Low-Debt),Germany,DE,2018-01-01,0.221103157231543
DE,2018-02-01,2018,2,3.3,67.9,58.7,9.200000000000003,41800,10.640651618512848,234.7,1.416983092369917,10.317984452757138,57.268032378020216,0,0,0,0,0,0,-53,Control (Low-Debt),Germany,DE,2018-02-01,0.221103157231543
DE,2018-03-01,2018,3,3.3,67.9,58.7,9.200000000000003,41800,10.640651618512848,234.7,1.416983092369917,10.317984452757138,57.268032378020216,0,0,0,0,0,0,-52,Control (Low-Debt),Germany,DE,2018-03-01,0.221103157231543
DE,2018-04-01,2018,4,3.2,67.9,58.7,9.200000000000003,41800,10.640651618512848,234.7,1.416983092369917,10.317984452757138,57.268032378020216,0,0,0,0,0,0,-51,Control (Low-Debt),Germany,DE,2018-04-01,0.221103157231543
DE,2018-05-01,2018,5,3.2,67.9,58.7,9.200000000000003,41800,10.640651618512848,234.7,1.416983092369917,10.317984452757138,57.268032378020216,0,0,0,0,0,0,-50,Control (Low-Debt),Germany,DE,2018-05-01,0.221103157231543
DE,2018-06-01,2018,6,3.2,67.9,58.7,9.200000000000003,41800,10.640651618512848,234.7,1.416983092369917,10.317984452757138,57.268032378020216,0,0,0,0,0,0,-49,Control (Low-Debt),Germany,DE,2018-06-01,0.221103157231543
DE,2018-07-01,2018,7,3.2,67.9,58.7,9.200000000000003,41800,10.640651618512848,234.7,1.416983092369917,10.317984452757138,57.268032378020216,0,0,0,0,0,0,-48,Control (Low-Debt),Germany,DE,2018-07-01,0.221103157231543
DE,2018-08-01,2018,8,3.2,67.9,58.7,9.200000000000003,41800,10.640651618512848,234.7,1.416983092369917,10.317984452757138,57.268032378020216,0,0,0,0,0,0,-47,Control (Low-Debt),Germany,DE,2018-08-01,0.221103157231543
DE,2018-09-01,2018,9,3.1,67.9,58.7,9.200000000000003,41800,10.640651618512848,234.7,1.416983092369917,10.317984452757138,57.268032378020216,0,0,0,0,0,0,-46,Control (Low-Debt),Germany,DE,2018-09-01,0.221103157231543
DE,2018-10-01,2018,10,3.1,67.9,58.7,9.200000000000003,41800,10.640651618512848,234.7,1.416983092369917,10.317984452757138,57.268032378020216,0,0,0,0,0,0,-45,Control (Low-Debt),Germany,DE,2018-10-01,0.221103157231543
DE,2018-11-01,2018,11,3.1,67.9,58.7,9.200000000000003,41800,10.640651618512848,234.7,1.416983092369917,10.317984452757138,57.268032378020216,0,0,0,0,0,0,-44,Control (Low-Debt),Germany,DE,2018-11-01,0.221103157231543
DE,2018-12-01,2018,12,3.1,67.9,58.7,9.200000000000003,41800,10.640651618512848,234.7,1.416983092369917,10.317984452757138,57.268032378020216,0,0,0,0,0,0,-43,Control (Low-Debt),Germany,DE,2018-12-01,0.221103157231543
DE,2019-01-01,2019,1,3,67.9,58.7,9.200000000000003,43030,10.669652825832646,235.2,1.416983092369917,10.317984452757138,57.268032378020216,0,0,0,0,0,0,-42,Control (Low-Debt),Germany,DE,2019-01-01,0.221103157231543
DE,2019-02-01,2019,2,3,67.9,58.7,9.200000000000003,43030,10.669652825832646,235.2,1.416983092369917,10.317984452757138,57.268032378020216,0,0,0,0,0,0,-41,Control (Low-Debt),Germany,DE,2019-02-01,0.221103157231543
DE,2019-03-01,2019,3,3,67.9,58.7,9.200000000000003,43030,10.669652825832646,235.2,1.416983092369917,10.317984452757138,57.268032378020216,0,0,0,0,0,0,-40,Control (Low-Debt),Germany,DE,2019-03-01,0.221103157231543
DE,2019-04-01,2019,4,2.9,67.9,58.7,9.200000000000003,43030,10.669652825832646,235.2,1.416983092369917,10.317984452757138,57.268032378020216,0,0,0,0,0,0,-39,Control (Low-Debt),Germany,DE,2019-04-01,0.221103157231543
DE,2019-05-01,2019,5,2.9,67.9,58.7,9.200000000000003,43030,10.669652825832646,235.2,1.416983092369917,10.317984452757138,57.268032378020216,0,0,0,0,0,0,-38,Control (Low-Debt),Germany,DE,2019-05-01,0.221103157231543
DE,2019-06-01,2019,6,2.9,67.9,58.7,9.200000000000003,43030,10.669652825832646,235.2,1.416983092369917,10.317984452757138,57.268032378020216,0,0,0,0,0,0,-37,Control (Low-Debt),Germany,DE,2019-06-01,0.221103157231543
DE,2019-07-01,2019,7,2.9,67.9,58.7,9.200000000000003,43030,10.669652825832646,235.2,1.416983092369917,10.317984452757138,57.268032378020216,0,0,0,0,0,0,-36,Control (Low-Debt),Germany,DE,2019-07-01,0.221103157231543
DE,2019-08-01,2019,8,2.9,67.9,58.7,9.200000000000003,43030,10.669652825832646,235.2,1.416983092369917,10.317984452757138,57.268032378020216,0,0,0,0,0,0,-35,Control (Low-Debt),Germany,DE,2019-08-01,0.221103157231543
DE,2019-09-01,2019,9,2.9,67.9,58.7,9.200000000000003,43030,10.669652825832646,235.2,1.416983092369917,10.317984452757138,57.268032378020216,0,0,0,0,0,0,-34,Control (Low-Debt),Germany,DE,2019-09-01,0.221103157231543
DE,2019-10-01,2019,10,2.9,67.9,58.7,9.200000000000003,43030,10.669652825832646,235.2,1.416983092369917,10.317984452757138,57.268032378020216,0,0,0,0,0,0,-33,Control (Low-Debt),Germany,DE,2019-10-01,0.221103157231543
DE,2019-11-01,2019,11,3,67.9,58.7,9.200000000000003,43030,10.669652825832646,235.2,1.416983092369917,10.317984452757138,57.268032378020216,0,0,0,0,0,0,-32,Control (Low-Debt),Germany,DE,2019-11-01,0.221103157231543
DE,2019-12-01,2019,12,3.1,67.9,58.7,9.200000000000003,43030,10.669652825832646,235.2,1.416983092369917,10.317984452757138,57.268032378020216,0,0,0,0,0,0,-31,Control (Low-Debt),Germany,DE,2019-12-01,0.221103157231543
DE,2020-01-01,2020,1,3.2,67.9,58.7,9.200000000000003,42020,10.645900974398991,235.2,1.416983092369917,10.317984452757138,57.268032378020216,0,0,0,0,0,0,-30,Control (Low-Debt),Germany,DE,2020-01-01,0.221103157231543
DE,2020-02-01,2020,2,3.3,67.9,58.7,9.200000000000003,42020,10.645900974398991,235.2,1.416983092369917,10.317984452757138,57.268032378020216,0,0,0,0,0,0,-29,Control (Low-Debt),Germany,DE,2020-02-01,0.221103157231543
DE,2020-03-01,2020,3,3.4,67.9,58.7,9.200000000000003,42020,10.645900974398991,235.2,1.416983092369917,10.317984452757138,57.268032378020216,0,0,0,0,0,0,-28,Control (Low-Debt),Germany,DE,2020-03-01,0.221103157231543
DE,2020-04-01,2020,4,3.5,67.9,58.7,9.200000000000003,42020,10.645900974398991,235.2,1.416983092369917,10.317984452757138,57.268032378020216,0,0,0,0,0,0,-27,Control (Low-Debt),Germany,DE,2020-04-01,0.221103157231543
DE,2020-05-01,2020,5,3.7,67.9,58.7,9.200000000000003,42020,10.645900974398991,235.2,1.416983092369917,10.317984452757138,57.268032378020216,0,0,0,0,0,0,-26,Control (Low-Debt),Germany,DE,2020-05-01,0.221103157231543
DE,2020-06-01,2020,6,3.8,67.9,58.7,9.200000000000003,42020,10.645900974398991,235.2,1.416983092369917,10.317984452757138,57.268032378020216,0,0,0,0,0,0,-25,Control (Low-Debt),Germany,DE,2020-06-01,0.221103157231543
DE,2020-07-01,2020,7,3.8,67.9,58.7,9.200000000000003,42020,10.645900974398991,235.2,1.416983092369917,10.317984452757138,57.268032378020216,0,0,0,0,0,0,-24,Control (Low-Debt),Germany,DE,2020-07-01,0.221103157231543
DE,2020-08-01,2020,8,3.9,67.9,58.7,9.200000000000003,42020,10.645900974398991,235.2,1.416983092369917,10.317984452757138,57.268032378020216,0,0,0,0,0,0,-23,Control (Low-Debt),Germany,DE,2020-08-01,0.221103157231543
DE,2020-09-01,2020,9,3.8,67.9,58.7,9.200000000000003,42020,10.645900974398991,235.2,1.416983092369917,10.317984452757138,57.268032378020216,0,0,0,0,0,0,-22,Control (Low-Debt),Germany,DE,2020-09-01,0.221103157231543
DE,2020-10-01,2020,10,3.8,67.9,58.7,9.200000000000003,42020,10.645900974398991,235.2,1.416983092369917,10.317984452757138,57.268032378020216,0,0,0,0,0,0,-21,Control (Low-Debt),Germany,DE,2020-10-01,0.221103157231543
DE,2020-11-01,2020,11,3.8,67.9,58.7,9.200000000000003,42020,10.645900974398991,235.2,1.416983092369917,10.317984452757138,57.268032378020216,0,0,0,0,0,0,-20,Control (Low-Debt),Germany,DE,2020-11-01,0.221103157231543
DE,2020-12-01,2020,12,3.8,67.9,58.7,9.200000000000003,42020,10.645900974398991,235.2,1.416983092369917,10.317984452757138,57.268032378020216,0,0,0,0,0,0,-19,Control (Low-Debt),Germany,DE,2020-12-01,0.221103157231543
DE,2021-01-01,2021,1,3.9,67.9,58.7,9.200000000000003,44910,10.712415766081783,235.4,1.416983092369917,10.317984452757138,57.268032378020216,0,0,0,0,0,0,-18,Control (Low-Debt),Germany,DE,2021-01-01,0.221103157231543
DE,2021-02-01,2021,2,3.9,67.9,58.7,9.200000000000003,44910,10.712415766081783,235.4,1.416983092369917,10.317984452757138,57.268032378020216,0,0,0,0,0,0,-17,Control (Low-Debt),Germany,DE,2021-02-01,0.221103157231543
DE,2021-03-01,2021,3,3.9,67.9,58.7,9.200000000000003,44910,10.712415766081783,235.4,1.416983092369917,10.317984452757138,57.268032378020216,0,0,0,0,0,0,-16,Control (Low-Debt),Germany,DE,2021-03-01,0.221103157231543
DE,2021-04-01,2021,4,3.8,67.9,58.7,9.200000000000003,44910,10.712415766081783,235.4,1.416983092369917,10.317984452757138,57.268032378020216,0,0,0,0,0,0,-15,Control (Low-Debt),Germany,DE,2021-04-01,0.221103157231543
DE,2021-05-01,2021,5,3.7,67.9,58.7,9.200000000000003,44910,10.712415766081783,235.4,1.416983092369917,10.317984452757138,57.268032378020216,0,0,0,0,0,0,-14,Control (Low-Debt),Germany,DE,2021-05-01,0.221103157231543
DE,2021-06-01,2021,6,3.6,67.9,58.7,9.200000000000003,44910,10.712415766081783,235.4,1.416983092369917,10.317984452757138,57.268032378020216,0,0,0,0,0,0,-13,Control (Low-Debt),Germany,DE,2021-06-01,0.221103157231543
DE,2021-07-01,2021,7,3.5,67.9,58.7,9.200000000000003,44910,10.712415766081783,235.4,1.416983092369917,10.317984452757138,57.268032378020216,0,0,0,0,0,0,-12,Control (Low-Debt),Germany,DE,2021-07-01,0.221103157231543
DE,2021-08-01,2021,8,3.4,67.9,58.7,9.200000000000003,44910,10.712415766081783,235.4,1.416983092369917,10.317984452757138,57.268032378020216,0,0,0,0,0,0,-11,Control (Low-Debt),Germany,DE,2021-08-01,0.221103157231543
DE,2021-09-01,2021,9,3.4,67.9,58.7,9.200000000000003,44910,10.712415766081783,235.4,1.416983092369917,10.317984452757138,57.268032378020216,0,0,0,0,0,0,-10,Control (Low-Debt),Germany,DE,2021-09-01,0.221103157231543
DE,2021-10-01,2021,10,3.4,67.9,58.7,9.200000000000003,44910,10.712415766081783,235.4,1.416983092369917,10.317984452757138,57.268032378020216,0,0,0,0,0,0,-9,Control (Low-Debt),Germany,DE,2021-10-01,0.221103157231543
DE,2021-11-01,2021,11,3.4,67.9,58.7,9.200000000000003,44910,10.712415766081783,235.4,1.416983092369917,10.317984452757138,57.268032378020216,0,0,0,0,0,0,-8,Control (Low-Debt),Germany,DE,2021-11-01,0.221103157231543
DE,2021-12-01,2021,12,3.4,67.9,58.7,9.200000000000003,44910,10.712415766081783,235.4,1.416983092369917,10.317984452757138,57.268032378020216,0,0,0,0,0,0,-7,Control (Low-Debt),Germany,DE,2021-12-01,0.221103157231543
DE,2022-01-01,2022,1,3.3,67.9,58.7,9.200000000000003,48340,10.786014654257475,235.4,1.416983092369917,10.317984452757138,57.268032378020216,0,0,0,0,0,0,-6,Control (Low-Debt),Germany,DE,2022-01-01,0.221103157231543
DE,2022-02-01,2022,2,3.2,67.9,58.7,9.200000000000003,48340,10.786014654257475,235.4,1.416983092369917,10.317984452757138,57.268032378020216,0,0,0,1,0,57.268032378020216,-5,Control (Low-Debt),Germany,DE,2022-02-01,0.221103157231543
DE,2022-03-01,2022,3,3.2,67.9,58.7,9.200000000000003,48340,10.786014654257475,235.4,1.416983092369917,10.317984452757138,57.268032378020216,0,0,0,1,0,57.268032378020216,-4,Control (Low-Debt),Germany,DE,2022-03-01,0.221103157231543
DE,2022-04-01,2022,4,3.1,67.9,58.7,9.200000000000003,48340,10.786014654257475,235.4,1.416983092369917,10.317984452757138,57.268032378020216,0,0,0,1,0,57.268032378020216,-3,Control (Low-Debt),Germany,DE,2022-04-01,0.221103157231543
DE,2022-05-01,2022,5,3.1,67.9,58.7,9.200000000000003,48340,10.786014654257475,235.4,1.416983092369917,10.317984452757138,57.268032378020216,0,0,0,1,0,57.268032378020216,-2,Control (Low-Debt),Germany,DE,2022-05-01,0.221103157231543
DE,2022-06-01,2022,6,3.1,67.9,58.7,9.200000000000003,48340,10.786014654257475,235.4,1.416983092369917,10.317984452757138,57.268032378020216,0,0,0,1,0,57.268032378020216,-1,Control (Low-Debt),Germany,DE,2022-06-01,0.221103157231543
DE,2022-07-01,2022,7,3.1,67.9,58.7,9.200000000000003,48340,10.786014654257475,235.4,1.416983092369917,10.317984452757138,57.268032378020216,0,0,1,1,0,57.268032378020216,0,Control (Low-Debt),Germany,DE,2022-07-01,0.221103157231543
DE,2022-08-01,2022,8,3.1,67.9,58.7,9.200000000000003,48340,10.786014654257475,235.4,1.416983092369917,10.317984452757138,57.268032378020216,0.5,0,1,1,0,57.268032378020216,1,Control (Low-Debt),Germany,DE,2022-08-01,0.221103157231543
DE,2022-09-01,2022,9,3.2,67.9,58.7,9.200000000000003,48340,10.786014654257475,235.4,1.416983092369917,10.317984452757138,57.268032378020216,0.5,0,1,1,0,57.268032378020216,2,Control (Low-Debt),Germany,DE,2022-09-01,0.221103157231543
DE,2022-10-01,2022,10,3.1,67.9,58.7,9.200000000000003,48340,10.786014654257475,235.4,1.416983092369917,10.317984452757138,57.268032378020216,1.25,0,1,1,0,57.268032378020216,3,Control (Low-Debt),Germany,DE,2022-10-01,0.221103157231543
DE,2022-11-01,2022,11,3.1,67.9,58.7,9.200000000000003,48340,10.786014654257475,235.4,1.416983092369917,10.317984452757138,57.268032378020216,2,0,1,1,0,57.268032378020216,4,Control (Low-Debt),Germany,DE,2022-11-01,0.221103157231543
DE,2022-12-01,2022,12,3.1,67.9,58.7,9.200000000000003,48340,10.786014654257475,235.4,1.416983092369917,10.317984452757138,57.268032378020216,2,0,1,1,0,57.268032378020216,5,Control (Low-Debt),Germany,DE,2022-12-01,0.221103157231543
DE,2023-01-01,2023,1,3,67.9,58.7,9.200000000000003,50660,10.832891923555666,235.8,1.416983092369917,10.317984452757138,57.268032378020216,2.5,0,1,1,0,57.268032378020216,6,Control (Low-Debt),Germany,DE,2023-01-01,0.221103157231543
DE,2023-02-01,2023,2,3,67.9,58.7,9.200000000000003,50660,10.832891923555666,235.8,1.416983092369917,10.317984452757138,57.268032378020216,2.5,0,1,1,0,57.268032378020216,7,Control (Low-Debt),Germany,DE,2023-02-01,0.221103157231543
DE,2023-03-01,2023,3,3,67.9,58.7,9.200000000000003,50660,10.832891923555666,235.8,1.416983092369917,10.317984452757138,57.268032378020216,3,0,1,1,0,57.268032378020216,8,Control (Low-Debt),Germany,DE,2023-03-01,0.221103157231543
DE,2023-04-01,2023,4,3,67.9,58.7,9.200000000000003,50660,10.832891923555666,235.8,1.416983092369917,10.317984452757138,57.268032378020216,3,0,1,1,0,57.268032378020216,9,Control (Low-Debt),Germany,DE,2023-04-01,0.221103157231543
DE,2023-05-01,2023,5,3,67.9,58.7,9.200000000000003,50660,10.832891923555666,235.8,1.416983092369917,10.317984452757138,57.268032378020216,3,0,1,1,0,57.268032378020216,10,Control (Low-Debt),Germany,DE,2023-05-01,0.221103157231543
DE,2023-06-01,2023,6,3,67.9,58.7,9.200000000000003,50660,10.832891923555666,235.8,1.416983092369917,10.317984452757138,57.268032378020216,3.75,0,1,1,0,57.268032378020216,11,Control (Low-Debt),Germany,DE,2023-06-01,0.221103157231543
DE,2023-07-01,2023,7,3.1,67.9,58.7,9.200000000000003,50660,10.832891923555666,235.8,1.416983092369917,10.317984452757138,57.268032378020216,4,0,1,1,0,57.268032378020216,12,Control (Low-Debt),Germany,DE,2023-07-01,0.221103157231543
DE,2023-08-01,2023,8,3.1,67.9,58.7,9.200000000000003,50660,10.832891923555666,235.8,1.416983092369917,10.317984452757138,57.268032378020216,4,0,1,1,0,57.268032378020216,13,Control (Low-Debt),Germany,DE,2023-08-01,0.221103157231543
DE,2023-09-01,2023,9,3.1,67.9,58.7,9.200000000000003,50660,10.832891923555666,235.8,1.416983092369917,10.317984452757138,57.268032378020216,4.25,0,1,1,0,57.268032378020216,14,Control (Low-Debt),Germany,DE,2023-09-01,0.221103157231543
DE,2023-10-01,2023,10,3.1,67.9,58.7,9.200000000000003,50660,10.832891923555666,235.8,1.416983092369917,10.317984452757138,57.268032378020216,4.5,0,1,1,0,57.268032378020216,15,Control (Low-Debt),Germany,DE,2023-10-01,0.221103157231543
DE,2023-11-01,2023,11,3.2,67.9,58.7,9.200000000000003,50660,10.832891923555666,235.8,1.416983092369917,10.317984452757138,57.268032378020216,4.5,0,1,1,0,57.268032378020216,16,Control (Low-Debt),Germany,DE,2023-11-01,0.221103157231543
DE,2023-12-01,2023,12,3.2,67.9,58.7,9.200000000000003,50660,10.832891923555666,235.8,1.416983092369917,10.317984452757138,57.268032378020216,4.5,0,1,1,0,57.268032378020216,17,Control (Low-Debt),Germany,DE,2023-12-01,0.221103157231543
DE,2024-01-01,2024,1,3.2,67.9,58.7,9.200000000000003,51830,10.855724411183752,236.4,1.416983092369917,10.317984452757138,57.268032378020216,4.5,0,1,1,0,57.268032378020216,18,Control (Low-Debt),Germany,DE,2024-01-01,0.221103157231543
DE,2024-02-01,2024,2,3.2,67.9,58.7,9.200000000000003,51830,10.855724411183752,236.4,1.416983092369917,10.317984452757138,57.268032378020216,4.5,0,1,1,0,57.268032378020216,19,Control (Low-Debt),Germany,DE,2024-02-01,0.221103157231543
DE,2024-03-01,2024,3,3.3,67.9,58.7,9.200000000000003,51830,10.855724411183752,236.4,1.416983092369917,10.317984452757138,57.268032378020216,4.5,0,1,1,0,57.268032378020216,20,Control (Low-Debt),Germany,DE,2024-03-01,0.221103157231543
DE,2024-04-01,2024,4,3.3,67.9,58.7,9.200000000000003,51830,10.855724411183752,236.4,1.416983092369917,10.317984452757138,57.268032378020216,4.5,0,1,1,0,57.268032378020216,21,Control (Low-Debt),Germany,DE,2024-04-01,0.221103157231543
DE,2024-05-01,2024,5,3.4,67.9,58.7,9.200000000000003,51830,10.855724411183752,236.4,1.416983092369917,10.317984452757138,57.268032378020216,4.5,0,1,1,0,57.268032378020216,22,Control (Low-Debt),Germany,DE,2024-05-01,0.221103157231543
DE,2024-06-01,2024,6,3.4,67.9,58.7,9.200000000000003,51830,10.855724411183752,236.4,1.416983092369917,10.317984452757138,57.268032378020216,4.5,0,1,1,0,57.268032378020216,23,Control (Low-Debt),Germany,DE,2024-06-01,0.221103157231543
DE,2024-07-01,2024,7,3.4,67.9,58.7,9.200000000000003,51830,10.855724411183752,236.4,1.416983092369917,10.317984452757138,57.268032378020216,4.25,0,1,1,0,57.268032378020216,24,Control (Low-Debt),Germany,DE,2024-07-01,0.221103157231543
DE,2024-08-01,2024,8,3.4,67.9,58.7,9.200000000000003,51830,10.855724411183752,236.4,1.416983092369917,10.317984452757138,57.268032378020216,4.25,0,1,1,0,57.268032378020216,25,Control (Low-Debt),Germany,DE,2024-08-01,0.221103157231543
DE,2024-09-01,2024,9,3.4,67.9,58.7,9.200000000000003,51830,10.855724411183752,236.4,1.416983092369917,10.317984452757138,57.268032378020216,4.25,0,1,1,0,57.268032378020216,26,Control (Low-Debt),Germany,DE,2024-09-01,0.221103157231543
DE,2024-10-01,2024,10,3.4,67.9,58.7,9.200000000000003,51830,10.855724411183752,236.4,1.416983092369917,10.317984452757138,57.268032378020216,3.65,0,1,1,0,57.268032378020216,27,Control (Low-Debt),Germany,DE,2024-10-01,0.221103157231543
DE,2024-11-01,2024,11,3.4,67.9,58.7,9.200000000000003,51830,10.855724411183752,236.4,1.416983092369917,10.317984452757138,57.268032378020216,3.4,0,1,1,0,57.268032378020216,28,Control (Low-Debt),Germany,DE,2024-11-01,0.221103157231543
DE,2024-12-01,2024,12,3.5,67.9,58.7,9.200000000000003,51830,10.855724411183752,236.4,1.416983092369917,10.317984452757138,57.268032378020216,3.4,0,1,1,0,57.268032378020216,29,Control (Low-Debt),Germany,DE,2024-12-01,0.221103157231543
EE,2018-01-01,2018,1,6.7,18.4,9,9.399999999999999,20040,9.905485555198801,30.4,1.5999409282673556,9.532245588860343,NA,0,0,0,0,0,NA,-54,Control (Low-Debt),Estonia,EE,2018-01-01,0
EE,2018-02-01,2018,2,6.7,18.4,9,9.399999999999999,20040,9.905485555198801,30.4,1.5999409282673556,9.532245588860343,NA,0,0,0,0,0,NA,-53,Control (Low-Debt),Estonia,EE,2018-02-01,0
EE,2018-03-01,2018,3,6,18.4,9,9.399999999999999,20040,9.905485555198801,30.4,1.5999409282673556,9.532245588860343,NA,0,0,0,0,0,NA,-52,Control (Low-Debt),Estonia,EE,2018-03-01,0
EE,2018-04-01,2018,4,5.2,18.4,9,9.399999999999999,20040,9.905485555198801,30.4,1.5999409282673556,9.532245588860343,NA,0,0,0,0,0,NA,-51,Control (Low-Debt),Estonia,EE,2018-04-01,0
EE,2018-05-01,2018,5,5.1,18.4,9,9.399999999999999,20040,9.905485555198801,30.4,1.5999409282673556,9.532245588860343,NA,0,0,0,0,0,NA,-50,Control (Low-Debt),Estonia,EE,2018-05-01,0
EE,2018-06-01,2018,6,5.1,18.4,9,9.399999999999999,20040,9.905485555198801,30.4,1.5999409282673556,9.532245588860343,NA,0,0,0,0,0,NA,-49,Control (Low-Debt),Estonia,EE,2018-06-01,0
EE,2018-07-01,2018,7,5.3,18.4,9,9.399999999999999,20040,9.905485555198801,30.4,1.5999409282673556,9.532245588860343,NA,0,0,0,0,0,NA,-48,Control (Low-Debt),Estonia,EE,2018-07-01,0
EE,2018-08-01,2018,8,5.2,18.4,9,9.399999999999999,20040,9.905485555198801,30.4,1.5999409282673556,9.532245588860343,NA,0,0,0,0,0,NA,-47,Control (Low-Debt),Estonia,EE,2018-08-01,0
EE,2018-09-01,2018,9,5.5,18.4,9,9.399999999999999,20040,9.905485555198801,30.4,1.5999409282673556,9.532245588860343,NA,0,0,0,0,0,NA,-46,Control (Low-Debt),Estonia,EE,2018-09-01,0
EE,2018-10-01,2018,10,5.1,18.4,9,9.399999999999999,20040,9.905485555198801,30.4,1.5999409282673556,9.532245588860343,NA,0,0,0,0,0,NA,-45,Control (Low-Debt),Estonia,EE,2018-10-01,0
EE,2018-11-01,2018,11,4.5,18.4,9,9.399999999999999,20040,9.905485555198801,30.4,1.5999409282673556,9.532245588860343,NA,0,0,0,0,0,NA,-44,Control (Low-Debt),Estonia,EE,2018-11-01,0
EE,2018-12-01,2018,12,4.3,18.4,9,9.399999999999999,20040,9.905485555198801,30.4,1.5999409282673556,9.532245588860343,NA,0,0,0,0,0,NA,-43,Control (Low-Debt),Estonia,EE,2018-12-01,0
EE,2019-01-01,2019,1,4.4,18.4,9,9.399999999999999,21490,9.975342989636555,30.5,1.5999409282673556,9.532245588860343,NA,0,0,0,0,0,NA,-42,Control (Low-Debt),Estonia,EE,2019-01-01,0
EE,2019-02-01,2019,2,4.6,18.4,9,9.399999999999999,21490,9.975342989636555,30.5,1.5999409282673556,9.532245588860343,NA,0,0,0,0,0,NA,-41,Control (Low-Debt),Estonia,EE,2019-02-01,0
EE,2019-03-01,2019,3,4.7,18.4,9,9.399999999999999,21490,9.975342989636555,30.5,1.5999409282673556,9.532245588860343,NA,0,0,0,0,0,NA,-40,Control (Low-Debt),Estonia,EE,2019-03-01,0
EE,2019-04-01,2019,4,5,18.4,9,9.399999999999999,21490,9.975342989636555,30.5,1.5999409282673556,9.532245588860343,NA,0,0,0,0,0,NA,-39,Control (Low-Debt),Estonia,EE,2019-04-01,0
EE,2019-05-01,2019,5,5.1,18.4,9,9.399999999999999,21490,9.975342989636555,30.5,1.5999409282673556,9.532245588860343,NA,0,0,0,0,0,NA,-38,Control (Low-Debt),Estonia,EE,2019-05-01,0
EE,2019-06-01,2019,6,4.7,18.4,9,9.399999999999999,21490,9.975342989636555,30.5,1.5999409282673556,9.532245588860343,NA,0,0,0,0,0,NA,-37,Control (Low-Debt),Estonia,EE,2019-06-01,0
EE,2019-07-01,2019,7,4.2,18.4,9,9.399999999999999,21490,9.975342989636555,30.5,1.5999409282673556,9.532245588860343,NA,0,0,0,0,0,NA,-36,Control (Low-Debt),Estonia,EE,2019-07-01,0
EE,2019-08-01,2019,8,4,18.4,9,9.399999999999999,21490,9.975342989636555,30.5,1.5999409282673556,9.532245588860343,NA,0,0,0,0,0,NA,-35,Control (Low-Debt),Estonia,EE,2019-08-01,0
EE,2019-09-01,2019,9,4.3,18.4,9,9.399999999999999,21490,9.975342989636555,30.5,1.5999409282673556,9.532245588860343,NA,0,0,0,0,0,NA,-34,Control (Low-Debt),Estonia,EE,2019-09-01,0
EE,2019-10-01,2019,10,4.1,18.4,9,9.399999999999999,21490,9.975342989636555,30.5,1.5999409282673556,9.532245588860343,NA,0,0,0,0,0,NA,-33,Control (Low-Debt),Estonia,EE,2019-10-01,0
EE,2019-11-01,2019,11,4.2,18.4,9,9.399999999999999,21490,9.975342989636555,30.5,1.5999409282673556,9.532245588860343,NA,0,0,0,0,0,NA,-32,Control (Low-Debt),Estonia,EE,2019-11-01,0
EE,2019-12-01,2019,12,4.5,18.4,9,9.399999999999999,21490,9.975342989636555,30.5,1.5999409282673556,9.532245588860343,NA,0,0,0,0,0,NA,-31,Control (Low-Debt),Estonia,EE,2019-12-01,0
EE,2020-01-01,2020,1,5,18.4,9,9.399999999999999,20960,9.950371138434978,30.5,1.5999409282673556,9.532245588860343,NA,0,0,0,0,0,NA,-30,Control (Low-Debt),Estonia,EE,2020-01-01,0
EE,2020-02-01,2020,2,5.1,18.4,9,9.399999999999999,20960,9.950371138434978,30.5,1.5999409282673556,9.532245588860343,NA,0,0,0,0,0,NA,-29,Control (Low-Debt),Estonia,EE,2020-02-01,0
EE,2020-03-01,2020,3,5.4,18.4,9,9.399999999999999,20960,9.950371138434978,30.5,1.5999409282673556,9.532245588860343,NA,0,0,0,0,0,NA,-28,Control (Low-Debt),Estonia,EE,2020-03-01,0
EE,2020-04-01,2020,4,6.3,18.4,9,9.399999999999999,20960,9.950371138434978,30.5,1.5999409282673556,9.532245588860343,NA,0,0,0,0,0,NA,-27,Control (Low-Debt),Estonia,EE,2020-04-01,0
EE,2020-05-01,2020,5,7.2,18.4,9,9.399999999999999,20960,9.950371138434978,30.5,1.5999409282673556,9.532245588860343,NA,0,0,0,0,0,NA,-26,Control (Low-Debt),Estonia,EE,2020-05-01,0
EE,2020-06-01,2020,6,8,18.4,9,9.399999999999999,20960,9.950371138434978,30.5,1.5999409282673556,9.532245588860343,NA,0,0,0,0,0,NA,-25,Control (Low-Debt),Estonia,EE,2020-06-01,0
EE,2020-07-01,2020,7,7.6,18.4,9,9.399999999999999,20960,9.950371138434978,30.5,1.5999409282673556,9.532245588860343,NA,0,0,0,0,0,NA,-24,Control (Low-Debt),Estonia,EE,2020-07-01,0
EE,2020-08-01,2020,8,7.6,18.4,9,9.399999999999999,20960,9.950371138434978,30.5,1.5999409282673556,9.532245588860343,NA,0,0,0,0,0,NA,-23,Control (Low-Debt),Estonia,EE,2020-08-01,0
EE,2020-09-01,2020,9,7.8,18.4,9,9.399999999999999,20960,9.950371138434978,30.5,1.5999409282673556,9.532245588860343,NA,0,0,0,0,0,NA,-22,Control (Low-Debt),Estonia,EE,2020-09-01,0
EE,2020-10-01,2020,10,8,18.4,9,9.399999999999999,20960,9.950371138434978,30.5,1.5999409282673556,9.532245588860343,NA,0,0,0,0,0,NA,-21,Control (Low-Debt),Estonia,EE,2020-10-01,0
EE,2020-11-01,2020,11,7.6,18.4,9,9.399999999999999,20960,9.950371138434978,30.5,1.5999409282673556,9.532245588860343,NA,0,0,0,0,0,NA,-20,Control (Low-Debt),Estonia,EE,2020-11-01,0
EE,2020-12-01,2020,12,7.1,18.4,9,9.399999999999999,20960,9.950371138434978,30.5,1.5999409282673556,9.532245588860343,NA,0,0,0,0,0,NA,-19,Control (Low-Debt),Estonia,EE,2020-12-01,0
EE,2021-01-01,2021,1,7.4,18.4,9,9.399999999999999,23650,10.071118393920079,30.6,1.5999409282673556,9.532245588860343,NA,0,0,0,0,0,NA,-18,Control (Low-Debt),Estonia,EE,2021-01-01,0
EE,2021-02-01,2021,2,7,18.4,9,9.399999999999999,23650,10.071118393920079,30.6,1.5999409282673556,9.532245588860343,NA,0,0,0,0,0,NA,-17,Control (Low-Debt),Estonia,EE,2021-02-01,0
EE,2021-03-01,2021,3,6.6,18.4,9,9.399999999999999,23650,10.071118393920079,30.6,1.5999409282673556,9.532245588860343,NA,0,0,0,0,0,NA,-16,Control (Low-Debt),Estonia,EE,2021-03-01,0
EE,2021-04-01,2021,4,6.5,18.4,9,9.399999999999999,23650,10.071118393920079,30.6,1.5999409282673556,9.532245588860343,NA,0,0,0,0,0,NA,-15,Control (Low-Debt),Estonia,EE,2021-04-01,0
EE,2021-05-01,2021,5,6.8,18.4,9,9.399999999999999,23650,10.071118393920079,30.6,1.5999409282673556,9.532245588860343,NA,0,0,0,0,0,NA,-14,Control (Low-Debt),Estonia,EE,2021-05-01,0
EE,2021-06-01,2021,6,6.7,18.4,9,9.399999999999999,23650,10.071118393920079,30.6,1.5999409282673556,9.532245588860343,NA,0,0,0,0,0,NA,-13,Control (Low-Debt),Estonia,EE,2021-06-01,0
EE,2021-07-01,2021,7,6.3,18.4,9,9.399999999999999,23650,10.071118393920079,30.6,1.5999409282673556,9.532245588860343,NA,0,0,0,0,0,NA,-12,Control (Low-Debt),Estonia,EE,2021-07-01,0
EE,2021-08-01,2021,8,5.7,18.4,9,9.399999999999999,23650,10.071118393920079,30.6,1.5999409282673556,9.532245588860343,NA,0,0,0,0,0,NA,-11,Control (Low-Debt),Estonia,EE,2021-08-01,0
EE,2021-09-01,2021,9,5.5,18.4,9,9.399999999999999,23650,10.071118393920079,30.6,1.5999409282673556,9.532245588860343,NA,0,0,0,0,0,NA,-10,Control (Low-Debt),Estonia,EE,2021-09-01,0
EE,2021-10-01,2021,10,5,18.4,9,9.399999999999999,23650,10.071118393920079,30.6,1.5999409282673556,9.532245588860343,NA,0,0,0,0,0,NA,-9,Control (Low-Debt),Estonia,EE,2021-10-01,0
EE,2021-11-01,2021,11,5.2,18.4,9,9.399999999999999,23650,10.071118393920079,30.6,1.5999409282673556,9.532245588860343,NA,0,0,0,0,0,NA,-8,Control (Low-Debt),Estonia,EE,2021-11-01,0
EE,2021-12-01,2021,12,5.5,18.4,9,9.399999999999999,23650,10.071118393920079,30.6,1.5999409282673556,9.532245588860343,NA,0,0,0,0,0,NA,-7,Control (Low-Debt),Estonia,EE,2021-12-01,0
EE,2022-01-01,2022,1,5.9,18.4,9,9.399999999999999,27260,10.213175705250524,31.3,1.5999409282673556,9.532245588860343,NA,0,0,0,0,0,NA,-6,Control (Low-Debt),Estonia,EE,2022-01-01,0
EE,2022-02-01,2022,2,5.5,18.4,9,9.399999999999999,27260,10.213175705250524,31.3,1.5999409282673556,9.532245588860343,NA,0,0,0,1,0,NA,-5,Control (Low-Debt),Estonia,EE,2022-02-01,0
EE,2022-03-01,2022,3,5.5,18.4,9,9.399999999999999,27260,10.213175705250524,31.3,1.5999409282673556,9.532245588860343,NA,0,0,0,1,0,NA,-4,Control (Low-Debt),Estonia,EE,2022-03-01,0
EE,2022-04-01,2022,4,5.5,18.4,9,9.399999999999999,27260,10.213175705250524,31.3,1.5999409282673556,9.532245588860343,NA,0,0,0,1,0,NA,-3,Control (Low-Debt),Estonia,EE,2022-04-01,0
EE,2022-05-01,2022,5,5.8,18.4,9,9.399999999999999,27260,10.213175705250524,31.3,1.5999409282673556,9.532245588860343,NA,0,0,0,1,0,NA,-2,Control (Low-Debt),Estonia,EE,2022-05-01,0
EE,2022-06-01,2022,6,5.9,18.4,9,9.399999999999999,27260,10.213175705250524,31.3,1.5999409282673556,9.532245588860343,NA,0,0,0,1,0,NA,-1,Control (Low-Debt),Estonia,EE,2022-06-01,0
EE,2022-07-01,2022,7,5.9,18.4,9,9.399999999999999,27260,10.213175705250524,31.3,1.5999409282673556,9.532245588860343,NA,0,0,1,1,0,NA,0,Control (Low-Debt),Estonia,EE,2022-07-01,0
EE,2022-08-01,2022,8,5.7,18.4,9,9.399999999999999,27260,10.213175705250524,31.3,1.5999409282673556,9.532245588860343,NA,0.5,0,1,1,0,NA,1,Control (Low-Debt),Estonia,EE,2022-08-01,0
EE,2022-09-01,2022,9,5.3,18.4,9,9.399999999999999,27260,10.213175705250524,31.3,1.5999409282673556,9.532245588860343,NA,0.5,0,1,1,0,NA,2,Control (Low-Debt),Estonia,EE,2022-09-01,0
EE,2022-10-01,2022,10,5.3,18.4,9,9.399999999999999,27260,10.213175705250524,31.3,1.5999409282673556,9.532245588860343,NA,1.25,0,1,1,0,NA,3,Control (Low-Debt),Estonia,EE,2022-10-01,0
EE,2022-11-01,2022,11,5.4,18.4,9,9.399999999999999,27260,10.213175705250524,31.3,1.5999409282673556,9.532245588860343,NA,2,0,1,1,0,NA,4,Control (Low-Debt),Estonia,EE,2022-11-01,0
EE,2022-12-01,2022,12,5.3,18.4,9,9.399999999999999,27260,10.213175705250524,31.3,1.5999409282673556,9.532245588860343,NA,2,0,1,1,0,NA,5,Control (Low-Debt),Estonia,EE,2022-12-01,0
EE,2023-01-01,2023,1,5.2,18.4,9,9.399999999999999,28080,10.242812858139747,31.8,1.5999409282673556,9.532245588860343,NA,2.5,0,1,1,0,NA,6,Control (Low-Debt),Estonia,EE,2023-01-01,0
EE,2023-02-01,2023,2,5.3,18.4,9,9.399999999999999,28080,10.242812858139747,31.8,1.5999409282673556,9.532245588860343,NA,2.5,0,1,1,0,NA,7,Control (Low-Debt),Estonia,EE,2023-02-01,0
EE,2023-03-01,2023,3,5.9,18.4,9,9.399999999999999,28080,10.242812858139747,31.8,1.5999409282673556,9.532245588860343,NA,3,0,1,1,0,NA,8,Control (Low-Debt),Estonia,EE,2023-03-01,0
EE,2023-04-01,2023,4,6.2,18.4,9,9.399999999999999,28080,10.242812858139747,31.8,1.5999409282673556,9.532245588860343,NA,3,0,1,1,0,NA,9,Control (Low-Debt),Estonia,EE,2023-04-01,0
EE,2023-05-01,2023,5,6.8,18.4,9,9.399999999999999,28080,10.242812858139747,31.8,1.5999409282673556,9.532245588860343,NA,3,0,1,1,0,NA,10,Control (Low-Debt),Estonia,EE,2023-05-01,0
EE,2023-06-01,2023,6,7.3,18.4,9,9.399999999999999,28080,10.242812858139747,31.8,1.5999409282673556,9.532245588860343,NA,3.75,0,1,1,0,NA,11,Control (Low-Debt),Estonia,EE,2023-06-01,0
EE,2023-07-01,2023,7,7.6,18.4,9,9.399999999999999,28080,10.242812858139747,31.8,1.5999409282673556,9.532245588860343,NA,4,0,1,1,0,NA,12,Control (Low-Debt),Estonia,EE,2023-07-01,0
EE,2023-08-01,2023,8,7.4,18.4,9,9.399999999999999,28080,10.242812858139747,31.8,1.5999409282673556,9.532245588860343,NA,4,0,1,1,0,NA,13,Control (Low-Debt),Estonia,EE,2023-08-01,0
EE,2023-09-01,2023,9,6.5,18.4,9,9.399999999999999,28080,10.242812858139747,31.8,1.5999409282673556,9.532245588860343,NA,4.25,0,1,1,0,NA,14,Control (Low-Debt),Estonia,EE,2023-09-01,0
EE,2023-10-01,2023,10,6.1,18.4,9,9.399999999999999,28080,10.242812858139747,31.8,1.5999409282673556,9.532245588860343,NA,4.5,0,1,1,0,NA,15,Control (Low-Debt),Estonia,EE,2023-10-01,0
EE,2023-11-01,2023,11,6.3,18.4,9,9.399999999999999,28080,10.242812858139747,31.8,1.5999409282673556,9.532245588860343,NA,4.5,0,1,1,0,NA,16,Control (Low-Debt),Estonia,EE,2023-11-01,0
EE,2023-12-01,2023,12,6.9,18.4,9,9.399999999999999,28080,10.242812858139747,31.8,1.5999409282673556,9.532245588860343,NA,4.5,0,1,1,0,NA,17,Control (Low-Debt),Estonia,EE,2023-12-01,0
EE,2024-01-01,2024,1,7.6,18.4,9,9.399999999999999,28990,10.274706221915702,31.8,1.5999409282673556,9.532245588860343,NA,4.5,0,1,1,0,NA,18,Control (Low-Debt),Estonia,EE,2024-01-01,0
EE,2024-02-01,2024,2,7.7,18.4,9,9.399999999999999,28990,10.274706221915702,31.8,1.5999409282673556,9.532245588860343,NA,4.5,0,1,1,0,NA,19,Control (Low-Debt),Estonia,EE,2024-02-01,0
EE,2024-03-01,2024,3,7.7,18.4,9,9.399999999999999,28990,10.274706221915702,31.8,1.5999409282673556,9.532245588860343,NA,4.5,0,1,1,0,NA,20,Control (Low-Debt),Estonia,EE,2024-03-01,0
EE,2024-04-01,2024,4,7.6,18.4,9,9.399999999999999,28990,10.274706221915702,31.8,1.5999409282673556,9.532245588860343,NA,4.5,0,1,1,0,NA,21,Control (Low-Debt),Estonia,EE,2024-04-01,0
EE,2024-05-01,2024,5,7.6,18.4,9,9.399999999999999,28990,10.274706221915702,31.8,1.5999409282673556,9.532245588860343,NA,4.5,0,1,1,0,NA,22,Control (Low-Debt),Estonia,EE,2024-05-01,0
EE,2024-06-01,2024,6,7.6,18.4,9,9.399999999999999,28990,10.274706221915702,31.8,1.5999409282673556,9.532245588860343,NA,4.5,0,1,1,0,NA,23,Control (Low-Debt),Estonia,EE,2024-06-01,0
EE,2024-07-01,2024,7,7.8,18.4,9,9.399999999999999,28990,10.274706221915702,31.8,1.5999409282673556,9.532245588860343,NA,4.25,0,1,1,0,NA,24,Control (Low-Debt),Estonia,EE,2024-07-01,0
EE,2024-08-01,2024,8,7.5,18.4,9,9.399999999999999,28990,10.274706221915702,31.8,1.5999409282673556,9.532245588860343,NA,4.25,0,1,1,0,NA,25,Control (Low-Debt),Estonia,EE,2024-08-01,0
EE,2024-09-01,2024,9,7.8,18.4,9,9.399999999999999,28990,10.274706221915702,31.8,1.5999409282673556,9.532245588860343,NA,4.25,0,1,1,0,NA,26,Control (Low-Debt),Estonia,EE,2024-09-01,0
EE,2024-10-01,2024,10,7.3,18.4,9,9.399999999999999,28990,10.274706221915702,31.8,1.5999409282673556,9.532245588860343,NA,3.65,0,1,1,0,NA,27,Control (Low-Debt),Estonia,EE,2024-10-01,0
EE,2024-11-01,2024,11,7.4,18.4,9,9.399999999999999,28990,10.274706221915702,31.8,1.5999409282673556,9.532245588860343,NA,3.4,0,1,1,0,NA,28,Control (Low-Debt),Estonia,EE,2024-11-01,0
EE,2024-12-01,2024,12,7.7,18.4,9,9.399999999999999,28990,10.274706221915702,31.8,1.5999409282673556,9.532245588860343,NA,3.4,0,1,1,0,NA,29,Control (Low-Debt),Estonia,EE,2024-12-01,0
EL,2018-01-01,2018,1,20.8,197.3,183.2,14.100000000000023,16830,9.730918287184851,82.5,5.942896345585788,9.985836672367862,39.80026658160089,0,1,0,0,0,0,-54,Treated (High-Debt),Greece,EL,2018-01-01,0
EL,2018-02-01,2018,2,21.1,197.3,183.2,14.100000000000023,16830,9.730918287184851,82.5,5.942896345585788,9.985836672367862,39.80026658160089,0,1,0,0,0,0,-53,Treated (High-Debt),Greece,EL,2018-02-01,0
EL,2018-03-01,2018,3,20.7,197.3,183.2,14.100000000000023,16830,9.730918287184851,82.5,5.942896345585788,9.985836672367862,39.80026658160089,0,1,0,0,0,0,-52,Treated (High-Debt),Greece,EL,2018-03-01,0
EL,2018-04-01,2018,4,20.2,197.3,183.2,14.100000000000023,16830,9.730918287184851,82.5,5.942896345585788,9.985836672367862,39.80026658160089,0,1,0,0,0,0,-51,Treated (High-Debt),Greece,EL,2018-04-01,0
EL,2018-05-01,2018,5,19.6,197.3,183.2,14.100000000000023,16830,9.730918287184851,82.5,5.942896345585788,9.985836672367862,39.80026658160089,0,1,0,0,0,0,-50,Treated (High-Debt),Greece,EL,2018-05-01,0
EL,2018-06-01,2018,6,19.5,197.3,183.2,14.100000000000023,16830,9.730918287184851,82.5,5.942896345585788,9.985836672367862,39.80026658160089,0,1,0,0,0,0,-49,Treated (High-Debt),Greece,EL,2018-06-01,0
EL,2018-07-01,2018,7,19.4,197.3,183.2,14.100000000000023,16830,9.730918287184851,82.5,5.942896345585788,9.985836672367862,39.80026658160089,0,1,0,0,0,0,-48,Treated (High-Debt),Greece,EL,2018-07-01,0
EL,2018-08-01,2018,8,19.3,197.3,183.2,14.100000000000023,16830,9.730918287184851,82.5,5.942896345585788,9.985836672367862,39.80026658160089,0,1,0,0,0,0,-47,Treated (High-Debt),Greece,EL,2018-08-01,0
EL,2018-09-01,2018,9,19.2,197.3,183.2,14.100000000000023,16830,9.730918287184851,82.5,5.942896345585788,9.985836672367862,39.80026658160089,0,1,0,0,0,0,-46,Treated (High-Debt),Greece,EL,2018-09-01,0
EL,2018-10-01,2018,10,19.1,197.3,183.2,14.100000000000023,16830,9.730918287184851,82.5,5.942896345585788,9.985836672367862,39.80026658160089,0,1,0,0,0,0,-45,Treated (High-Debt),Greece,EL,2018-10-01,0
EL,2018-11-01,2018,11,19.1,197.3,183.2,14.100000000000023,16830,9.730918287184851,82.5,5.942896345585788,9.985836672367862,39.80026658160089,0,1,0,0,0,0,-44,Treated (High-Debt),Greece,EL,2018-11-01,0
EL,2018-12-01,2018,12,19,197.3,183.2,14.100000000000023,16830,9.730918287184851,82.5,5.942896345585788,9.985836672367862,39.80026658160089,0,1,0,0,0,0,-43,Treated (High-Debt),Greece,EL,2018-12-01,0
EL,2019-01-01,2019,1,19.5,197.3,183.2,14.100000000000023,17270,9.756726171140725,82.4,5.942896345585788,9.985836672367862,39.80026658160089,0,1,0,0,0,0,-42,Treated (High-Debt),Greece,EL,2019-01-01,0
EL,2019-02-01,2019,2,19.2,197.3,183.2,14.100000000000023,17270,9.756726171140725,82.4,5.942896345585788,9.985836672367862,39.80026658160089,0,1,0,0,0,0,-41,Treated (High-Debt),Greece,EL,2019-02-01,0
EL,2019-03-01,2019,3,18.5,197.3,183.2,14.100000000000023,17270,9.756726171140725,82.4,5.942896345585788,9.985836672367862,39.80026658160089,0,1,0,0,0,0,-40,Treated (High-Debt),Greece,EL,2019-03-01,0
EL,2019-04-01,2019,4,18.5,197.3,183.2,14.100000000000023,17270,9.756726171140725,82.4,5.942896345585788,9.985836672367862,39.80026658160089,0,1,0,0,0,0,-39,Treated (High-Debt),Greece,EL,2019-04-01,0
EL,2019-05-01,2019,5,17.5,197.3,183.2,14.100000000000023,17270,9.756726171140725,82.4,5.942896345585788,9.985836672367862,39.80026658160089,0,1,0,0,0,0,-38,Treated (High-Debt),Greece,EL,2019-05-01,0
EL,2019-06-01,2019,6,17.4,197.3,183.2,14.100000000000023,17270,9.756726171140725,82.4,5.942896345585788,9.985836672367862,39.80026658160089,0,1,0,0,0,0,-37,Treated (High-Debt),Greece,EL,2019-06-01,0
EL,2019-07-01,2019,7,17.9,197.3,183.2,14.100000000000023,17270,9.756726171140725,82.4,5.942896345585788,9.985836672367862,39.80026658160089,0,1,0,0,0,0,-36,Treated (High-Debt),Greece,EL,2019-07-01,0
EL,2019-08-01,2019,8,17.3,197.3,183.2,14.100000000000023,17270,9.756726171140725,82.4,5.942896345585788,9.985836672367862,39.80026658160089,0,1,0,0,0,0,-35,Treated (High-Debt),Greece,EL,2019-08-01,0
EL,2019-09-01,2019,9,17.4,197.3,183.2,14.100000000000023,17270,9.756726171140725,82.4,5.942896345585788,9.985836672367862,39.80026658160089,0,1,0,0,0,0,-34,Treated (High-Debt),Greece,EL,2019-09-01,0
EL,2019-10-01,2019,10,17.4,197.3,183.2,14.100000000000023,17270,9.756726171140725,82.4,5.942896345585788,9.985836672367862,39.80026658160089,0,1,0,0,0,0,-33,Treated (High-Debt),Greece,EL,2019-10-01,0
EL,2019-11-01,2019,11,17,197.3,183.2,14.100000000000023,17270,9.756726171140725,82.4,5.942896345585788,9.985836672367862,39.80026658160089,0,1,0,0,0,0,-32,Treated (High-Debt),Greece,EL,2019-11-01,0
EL,2019-12-01,2019,12,16.9,197.3,183.2,14.100000000000023,17270,9.756726171140725,82.4,5.942896345585788,9.985836672367862,39.80026658160089,0,1,0,0,0,0,-31,Treated (High-Debt),Greece,EL,2019-12-01,0
EL,2020-01-01,2020,1,16.6,197.3,183.2,14.100000000000023,15660,9.658864969544794,82.4,5.942896345585788,9.985836672367862,39.80026658160089,0,1,0,0,0,0,-30,Treated (High-Debt),Greece,EL,2020-01-01,0
EL,2020-02-01,2020,2,15.9,197.3,183.2,14.100000000000023,15660,9.658864969544794,82.4,5.942896345585788,9.985836672367862,39.80026658160089,0,1,0,0,0,0,-29,Treated (High-Debt),Greece,EL,2020-02-01,0
EL,2020-03-01,2020,3,16.8,197.3,183.2,14.100000000000023,15660,9.658864969544794,82.4,5.942896345585788,9.985836672367862,39.80026658160089,0,1,0,0,0,0,-28,Treated (High-Debt),Greece,EL,2020-03-01,0
EL,2020-04-01,2020,4,18.5,197.3,183.2,14.100000000000023,15660,9.658864969544794,82.4,5.942896345585788,9.985836672367862,39.80026658160089,0,1,0,0,0,0,-27,Treated (High-Debt),Greece,EL,2020-04-01,0
EL,2020-05-01,2020,5,19.6,197.3,183.2,14.100000000000023,15660,9.658864969544794,82.4,5.942896345585788,9.985836672367862,39.80026658160089,0,1,0,0,0,0,-26,Treated (High-Debt),Greece,EL,2020-05-01,0
EL,2020-06-01,2020,6,20.3,197.3,183.2,14.100000000000023,15660,9.658864969544794,82.4,5.942896345585788,9.985836672367862,39.80026658160089,0,1,0,0,0,0,-25,Treated (High-Debt),Greece,EL,2020-06-01,0
EL,2020-07-01,2020,7,17.7,197.3,183.2,14.100000000000023,15660,9.658864969544794,82.4,5.942896345585788,9.985836672367862,39.80026658160089,0,1,0,0,0,0,-24,Treated (High-Debt),Greece,EL,2020-07-01,0
EL,2020-08-01,2020,8,16.9,197.3,183.2,14.100000000000023,15660,9.658864969544794,82.4,5.942896345585788,9.985836672367862,39.80026658160089,0,1,0,0,0,0,-23,Treated (High-Debt),Greece,EL,2020-08-01,0
EL,2020-09-01,2020,9,17,197.3,183.2,14.100000000000023,15660,9.658864969544794,82.4,5.942896345585788,9.985836672367862,39.80026658160089,0,1,0,0,0,0,-22,Treated (High-Debt),Greece,EL,2020-09-01,0
EL,2020-10-01,2020,10,17.7,197.3,183.2,14.100000000000023,15660,9.658864969544794,82.4,5.942896345585788,9.985836672367862,39.80026658160089,0,1,0,0,0,0,-21,Treated (High-Debt),Greece,EL,2020-10-01,0
EL,2020-11-01,2020,11,17.5,197.3,183.2,14.100000000000023,15660,9.658864969544794,82.4,5.942896345585788,9.985836672367862,39.80026658160089,0,1,0,0,0,0,-20,Treated (High-Debt),Greece,EL,2020-11-01,0
EL,2020-12-01,2020,12,16.7,197.3,183.2,14.100000000000023,15660,9.658864969544794,82.4,5.942896345585788,9.985836672367862,39.80026658160089,0,1,0,0,0,0,-19,Treated (High-Debt),Greece,EL,2020-12-01,0
EL,2021-01-01,2021,1,16,197.3,183.2,14.100000000000023,17350,9.761347785375005,82.3,5.942896345585788,9.985836672367862,39.80026658160089,0,1,0,0,0,0,-18,Treated (High-Debt),Greece,EL,2021-01-01,0
EL,2021-02-01,2021,2,16,197.3,183.2,14.100000000000023,17350,9.761347785375005,82.3,5.942896345585788,9.985836672367862,39.80026658160089,0,1,0,0,0,0,-17,Treated (High-Debt),Greece,EL,2021-02-01,0
EL,2021-03-01,2021,3,16.6,197.3,183.2,14.100000000000023,17350,9.761347785375005,82.3,5.942896345585788,9.985836672367862,39.80026658160089,0,1,0,0,0,0,-16,Treated (High-Debt),Greece,EL,2021-03-01,0
EL,2021-04-01,2021,4,17.2,197.3,183.2,14.100000000000023,17350,9.761347785375005,82.3,5.942896345585788,9.985836672367862,39.80026658160089,0,1,0,0,0,0,-15,Treated (High-Debt),Greece,EL,2021-04-01,0
EL,2021-05-01,2021,5,15.9,197.3,183.2,14.100000000000023,17350,9.761347785375005,82.3,5.942896345585788,9.985836672367862,39.80026658160089,0,1,0,0,0,0,-14,Treated (High-Debt),Greece,EL,2021-05-01,0
EL,2021-06-01,2021,6,15.1,197.3,183.2,14.100000000000023,17350,9.761347785375005,82.3,5.942896345585788,9.985836672367862,39.80026658160089,0,1,0,0,0,0,-13,Treated (High-Debt),Greece,EL,2021-06-01,0
EL,2021-07-01,2021,7,14.1,197.3,183.2,14.100000000000023,17350,9.761347785375005,82.3,5.942896345585788,9.985836672367862,39.80026658160089,0,1,0,0,0,0,-12,Treated (High-Debt),Greece,EL,2021-07-01,0
EL,2021-08-01,2021,8,14.1,197.3,183.2,14.100000000000023,17350,9.761347785375005,82.3,5.942896345585788,9.985836672367862,39.80026658160089,0,1,0,0,0,0,-11,Treated (High-Debt),Greece,EL,2021-08-01,0
EL,2021-09-01,2021,9,13.3,197.3,183.2,14.100000000000023,17350,9.761347785375005,82.3,5.942896345585788,9.985836672367862,39.80026658160089,0,1,0,0,0,0,-10,Treated (High-Debt),Greece,EL,2021-09-01,0
EL,2021-10-01,2021,10,13.1,197.3,183.2,14.100000000000023,17350,9.761347785375005,82.3,5.942896345585788,9.985836672367862,39.80026658160089,0,1,0,0,0,0,-9,Treated (High-Debt),Greece,EL,2021-10-01,0
EL,2021-11-01,2021,11,13.2,197.3,183.2,14.100000000000023,17350,9.761347785375005,82.3,5.942896345585788,9.985836672367862,39.80026658160089,0,1,0,0,0,0,-8,Treated (High-Debt),Greece,EL,2021-11-01,0
EL,2021-12-01,2021,12,13,197.3,183.2,14.100000000000023,17350,9.761347785375005,82.3,5.942896345585788,9.985836672367862,39.80026658160089,0,1,0,0,0,0,-7,Treated (High-Debt),Greece,EL,2021-12-01,0
EL,2022-01-01,2022,1,13.2,197.3,183.2,14.100000000000023,19570,9.881753060390121,80.3,5.942896345585788,9.985836672367862,39.80026658160089,0,1,0,0,0,0,-6,Treated (High-Debt),Greece,EL,2022-01-01,0
EL,2022-02-01,2022,2,13,197.3,183.2,14.100000000000023,19570,9.881753060390121,80.3,5.942896345585788,9.985836672367862,39.80026658160089,0,1,0,1,0,39.80026658160089,-5,Treated (High-Debt),Greece,EL,2022-02-01,0
EL,2022-03-01,2022,3,12.6,197.3,183.2,14.100000000000023,19570,9.881753060390121,80.3,5.942896345585788,9.985836672367862,39.80026658160089,0,1,0,1,0,39.80026658160089,-4,Treated (High-Debt),Greece,EL,2022-03-01,0
EL,2022-04-01,2022,4,12.5,197.3,183.2,14.100000000000023,19570,9.881753060390121,80.3,5.942896345585788,9.985836672367862,39.80026658160089,0,1,0,1,0,39.80026658160089,-3,Treated (High-Debt),Greece,EL,2022-04-01,0
EL,2022-05-01,2022,5,12.9,197.3,183.2,14.100000000000023,19570,9.881753060390121,80.3,5.942896345585788,9.985836672367862,39.80026658160089,0,1,0,1,0,39.80026658160089,-2,Treated (High-Debt),Greece,EL,2022-05-01,0
EL,2022-06-01,2022,6,12.5,197.3,183.2,14.100000000000023,19570,9.881753060390121,80.3,5.942896345585788,9.985836672367862,39.80026658160089,0,1,0,1,0,39.80026658160089,-1,Treated (High-Debt),Greece,EL,2022-06-01,0
EL,2022-07-01,2022,7,12.8,197.3,183.2,14.100000000000023,19570,9.881753060390121,80.3,5.942896345585788,9.985836672367862,39.80026658160089,0,1,1,1,1,39.80026658160089,0,Treated (High-Debt),Greece,EL,2022-07-01,0
EL,2022-08-01,2022,8,12.3,197.3,183.2,14.100000000000023,19570,9.881753060390121,80.3,5.942896345585788,9.985836672367862,39.80026658160089,0.5,1,1,1,1,39.80026658160089,1,Treated (High-Debt),Greece,EL,2022-08-01,0
EL,2022-09-01,2022,9,12.1,197.3,183.2,14.100000000000023,19570,9.881753060390121,80.3,5.942896345585788,9.985836672367862,39.80026658160089,0.5,1,1,1,1,39.80026658160089,2,Treated (High-Debt),Greece,EL,2022-09-01,0
EL,2022-10-01,2022,10,11.8,197.3,183.2,14.100000000000023,19570,9.881753060390121,80.3,5.942896345585788,9.985836672367862,39.80026658160089,1.25,1,1,1,1,39.80026658160089,3,Treated (High-Debt),Greece,EL,2022-10-01,0
EL,2022-11-01,2022,11,11.6,197.3,183.2,14.100000000000023,19570,9.881753060390121,80.3,5.942896345585788,9.985836672367862,39.80026658160089,2,1,1,1,1,39.80026658160089,4,Treated (High-Debt),Greece,EL,2022-11-01,0
EL,2022-12-01,2022,12,12.1,197.3,183.2,14.100000000000023,19570,9.881753060390121,80.3,5.942896345585788,9.985836672367862,39.80026658160089,2,1,1,1,1,39.80026658160089,5,Treated (High-Debt),Greece,EL,2022-12-01,0
EL,2023-01-01,2023,1,10.6,197.3,183.2,14.100000000000023,21300,9.966462351697517,80,5.942896345585788,9.985836672367862,39.80026658160089,2.5,1,1,1,1,39.80026658160089,6,Treated (High-Debt),Greece,EL,2023-01-01,0
EL,2023-02-01,2023,2,11.2,197.3,183.2,14.100000000000023,21300,9.966462351697517,80,5.942896345585788,9.985836672367862,39.80026658160089,2.5,1,1,1,1,39.80026658160089,7,Treated (High-Debt),Greece,EL,2023-02-01,0
EL,2023-03-01,2023,3,11.5,197.3,183.2,14.100000000000023,21300,9.966462351697517,80,5.942896345585788,9.985836672367862,39.80026658160089,3,1,1,1,1,39.80026658160089,8,Treated (High-Debt),Greece,EL,2023-03-01,0
EL,2023-04-01,2023,4,11.4,197.3,183.2,14.100000000000023,21300,9.966462351697517,80,5.942896345585788,9.985836672367862,39.80026658160089,3,1,1,1,1,39.80026658160089,9,Treated (High-Debt),Greece,EL,2023-04-01,0
EL,2023-05-01,2023,5,11.2,197.3,183.2,14.100000000000023,21300,9.966462351697517,80,5.942896345585788,9.985836672367862,39.80026658160089,3,1,1,1,1,39.80026658160089,10,Treated (High-Debt),Greece,EL,2023-05-01,0
EL,2023-06-01,2023,6,11.6,197.3,183.2,14.100000000000023,21300,9.966462351697517,80,5.942896345585788,9.985836672367862,39.80026658160089,3.75,1,1,1,1,39.80026658160089,11,Treated (High-Debt),Greece,EL,2023-06-01,0
EL,2023-07-01,2023,7,11.6,197.3,183.2,14.100000000000023,21300,9.966462351697517,80,5.942896345585788,9.985836672367862,39.80026658160089,4,1,1,1,1,39.80026658160089,12,Treated (High-Debt),Greece,EL,2023-07-01,0
EL,2023-08-01,2023,8,11.4,197.3,183.2,14.100000000000023,21300,9.966462351697517,80,5.942896345585788,9.985836672367862,39.80026658160089,4,1,1,1,1,39.80026658160089,13,Treated (High-Debt),Greece,EL,2023-08-01,0
EL,2023-09-01,2023,9,10.9,197.3,183.2,14.100000000000023,21300,9.966462351697517,80,5.942896345585788,9.985836672367862,39.80026658160089,4.25,1,1,1,1,39.80026658160089,14,Treated (High-Debt),Greece,EL,2023-09-01,0
EL,2023-10-01,2023,10,10.7,197.3,183.2,14.100000000000023,21300,9.966462351697517,80,5.942896345585788,9.985836672367862,39.80026658160089,4.5,1,1,1,1,39.80026658160089,15,Treated (High-Debt),Greece,EL,2023-10-01,0
EL,2023-11-01,2023,11,10,197.3,183.2,14.100000000000023,21300,9.966462351697517,80,5.942896345585788,9.985836672367862,39.80026658160089,4.5,1,1,1,1,39.80026658160089,16,Treated (High-Debt),Greece,EL,2023-11-01,0
EL,2023-12-01,2023,12,10.4,197.3,183.2,14.100000000000023,21300,9.966462351697517,80,5.942896345585788,9.985836672367862,39.80026658160089,4.5,1,1,1,1,39.80026658160089,17,Treated (High-Debt),Greece,EL,2023-12-01,0
EL,2024-01-01,2024,1,11.8,197.3,183.2,14.100000000000023,22480,10.020381304007627,79.8,5.942896345585788,9.985836672367862,39.80026658160089,4.5,1,1,1,1,39.80026658160089,18,Treated (High-Debt),Greece,EL,2024-01-01,0
EL,2024-02-01,2024,2,11.6,197.3,183.2,14.100000000000023,22480,10.020381304007627,79.8,5.942896345585788,9.985836672367862,39.80026658160089,4.5,1,1,1,1,39.80026658160089,19,Treated (High-Debt),Greece,EL,2024-02-01,0
EL,2024-03-01,2024,3,10.7,197.3,183.2,14.100000000000023,22480,10.020381304007627,79.8,5.942896345585788,9.985836672367862,39.80026658160089,4.5,1,1,1,1,39.80026658160089,20,Treated (High-Debt),Greece,EL,2024-03-01,0
EL,2024-04-01,2024,4,10.8,197.3,183.2,14.100000000000023,22480,10.020381304007627,79.8,5.942896345585788,9.985836672367862,39.80026658160089,4.5,1,1,1,1,39.80026658160089,21,Treated (High-Debt),Greece,EL,2024-04-01,0
EL,2024-05-01,2024,5,10.4,197.3,183.2,14.100000000000023,22480,10.020381304007627,79.8,5.942896345585788,9.985836672367862,39.80026658160089,4.5,1,1,1,1,39.80026658160089,22,Treated (High-Debt),Greece,EL,2024-05-01,0
EL,2024-06-01,2024,6,8.9,197.3,183.2,14.100000000000023,22480,10.020381304007627,79.8,5.942896345585788,9.985836672367862,39.80026658160089,4.5,1,1,1,1,39.80026658160089,23,Treated (High-Debt),Greece,EL,2024-06-01,0
EL,2024-07-01,2024,7,9.7,197.3,183.2,14.100000000000023,22480,10.020381304007627,79.8,5.942896345585788,9.985836672367862,39.80026658160089,4.25,1,1,1,1,39.80026658160089,24,Treated (High-Debt),Greece,EL,2024-07-01,0
EL,2024-08-01,2024,8,9.5,197.3,183.2,14.100000000000023,22480,10.020381304007627,79.8,5.942896345585788,9.985836672367862,39.80026658160089,4.25,1,1,1,1,39.80026658160089,25,Treated (High-Debt),Greece,EL,2024-08-01,0
EL,2024-09-01,2024,9,9.6,197.3,183.2,14.100000000000023,22480,10.020381304007627,79.8,5.942896345585788,9.985836672367862,39.80026658160089,4.25,1,1,1,1,39.80026658160089,26,Treated (High-Debt),Greece,EL,2024-09-01,0
EL,2024-10-01,2024,10,9.7,197.3,183.2,14.100000000000023,22480,10.020381304007627,79.8,5.942896345585788,9.985836672367862,39.80026658160089,3.65,1,1,1,1,39.80026658160089,27,Treated (High-Debt),Greece,EL,2024-10-01,0
EL,2024-11-01,2024,11,9.6,197.3,183.2,14.100000000000023,22480,10.020381304007627,79.8,5.942896345585788,9.985836672367862,39.80026658160089,3.4,1,1,1,1,39.80026658160089,28,Treated (High-Debt),Greece,EL,2024-11-01,0
EL,2024-12-01,2024,12,9.4,197.3,183.2,14.100000000000023,22480,10.020381304007627,79.8,5.942896345585788,9.985836672367862,39.80026658160089,3.4,1,1,1,1,39.80026658160089,29,Treated (High-Debt),Greece,EL,2024-12-01,0
ES,2018-01-01,2018,1,16.4,115.7,97.7,18,25950,10.163926888594034,93.1,5.245010373459079,9.891369013516847,9.53636580507381,0,1,0,0,0,0,-54,Treated (High-Debt),Spain,ES,2018-01-01,0
ES,2018-02-01,2018,2,16.2,115.7,97.7,18,25950,10.163926888594034,93.1,5.245010373459079,9.891369013516847,9.53636580507381,0,1,0,0,0,0,-53,Treated (High-Debt),Spain,ES,2018-02-01,0
ES,2018-03-01,2018,3,15.9,115.7,97.7,18,25950,10.163926888594034,93.1,5.245010373459079,9.891369013516847,9.53636580507381,0,1,0,0,0,0,-52,Treated (High-Debt),Spain,ES,2018-03-01,0
ES,2018-04-01,2018,4,15.7,115.7,97.7,18,25950,10.163926888594034,93.1,5.245010373459079,9.891369013516847,9.53636580507381,0,1,0,0,0,0,-51,Treated (High-Debt),Spain,ES,2018-04-01,0
ES,2018-05-01,2018,5,15.5,115.7,97.7,18,25950,10.163926888594034,93.1,5.245010373459079,9.891369013516847,9.53636580507381,0,1,0,0,0,0,-50,Treated (High-Debt),Spain,ES,2018-05-01,0
ES,2018-06-01,2018,6,15.2,115.7,97.7,18,25950,10.163926888594034,93.1,5.245010373459079,9.891369013516847,9.53636580507381,0,1,0,0,0,0,-49,Treated (High-Debt),Spain,ES,2018-06-01,0
ES,2018-07-01,2018,7,15,115.7,97.7,18,25950,10.163926888594034,93.1,5.245010373459079,9.891369013516847,9.53636580507381,0,1,0,0,0,0,-48,Treated (High-Debt),Spain,ES,2018-07-01,0
ES,2018-08-01,2018,8,14.8,115.7,97.7,18,25950,10.163926888594034,93.1,5.245010373459079,9.891369013516847,9.53636580507381,0,1,0,0,0,0,-47,Treated (High-Debt),Spain,ES,2018-08-01,0
ES,2018-09-01,2018,9,14.7,115.7,97.7,18,25950,10.163926888594034,93.1,5.245010373459079,9.891369013516847,9.53636580507381,0,1,0,0,0,0,-46,Treated (High-Debt),Spain,ES,2018-09-01,0
ES,2018-10-01,2018,10,14.7,115.7,97.7,18,25950,10.163926888594034,93.1,5.245010373459079,9.891369013516847,9.53636580507381,0,1,0,0,0,0,-45,Treated (High-Debt),Spain,ES,2018-10-01,0
ES,2018-11-01,2018,11,14.6,115.7,97.7,18,25950,10.163926888594034,93.1,5.245010373459079,9.891369013516847,9.53636580507381,0,1,0,0,0,0,-44,Treated (High-Debt),Spain,ES,2018-11-01,0
ES,2018-12-01,2018,12,14.4,115.7,97.7,18,25950,10.163926888594034,93.1,5.245010373459079,9.891369013516847,9.53636580507381,0,1,0,0,0,0,-43,Treated (High-Debt),Spain,ES,2018-12-01,0
ES,2019-01-01,2019,1,14.3,115.7,97.7,18,26620,10.189418091949102,93.8,5.245010373459079,9.891369013516847,9.53636580507381,0,1,0,0,0,0,-42,Treated (High-Debt),Spain,ES,2019-01-01,0
ES,2019-02-01,2019,2,14.2,115.7,97.7,18,26620,10.189418091949102,93.8,5.245010373459079,9.891369013516847,9.53636580507381,0,1,0,0,0,0,-41,Treated (High-Debt),Spain,ES,2019-02-01,0
ES,2019-03-01,2019,3,14.2,115.7,97.7,18,26620,10.189418091949102,93.8,5.245010373459079,9.891369013516847,9.53636580507381,0,1,0,0,0,0,-40,Treated (High-Debt),Spain,ES,2019-03-01,0
ES,2019-04-01,2019,4,14.2,115.7,97.7,18,26620,10.189418091949102,93.8,5.245010373459079,9.891369013516847,9.53636580507381,0,1,0,0,0,0,-39,Treated (High-Debt),Spain,ES,2019-04-01,0
ES,2019-05-01,2019,5,14.3,115.7,97.7,18,26620,10.189418091949102,93.8,5.245010373459079,9.891369013516847,9.53636580507381,0,1,0,0,0,0,-38,Treated (High-Debt),Spain,ES,2019-05-01,0
ES,2019-06-01,2019,6,14.2,115.7,97.7,18,26620,10.189418091949102,93.8,5.245010373459079,9.891369013516847,9.53636580507381,0,1,0,0,0,0,-37,Treated (High-Debt),Spain,ES,2019-06-01,0
ES,2019-07-01,2019,7,14.2,115.7,97.7,18,26620,10.189418091949102,93.8,5.245010373459079,9.891369013516847,9.53636580507381,0,1,0,0,0,0,-36,Treated (High-Debt),Spain,ES,2019-07-01,0
ES,2019-08-01,2019,8,14.1,115.7,97.7,18,26620,10.189418091949102,93.8,5.245010373459079,9.891369013516847,9.53636580507381,0,1,0,0,0,0,-35,Treated (High-Debt),Spain,ES,2019-08-01,0
ES,2019-09-01,2019,9,14,115.7,97.7,18,26620,10.189418091949102,93.8,5.245010373459079,9.891369013516847,9.53636580507381,0,1,0,0,0,0,-34,Treated (High-Debt),Spain,ES,2019-09-01,0
ES,2019-10-01,2019,10,14,115.7,97.7,18,26620,10.189418091949102,93.8,5.245010373459079,9.891369013516847,9.53636580507381,0,1,0,0,0,0,-33,Treated (High-Debt),Spain,ES,2019-10-01,0
ES,2019-11-01,2019,11,13.9,115.7,97.7,18,26620,10.189418091949102,93.8,5.245010373459079,9.891369013516847,9.53636580507381,0,1,0,0,0,0,-32,Treated (High-Debt),Spain,ES,2019-11-01,0
ES,2019-12-01,2019,12,13.8,115.7,97.7,18,26620,10.189418091949102,93.8,5.245010373459079,9.891369013516847,9.53636580507381,0,1,0,0,0,0,-31,Treated (High-Debt),Spain,ES,2019-12-01,0
ES,2020-01-01,2020,1,13.8,115.7,97.7,18,23850,10.079539496316487,93.8,5.245010373459079,9.891369013516847,9.53636580507381,0,1,0,0,0,0,-30,Treated (High-Debt),Spain,ES,2020-01-01,0
ES,2020-02-01,2020,2,13.6,115.7,97.7,18,23850,10.079539496316487,93.8,5.245010373459079,9.891369013516847,9.53636580507381,0,1,0,0,0,0,-29,Treated (High-Debt),Spain,ES,2020-02-01,0
ES,2020-03-01,2020,3,14.5,115.7,97.7,18,23850,10.079539496316487,93.8,5.245010373459079,9.891369013516847,9.53636580507381,0,1,0,0,0,0,-28,Treated (High-Debt),Spain,ES,2020-03-01,0
ES,2020-04-01,2020,4,15.3,115.7,97.7,18,23850,10.079539496316487,93.8,5.245010373459079,9.891369013516847,9.53636580507381,0,1,0,0,0,0,-27,Treated (High-Debt),Spain,ES,2020-04-01,0
ES,2020-05-01,2020,5,15.5,115.7,97.7,18,23850,10.079539496316487,93.8,5.245010373459079,9.891369013516847,9.53636580507381,0,1,0,0,0,0,-26,Treated (High-Debt),Spain,ES,2020-05-01,0
ES,2020-06-01,2020,6,16,115.7,97.7,18,23850,10.079539496316487,93.8,5.245010373459079,9.891369013516847,9.53636580507381,0,1,0,0,0,0,-25,Treated (High-Debt),Spain,ES,2020-06-01,0
ES,2020-07-01,2020,7,16.2,115.7,97.7,18,23850,10.079539496316487,93.8,5.245010373459079,9.891369013516847,9.53636580507381,0,1,0,0,0,0,-24,Treated (High-Debt),Spain,ES,2020-07-01,0
ES,2020-08-01,2020,8,16.5,115.7,97.7,18,23850,10.079539496316487,93.8,5.245010373459079,9.891369013516847,9.53636580507381,0,1,0,0,0,0,-23,Treated (High-Debt),Spain,ES,2020-08-01,0
ES,2020-09-01,2020,9,16.4,115.7,97.7,18,23850,10.079539496316487,93.8,5.245010373459079,9.891369013516847,9.53636580507381,0,1,0,0,0,0,-22,Treated (High-Debt),Spain,ES,2020-09-01,0
ES,2020-10-01,2020,10,16.3,115.7,97.7,18,23850,10.079539496316487,93.8,5.245010373459079,9.891369013516847,9.53636580507381,0,1,0,0,0,0,-21,Treated (High-Debt),Spain,ES,2020-10-01,0
ES,2020-11-01,2020,11,16.2,115.7,97.7,18,23850,10.079539496316487,93.8,5.245010373459079,9.891369013516847,9.53636580507381,0,1,0,0,0,0,-20,Treated (High-Debt),Spain,ES,2020-11-01,0
ES,2020-12-01,2020,12,16.2,115.7,97.7,18,23850,10.079539496316487,93.8,5.245010373459079,9.891369013516847,9.53636580507381,0,1,0,0,0,0,-19,Treated (High-Debt),Spain,ES,2020-12-01,0
ES,2021-01-01,2021,1,15.9,115.7,97.7,18,26090,10.169307378130775,94.2,5.245010373459079,9.891369013516847,9.53636580507381,0,1,0,0,0,0,-18,Treated (High-Debt),Spain,ES,2021-01-01,0
ES,2021-02-01,2021,2,15.7,115.7,97.7,18,26090,10.169307378130775,94.2,5.245010373459079,9.891369013516847,9.53636580507381,0,1,0,0,0,0,-17,Treated (High-Debt),Spain,ES,2021-02-01,0
ES,2021-03-01,2021,3,15.5,115.7,97.7,18,26090,10.169307378130775,94.2,5.245010373459079,9.891369013516847,9.53636580507381,0,1,0,0,0,0,-16,Treated (High-Debt),Spain,ES,2021-03-01,0
ES,2021-04-01,2021,4,15.7,115.7,97.7,18,26090,10.169307378130775,94.2,5.245010373459079,9.891369013516847,9.53636580507381,0,1,0,0,0,0,-15,Treated (High-Debt),Spain,ES,2021-04-01,0
ES,2021-05-01,2021,5,15.7,115.7,97.7,18,26090,10.169307378130775,94.2,5.245010373459079,9.891369013516847,9.53636580507381,0,1,0,0,0,0,-14,Treated (High-Debt),Spain,ES,2021-05-01,0
ES,2021-06-01,2021,6,15.6,115.7,97.7,18,26090,10.169307378130775,94.2,5.245010373459079,9.891369013516847,9.53636580507381,0,1,0,0,0,0,-13,Treated (High-Debt),Spain,ES,2021-06-01,0
ES,2021-07-01,2021,7,15.2,115.7,97.7,18,26090,10.169307378130775,94.2,5.245010373459079,9.891369013516847,9.53636580507381,0,1,0,0,0,0,-12,Treated (High-Debt),Spain,ES,2021-07-01,0
ES,2021-08-01,2021,8,14.8,115.7,97.7,18,26090,10.169307378130775,94.2,5.245010373459079,9.891369013516847,9.53636580507381,0,1,0,0,0,0,-11,Treated (High-Debt),Spain,ES,2021-08-01,0
ES,2021-09-01,2021,9,14.4,115.7,97.7,18,26090,10.169307378130775,94.2,5.245010373459079,9.891369013516847,9.53636580507381,0,1,0,0,0,0,-10,Treated (High-Debt),Spain,ES,2021-09-01,0
ES,2021-10-01,2021,10,13.9,115.7,97.7,18,26090,10.169307378130775,94.2,5.245010373459079,9.891369013516847,9.53636580507381,0,1,0,0,0,0,-9,Treated (High-Debt),Spain,ES,2021-10-01,0
ES,2021-11-01,2021,11,13.5,115.7,97.7,18,26090,10.169307378130775,94.2,5.245010373459079,9.891369013516847,9.53636580507381,0,1,0,0,0,0,-8,Treated (High-Debt),Spain,ES,2021-11-01,0
ES,2021-12-01,2021,12,13.3,115.7,97.7,18,26090,10.169307378130775,94.2,5.245010373459079,9.891369013516847,9.53636580507381,0,1,0,0,0,0,-7,Treated (High-Debt),Spain,ES,2021-12-01,0
ES,2022-01-01,2022,1,13.3,115.7,97.7,18,28790,10.267783383606222,95.1,5.245010373459079,9.891369013516847,9.53636580507381,0,1,0,0,0,0,-6,Treated (High-Debt),Spain,ES,2022-01-01,0
ES,2022-02-01,2022,2,13.2,115.7,97.7,18,28790,10.267783383606222,95.1,5.245010373459079,9.891369013516847,9.53636580507381,0,1,0,1,0,9.53636580507381,-5,Treated (High-Debt),Spain,ES,2022-02-01,0
ES,2022-03-01,2022,3,13.3,115.7,97.7,18,28790,10.267783383606222,95.1,5.245010373459079,9.891369013516847,9.53636580507381,0,1,0,1,0,9.53636580507381,-4,Treated (High-Debt),Spain,ES,2022-03-01,0
ES,2022-04-01,2022,4,13.2,115.7,97.7,18,28790,10.267783383606222,95.1,5.245010373459079,9.891369013516847,9.53636580507381,0,1,0,1,0,9.53636580507381,-3,Treated (High-Debt),Spain,ES,2022-04-01,0
ES,2022-05-01,2022,5,12.9,115.7,97.7,18,28790,10.267783383606222,95.1,5.245010373459079,9.891369013516847,9.53636580507381,0,1,0,1,0,9.53636580507381,-2,Treated (High-Debt),Spain,ES,2022-05-01,0
ES,2022-06-01,2022,6,12.9,115.7,97.7,18,28790,10.267783383606222,95.1,5.245010373459079,9.891369013516847,9.53636580507381,0,1,0,1,0,9.53636580507381,-1,Treated (High-Debt),Spain,ES,2022-06-01,0
ES,2022-07-01,2022,7,12.7,115.7,97.7,18,28790,10.267783383606222,95.1,5.245010373459079,9.891369013516847,9.53636580507381,0,1,1,1,1,9.53636580507381,0,Treated (High-Debt),Spain,ES,2022-07-01,0
ES,2022-08-01,2022,8,12.8,115.7,97.7,18,28790,10.267783383606222,95.1,5.245010373459079,9.891369013516847,9.53636580507381,0.5,1,1,1,1,9.53636580507381,1,Treated (High-Debt),Spain,ES,2022-08-01,0
ES,2022-09-01,2022,9,13,115.7,97.7,18,28790,10.267783383606222,95.1,5.245010373459079,9.891369013516847,9.53636580507381,0.5,1,1,1,1,9.53636580507381,2,Treated (High-Debt),Spain,ES,2022-09-01,0
ES,2022-10-01,2022,10,13.1,115.7,97.7,18,28790,10.267783383606222,95.1,5.245010373459079,9.891369013516847,9.53636580507381,1.25,1,1,1,1,9.53636580507381,3,Treated (High-Debt),Spain,ES,2022-10-01,0
ES,2022-11-01,2022,11,13.2,115.7,97.7,18,28790,10.267783383606222,95.1,5.245010373459079,9.891369013516847,9.53636580507381,2,1,1,1,1,9.53636580507381,4,Treated (High-Debt),Spain,ES,2022-11-01,0
ES,2022-12-01,2022,12,13.2,115.7,97.7,18,28790,10.267783383606222,95.1,5.245010373459079,9.891369013516847,9.53636580507381,2,1,1,1,1,9.53636580507381,5,Treated (High-Debt),Spain,ES,2022-12-01,0
ES,2023-01-01,2023,1,13.1,115.7,97.7,18,30980,10.341097113970859,96.2,5.245010373459079,9.891369013516847,9.53636580507381,2.5,1,1,1,1,9.53636580507381,6,Treated (High-Debt),Spain,ES,2023-01-01,0
ES,2023-02-01,2023,2,12.9,115.7,97.7,18,30980,10.341097113970859,96.2,5.245010373459079,9.891369013516847,9.53636580507381,2.5,1,1,1,1,9.53636580507381,7,Treated (High-Debt),Spain,ES,2023-02-01,0
ES,2023-03-01,2023,3,12.5,115.7,97.7,18,30980,10.341097113970859,96.2,5.245010373459079,9.891369013516847,9.53636580507381,3,1,1,1,1,9.53636580507381,8,Treated (High-Debt),Spain,ES,2023-03-01,0
ES,2023-04-01,2023,4,12.1,115.7,97.7,18,30980,10.341097113970859,96.2,5.245010373459079,9.891369013516847,9.53636580507381,3,1,1,1,1,9.53636580507381,9,Treated (High-Debt),Spain,ES,2023-04-01,0
ES,2023-05-01,2023,5,12,115.7,97.7,18,30980,10.341097113970859,96.2,5.245010373459079,9.891369013516847,9.53636580507381,3,1,1,1,1,9.53636580507381,10,Treated (High-Debt),Spain,ES,2023-05-01,0
ES,2023-06-01,2023,6,11.9,115.7,97.7,18,30980,10.341097113970859,96.2,5.245010373459079,9.891369013516847,9.53636580507381,3.75,1,1,1,1,9.53636580507381,11,Treated (High-Debt),Spain,ES,2023-06-01,0
ES,2023-07-01,2023,7,12,115.7,97.7,18,30980,10.341097113970859,96.2,5.245010373459079,9.891369013516847,9.53636580507381,4,1,1,1,1,9.53636580507381,12,Treated (High-Debt),Spain,ES,2023-07-01,0
ES,2023-08-01,2023,8,12,115.7,97.7,18,30980,10.341097113970859,96.2,5.245010373459079,9.891369013516847,9.53636580507381,4,1,1,1,1,9.53636580507381,13,Treated (High-Debt),Spain,ES,2023-08-01,0
ES,2023-09-01,2023,9,12,115.7,97.7,18,30980,10.341097113970859,96.2,5.245010373459079,9.891369013516847,9.53636580507381,4.25,1,1,1,1,9.53636580507381,14,Treated (High-Debt),Spain,ES,2023-09-01,0
ES,2023-10-01,2023,10,12,115.7,97.7,18,30980,10.341097113970859,96.2,5.245010373459079,9.891369013516847,9.53636580507381,4.5,1,1,1,1,9.53636580507381,15,Treated (High-Debt),Spain,ES,2023-10-01,0
ES,2023-11-01,2023,11,12,115.7,97.7,18,30980,10.341097113970859,96.2,5.245010373459079,9.891369013516847,9.53636580507381,4.5,1,1,1,1,9.53636580507381,16,Treated (High-Debt),Spain,ES,2023-11-01,0
ES,2023-12-01,2023,12,11.9,115.7,97.7,18,30980,10.341097113970859,96.2,5.245010373459079,9.891369013516847,9.53636580507381,4.5,1,1,1,1,9.53636580507381,17,Treated (High-Debt),Spain,ES,2023-12-01,0
ES,2024-01-01,2024,1,11.9,115.7,97.7,18,32630,10.392987389587367,97.2,5.245010373459079,9.891369013516847,9.53636580507381,4.5,1,1,1,1,9.53636580507381,18,Treated (High-Debt),Spain,ES,2024-01-01,0
ES,2024-02-01,2024,2,11.8,115.7,97.7,18,32630,10.392987389587367,97.2,5.245010373459079,9.891369013516847,9.53636580507381,4.5,1,1,1,1,9.53636580507381,19,Treated (High-Debt),Spain,ES,2024-02-01,0
ES,2024-03-01,2024,3,11.6,115.7,97.7,18,32630,10.392987389587367,97.2,5.245010373459079,9.891369013516847,9.53636580507381,4.5,1,1,1,1,9.53636580507381,20,Treated (High-Debt),Spain,ES,2024-03-01,0
ES,2024-04-01,2024,4,11.6,115.7,97.7,18,32630,10.392987389587367,97.2,5.245010373459079,9.891369013516847,9.53636580507381,4.5,1,1,1,1,9.53636580507381,21,Treated (High-Debt),Spain,ES,2024-04-01,0
ES,2024-05-01,2024,5,11.6,115.7,97.7,18,32630,10.392987389587367,97.2,5.245010373459079,9.891369013516847,9.53636580507381,4.5,1,1,1,1,9.53636580507381,22,Treated (High-Debt),Spain,ES,2024-05-01,0
ES,2024-06-01,2024,6,11.5,115.7,97.7,18,32630,10.392987389587367,97.2,5.245010373459079,9.891369013516847,9.53636580507381,4.5,1,1,1,1,9.53636580507381,23,Treated (High-Debt),Spain,ES,2024-06-01,0
ES,2024-07-01,2024,7,11.4,115.7,97.7,18,32630,10.392987389587367,97.2,5.245010373459079,9.891369013516847,9.53636580507381,4.25,1,1,1,1,9.53636580507381,24,Treated (High-Debt),Spain,ES,2024-07-01,0
ES,2024-08-01,2024,8,11.3,115.7,97.7,18,32630,10.392987389587367,97.2,5.245010373459079,9.891369013516847,9.53636580507381,4.25,1,1,1,1,9.53636580507381,25,Treated (High-Debt),Spain,ES,2024-08-01,0
ES,2024-09-01,2024,9,11.1,115.7,97.7,18,32630,10.392987389587367,97.2,5.245010373459079,9.891369013516847,9.53636580507381,4.25,1,1,1,1,9.53636580507381,26,Treated (High-Debt),Spain,ES,2024-09-01,0
ES,2024-10-01,2024,10,10.9,115.7,97.7,18,32630,10.392987389587367,97.2,5.245010373459079,9.891369013516847,9.53636580507381,3.65,1,1,1,1,9.53636580507381,27,Treated (High-Debt),Spain,ES,2024-10-01,0
ES,2024-11-01,2024,11,10.8,115.7,97.7,18,32630,10.392987389587367,97.2,5.245010373459079,9.891369013516847,9.53636580507381,3.4,1,1,1,1,9.53636580507381,28,Treated (High-Debt),Spain,ES,2024-11-01,0
ES,2024-12-01,2024,12,10.8,115.7,97.7,18,32630,10.392987389587367,97.2,5.245010373459079,9.891369013516847,9.53636580507381,3.4,1,1,1,1,9.53636580507381,29,Treated (High-Debt),Spain,ES,2024-12-01,0
FI,2018-01-01,2018,1,8.5,73.1,65.3,7.799999999999997,42040,10.646376824990888,18.1,1.4874467266266151,11.125543320160975,74.26409253992342,0,0,0,0,0,0,-54,Control (Low-Debt),Finland,FI,2018-01-01,0.20759322088405074
FI,2018-02-01,2018,2,8.4,73.1,65.3,7.799999999999997,42040,10.646376824990888,18.1,1.4874467266266151,11.125543320160975,74.26409253992342,0,0,0,0,0,0,-53,Control (Low-Debt),Finland,FI,2018-02-01,0.20759322088405074
FI,2018-03-01,2018,3,8.3,73.1,65.3,7.799999999999997,42040,10.646376824990888,18.1,1.4874467266266151,11.125543320160975,74.26409253992342,0,0,0,0,0,0,-52,Control (Low-Debt),Finland,FI,2018-03-01,0.20759322088405074
FI,2018-04-01,2018,4,7.7,73.1,65.3,7.799999999999997,42040,10.646376824990888,18.1,1.4874467266266151,11.125543320160975,74.26409253992342,0,0,0,0,0,0,-51,Control (Low-Debt),Finland,FI,2018-04-01,0.20759322088405074
FI,2018-05-01,2018,5,7.4,73.1,65.3,7.799999999999997,42040,10.646376824990888,18.1,1.4874467266266151,11.125543320160975,74.26409253992342,0,0,0,0,0,0,-50,Control (Low-Debt),Finland,FI,2018-05-01,0.20759322088405074
FI,2018-06-01,2018,6,7,73.1,65.3,7.799999999999997,42040,10.646376824990888,18.1,1.4874467266266151,11.125543320160975,74.26409253992342,0,0,0,0,0,0,-49,Control (Low-Debt),Finland,FI,2018-06-01,0.20759322088405074
FI,2018-07-01,2018,7,7.2,73.1,65.3,7.799999999999997,42040,10.646376824990888,18.1,1.4874467266266151,11.125543320160975,74.26409253992342,0,0,0,0,0,0,-48,Control (Low-Debt),Finland,FI,2018-07-01,0.20759322088405074
FI,2018-08-01,2018,8,7.4,73.1,65.3,7.799999999999997,42040,10.646376824990888,18.1,1.4874467266266151,11.125543320160975,74.26409253992342,0,0,0,0,0,0,-47,Control (Low-Debt),Finland,FI,2018-08-01,0.20759322088405074
FI,2018-09-01,2018,9,7,73.1,65.3,7.799999999999997,42040,10.646376824990888,18.1,1.4874467266266151,11.125543320160975,74.26409253992342,0,0,0,0,0,0,-46,Control (Low-Debt),Finland,FI,2018-09-01,0.20759322088405074
FI,2018-10-01,2018,10,7.2,73.1,65.3,7.799999999999997,42040,10.646376824990888,18.1,1.4874467266266151,11.125543320160975,74.26409253992342,0,0,0,0,0,0,-45,Control (Low-Debt),Finland,FI,2018-10-01,0.20759322088405074
FI,2018-11-01,2018,11,7.1,73.1,65.3,7.799999999999997,42040,10.646376824990888,18.1,1.4874467266266151,11.125543320160975,74.26409253992342,0,0,0,0,0,0,-44,Control (Low-Debt),Finland,FI,2018-11-01,0.20759322088405074
FI,2018-12-01,2018,12,5.9,73.1,65.3,7.799999999999997,42040,10.646376824990888,18.1,1.4874467266266151,11.125543320160975,74.26409253992342,0,0,0,0,0,0,-43,Control (Low-Debt),Finland,FI,2018-12-01,0.20759322088405074
FI,2019-01-01,2019,1,6.7,73.1,65.3,7.799999999999997,43200,10.673595774232203,18.2,1.4874467266266151,11.125543320160975,74.26409253992342,0,0,0,0,0,0,-42,Control (Low-Debt),Finland,FI,2019-01-01,0.20759322088405074
FI,2019-02-01,2019,2,7,73.1,65.3,7.799999999999997,43200,10.673595774232203,18.2,1.4874467266266151,11.125543320160975,74.26409253992342,0,0,0,0,0,0,-41,Control (Low-Debt),Finland,FI,2019-02-01,0.20759322088405074
FI,2019-03-01,2019,3,6.5,73.1,65.3,7.799999999999997,43200,10.673595774232203,18.2,1.4874467266266151,11.125543320160975,74.26409253992342,0,0,0,0,0,0,-40,Control (Low-Debt),Finland,FI,2019-03-01,0.20759322088405074
FI,2019-04-01,2019,4,7.2,73.1,65.3,7.799999999999997,43200,10.673595774232203,18.2,1.4874467266266151,11.125543320160975,74.26409253992342,0,0,0,0,0,0,-39,Control (Low-Debt),Finland,FI,2019-04-01,0.20759322088405074
FI,2019-05-01,2019,5,6.9,73.1,65.3,7.799999999999997,43200,10.673595774232203,18.2,1.4874467266266151,11.125543320160975,74.26409253992342,0,0,0,0,0,0,-38,Control (Low-Debt),Finland,FI,2019-05-01,0.20759322088405074
FI,2019-06-01,2019,6,6.2,73.1,65.3,7.799999999999997,43200,10.673595774232203,18.2,1.4874467266266151,11.125543320160975,74.26409253992342,0,0,0,0,0,0,-37,Control (Low-Debt),Finland,FI,2019-06-01,0.20759322088405074
FI,2019-07-01,2019,7,6.5,73.1,65.3,7.799999999999997,43200,10.673595774232203,18.2,1.4874467266266151,11.125543320160975,74.26409253992342,0,0,0,0,0,0,-36,Control (Low-Debt),Finland,FI,2019-07-01,0.20759322088405074
FI,2019-08-01,2019,8,7,73.1,65.3,7.799999999999997,43200,10.673595774232203,18.2,1.4874467266266151,11.125543320160975,74.26409253992342,0,0,0,0,0,0,-35,Control (Low-Debt),Finland,FI,2019-08-01,0.20759322088405074
FI,2019-09-01,2019,9,6.7,73.1,65.3,7.799999999999997,43200,10.673595774232203,18.2,1.4874467266266151,11.125543320160975,74.26409253992342,0,0,0,0,0,0,-34,Control (Low-Debt),Finland,FI,2019-09-01,0.20759322088405074
FI,2019-10-01,2019,10,6.9,73.1,65.3,7.799999999999997,43200,10.673595774232203,18.2,1.4874467266266151,11.125543320160975,74.26409253992342,0,0,0,0,0,0,-33,Control (Low-Debt),Finland,FI,2019-10-01,0.20759322088405074
FI,2019-11-01,2019,11,6.9,73.1,65.3,7.799999999999997,43200,10.673595774232203,18.2,1.4874467266266151,11.125543320160975,74.26409253992342,0,0,0,0,0,0,-32,Control (Low-Debt),Finland,FI,2019-11-01,0.20759322088405074
FI,2019-12-01,2019,12,6.5,73.1,65.3,7.799999999999997,43200,10.673595774232203,18.2,1.4874467266266151,11.125543320160975,74.26409253992342,0,0,0,0,0,0,-31,Control (Low-Debt),Finland,FI,2019-12-01,0.20759322088405074
FI,2020-01-01,2020,1,6.9,73.1,65.3,7.799999999999997,42740,10.662890528873138,18.1,1.4874467266266151,11.125543320160975,74.26409253992342,0,0,0,0,0,0,-30,Control (Low-Debt),Finland,FI,2020-01-01,0.20759322088405074
FI,2020-02-01,2020,2,6.7,73.1,65.3,7.799999999999997,42740,10.662890528873138,18.1,1.4874467266266151,11.125543320160975,74.26409253992342,0,0,0,0,0,0,-29,Control (Low-Debt),Finland,FI,2020-02-01,0.20759322088405074
FI,2020-03-01,2020,3,6.8,73.1,65.3,7.799999999999997,42740,10.662890528873138,18.1,1.4874467266266151,11.125543320160975,74.26409253992342,0,0,0,0,0,0,-28,Control (Low-Debt),Finland,FI,2020-03-01,0.20759322088405074
FI,2020-04-01,2020,4,7.2,73.1,65.3,7.799999999999997,42740,10.662890528873138,18.1,1.4874467266266151,11.125543320160975,74.26409253992342,0,0,0,0,0,0,-27,Control (Low-Debt),Finland,FI,2020-04-01,0.20759322088405074
FI,2020-05-01,2020,5,8.6,73.1,65.3,7.799999999999997,42740,10.662890528873138,18.1,1.4874467266266151,11.125543320160975,74.26409253992342,0,0,0,0,0,0,-26,Control (Low-Debt),Finland,FI,2020-05-01,0.20759322088405074
FI,2020-06-01,2020,6,7.6,73.1,65.3,7.799999999999997,42740,10.662890528873138,18.1,1.4874467266266151,11.125543320160975,74.26409253992342,0,0,0,0,0,0,-25,Control (Low-Debt),Finland,FI,2020-06-01,0.20759322088405074
FI,2020-07-01,2020,7,8.2,73.1,65.3,7.799999999999997,42740,10.662890528873138,18.1,1.4874467266266151,11.125543320160975,74.26409253992342,0,0,0,0,0,0,-24,Control (Low-Debt),Finland,FI,2020-07-01,0.20759322088405074
FI,2020-08-01,2020,8,8.8,73.1,65.3,7.799999999999997,42740,10.662890528873138,18.1,1.4874467266266151,11.125543320160975,74.26409253992342,0,0,0,0,0,0,-23,Control (Low-Debt),Finland,FI,2020-08-01,0.20759322088405074
FI,2020-09-01,2020,9,8.1,73.1,65.3,7.799999999999997,42740,10.662890528873138,18.1,1.4874467266266151,11.125543320160975,74.26409253992342,0,0,0,0,0,0,-22,Control (Low-Debt),Finland,FI,2020-09-01,0.20759322088405074
FI,2020-10-01,2020,10,8.2,73.1,65.3,7.799999999999997,42740,10.662890528873138,18.1,1.4874467266266151,11.125543320160975,74.26409253992342,0,0,0,0,0,0,-21,Control (Low-Debt),Finland,FI,2020-10-01,0.20759322088405074
FI,2020-11-01,2020,11,7.9,73.1,65.3,7.799999999999997,42740,10.662890528873138,18.1,1.4874467266266151,11.125543320160975,74.26409253992342,0,0,0,0,0,0,-20,Control (Low-Debt),Finland,FI,2020-11-01,0.20759322088405074
FI,2020-12-01,2020,12,8.2,73.1,65.3,7.799999999999997,42740,10.662890528873138,18.1,1.4874467266266151,11.125543320160975,74.26409253992342,0,0,0,0,0,0,-19,Control (Low-Debt),Finland,FI,2020-12-01,0.20759322088405074
FI,2021-01-01,2021,1,8.4,73.1,65.3,7.799999999999997,44890,10.711970331775978,18.2,1.4874467266266151,11.125543320160975,74.26409253992342,0,0,0,0,0,0,-18,Control (Low-Debt),Finland,FI,2021-01-01,0.20759322088405074
FI,2021-02-01,2021,2,8.1,73.1,65.3,7.799999999999997,44890,10.711970331775978,18.2,1.4874467266266151,11.125543320160975,74.26409253992342,0,0,0,0,0,0,-17,Control (Low-Debt),Finland,FI,2021-02-01,0.20759322088405074
FI,2021-03-01,2021,3,7.7,73.1,65.3,7.799999999999997,44890,10.711970331775978,18.2,1.4874467266266151,11.125543320160975,74.26409253992342,0,0,0,0,0,0,-16,Control (Low-Debt),Finland,FI,2021-03-01,0.20759322088405074
FI,2021-04-01,2021,4,8.5,73.1,65.3,7.799999999999997,44890,10.711970331775978,18.2,1.4874467266266151,11.125543320160975,74.26409253992342,0,0,0,0,0,0,-15,Control (Low-Debt),Finland,FI,2021-04-01,0.20759322088405074
FI,2021-05-01,2021,5,8.3,73.1,65.3,7.799999999999997,44890,10.711970331775978,18.2,1.4874467266266151,11.125543320160975,74.26409253992342,0,0,0,0,0,0,-14,Control (Low-Debt),Finland,FI,2021-05-01,0.20759322088405074
FI,2021-06-01,2021,6,7.6,73.1,65.3,7.799999999999997,44890,10.711970331775978,18.2,1.4874467266266151,11.125543320160975,74.26409253992342,0,0,0,0,0,0,-13,Control (Low-Debt),Finland,FI,2021-06-01,0.20759322088405074
FI,2021-07-01,2021,7,7.6,73.1,65.3,7.799999999999997,44890,10.711970331775978,18.2,1.4874467266266151,11.125543320160975,74.26409253992342,0,0,0,0,0,0,-12,Control (Low-Debt),Finland,FI,2021-07-01,0.20759322088405074
FI,2021-08-01,2021,8,7,73.1,65.3,7.799999999999997,44890,10.711970331775978,18.2,1.4874467266266151,11.125543320160975,74.26409253992342,0,0,0,0,0,0,-11,Control (Low-Debt),Finland,FI,2021-08-01,0.20759322088405074
FI,2021-09-01,2021,9,7.6,73.1,65.3,7.799999999999997,44890,10.711970331775978,18.2,1.4874467266266151,11.125543320160975,74.26409253992342,0,0,0,0,0,0,-10,Control (Low-Debt),Finland,FI,2021-09-01,0.20759322088405074
FI,2021-10-01,2021,10,6.6,73.1,65.3,7.799999999999997,44890,10.711970331775978,18.2,1.4874467266266151,11.125543320160975,74.26409253992342,0,0,0,0,0,0,-9,Control (Low-Debt),Finland,FI,2021-10-01,0.20759322088405074
FI,2021-11-01,2021,11,6.8,73.1,65.3,7.799999999999997,44890,10.711970331775978,18.2,1.4874467266266151,11.125543320160975,74.26409253992342,0,0,0,0,0,0,-8,Control (Low-Debt),Finland,FI,2021-11-01,0.20759322088405074
FI,2021-12-01,2021,12,7.2,73.1,65.3,7.799999999999997,44890,10.711970331775978,18.2,1.4874467266266151,11.125543320160975,74.26409253992342,0,0,0,0,0,0,-7,Control (Low-Debt),Finland,FI,2021-12-01,0.20759322088405074
FI,2022-01-01,2022,1,7,73.1,65.3,7.799999999999997,47890,10.776661993336655,18.3,1.4874467266266151,11.125543320160975,74.26409253992342,0,0,0,0,0,0,-6,Control (Low-Debt),Finland,FI,2022-01-01,0.20759322088405074
FI,2022-02-01,2022,2,6.6,73.1,65.3,7.799999999999997,47890,10.776661993336655,18.3,1.4874467266266151,11.125543320160975,74.26409253992342,0,0,0,1,0,74.26409253992342,-5,Control (Low-Debt),Finland,FI,2022-02-01,0.20759322088405074
FI,2022-03-01,2022,3,6.6,73.1,65.3,7.799999999999997,47890,10.776661993336655,18.3,1.4874467266266151,11.125543320160975,74.26409253992342,0,0,0,1,0,74.26409253992342,-4,Control (Low-Debt),Finland,FI,2022-03-01,0.20759322088405074
FI,2022-04-01,2022,4,6.2,73.1,65.3,7.799999999999997,47890,10.776661993336655,18.3,1.4874467266266151,11.125543320160975,74.26409253992342,0,0,0,1,0,74.26409253992342,-3,Control (Low-Debt),Finland,FI,2022-04-01,0.20759322088405074
FI,2022-05-01,2022,5,6.2,73.1,65.3,7.799999999999997,47890,10.776661993336655,18.3,1.4874467266266151,11.125543320160975,74.26409253992342,0,0,0,1,0,74.26409253992342,-2,Control (Low-Debt),Finland,FI,2022-05-01,0.20759322088405074
FI,2022-06-01,2022,6,6.8,73.1,65.3,7.799999999999997,47890,10.776661993336655,18.3,1.4874467266266151,11.125543320160975,74.26409253992342,0,0,0,1,0,74.26409253992342,-1,Control (Low-Debt),Finland,FI,2022-06-01,0.20759322088405074
FI,2022-07-01,2022,7,7.1,73.1,65.3,7.799999999999997,47890,10.776661993336655,18.3,1.4874467266266151,11.125543320160975,74.26409253992342,0,0,1,1,0,74.26409253992342,0,Control (Low-Debt),Finland,FI,2022-07-01,0.20759322088405074
FI,2022-08-01,2022,8,7.2,73.1,65.3,7.799999999999997,47890,10.776661993336655,18.3,1.4874467266266151,11.125543320160975,74.26409253992342,0.5,0,1,1,0,74.26409253992342,1,Control (Low-Debt),Finland,FI,2022-08-01,0.20759322088405074
FI,2022-09-01,2022,9,7.2,73.1,65.3,7.799999999999997,47890,10.776661993336655,18.3,1.4874467266266151,11.125543320160975,74.26409253992342,0.5,0,1,1,0,74.26409253992342,2,Control (Low-Debt),Finland,FI,2022-09-01,0.20759322088405074
FI,2022-10-01,2022,10,6.4,73.1,65.3,7.799999999999997,47890,10.776661993336655,18.3,1.4874467266266151,11.125543320160975,74.26409253992342,1.25,0,1,1,0,74.26409253992342,3,Control (Low-Debt),Finland,FI,2022-10-01,0.20759322088405074
FI,2022-11-01,2022,11,6.6,73.1,65.3,7.799999999999997,47890,10.776661993336655,18.3,1.4874467266266151,11.125543320160975,74.26409253992342,2,0,1,1,0,74.26409253992342,4,Control (Low-Debt),Finland,FI,2022-11-01,0.20759322088405074
FI,2022-12-01,2022,12,7.3,73.1,65.3,7.799999999999997,47890,10.776661993336655,18.3,1.4874467266266151,11.125543320160975,74.26409253992342,2,0,1,1,0,74.26409253992342,5,Control (Low-Debt),Finland,FI,2022-12-01,0.20759322088405074
FI,2023-01-01,2023,1,7.2,73.1,65.3,7.799999999999997,48950,10.798554647958657,18.4,1.4874467266266151,11.125543320160975,74.26409253992342,2.5,0,1,1,0,74.26409253992342,6,Control (Low-Debt),Finland,FI,2023-01-01,0.20759322088405074
FI,2023-02-01,2023,2,6.6,73.1,65.3,7.799999999999997,48950,10.798554647958657,18.4,1.4874467266266151,11.125543320160975,74.26409253992342,2.5,0,1,1,0,74.26409253992342,7,Control (Low-Debt),Finland,FI,2023-02-01,0.20759322088405074
FI,2023-03-01,2023,3,6.5,73.1,65.3,7.799999999999997,48950,10.798554647958657,18.4,1.4874467266266151,11.125543320160975,74.26409253992342,3,0,1,1,0,74.26409253992342,8,Control (Low-Debt),Finland,FI,2023-03-01,0.20759322088405074
FI,2023-04-01,2023,4,7.1,73.1,65.3,7.799999999999997,48950,10.798554647958657,18.4,1.4874467266266151,11.125543320160975,74.26409253992342,3,0,1,1,0,74.26409253992342,9,Control (Low-Debt),Finland,FI,2023-04-01,0.20759322088405074
FI,2023-05-01,2023,5,7.2,73.1,65.3,7.799999999999997,48950,10.798554647958657,18.4,1.4874467266266151,11.125543320160975,74.26409253992342,3,0,1,1,0,74.26409253992342,10,Control (Low-Debt),Finland,FI,2023-05-01,0.20759322088405074
FI,2023-06-01,2023,6,7.1,73.1,65.3,7.799999999999997,48950,10.798554647958657,18.4,1.4874467266266151,11.125543320160975,74.26409253992342,3.75,0,1,1,0,74.26409253992342,11,Control (Low-Debt),Finland,FI,2023-06-01,0.20759322088405074
FI,2023-07-01,2023,7,7.4,73.1,65.3,7.799999999999997,48950,10.798554647958657,18.4,1.4874467266266151,11.125543320160975,74.26409253992342,4,0,1,1,0,74.26409253992342,12,Control (Low-Debt),Finland,FI,2023-07-01,0.20759322088405074
FI,2023-08-01,2023,8,7.4,73.1,65.3,7.799999999999997,48950,10.798554647958657,18.4,1.4874467266266151,11.125543320160975,74.26409253992342,4,0,1,1,0,74.26409253992342,13,Control (Low-Debt),Finland,FI,2023-08-01,0.20759322088405074
FI,2023-09-01,2023,9,7.5,73.1,65.3,7.799999999999997,48950,10.798554647958657,18.4,1.4874467266266151,11.125543320160975,74.26409253992342,4.25,0,1,1,0,74.26409253992342,14,Control (Low-Debt),Finland,FI,2023-09-01,0.20759322088405074
FI,2023-10-01,2023,10,7.4,73.1,65.3,7.799999999999997,48950,10.798554647958657,18.4,1.4874467266266151,11.125543320160975,74.26409253992342,4.5,0,1,1,0,74.26409253992342,15,Control (Low-Debt),Finland,FI,2023-10-01,0.20759322088405074
FI,2023-11-01,2023,11,7.6,73.1,65.3,7.799999999999997,48950,10.798554647958657,18.4,1.4874467266266151,11.125543320160975,74.26409253992342,4.5,0,1,1,0,74.26409253992342,16,Control (Low-Debt),Finland,FI,2023-11-01,0.20759322088405074
FI,2023-12-01,2023,12,7.6,73.1,65.3,7.799999999999997,48950,10.798554647958657,18.4,1.4874467266266151,11.125543320160975,74.26409253992342,4.5,0,1,1,0,74.26409253992342,17,Control (Low-Debt),Finland,FI,2023-12-01,0.20759322088405074
FI,2024-01-01,2024,1,7.8,73.1,65.3,7.799999999999997,49100,10.801614313782611,18.5,1.4874467266266151,11.125543320160975,74.26409253992342,4.5,0,1,1,0,74.26409253992342,18,Control (Low-Debt),Finland,FI,2024-01-01,0.20759322088405074
FI,2024-02-01,2024,2,7.7,73.1,65.3,7.799999999999997,49100,10.801614313782611,18.5,1.4874467266266151,11.125543320160975,74.26409253992342,4.5,0,1,1,0,74.26409253992342,19,Control (Low-Debt),Finland,FI,2024-02-01,0.20759322088405074
FI,2024-03-01,2024,3,8.4,73.1,65.3,7.799999999999997,49100,10.801614313782611,18.5,1.4874467266266151,11.125543320160975,74.26409253992342,4.5,0,1,1,0,74.26409253992342,20,Control (Low-Debt),Finland,FI,2024-03-01,0.20759322088405074
FI,2024-04-01,2024,4,8.4,73.1,65.3,7.799999999999997,49100,10.801614313782611,18.5,1.4874467266266151,11.125543320160975,74.26409253992342,4.5,0,1,1,0,74.26409253992342,21,Control (Low-Debt),Finland,FI,2024-04-01,0.20759322088405074
FI,2024-05-01,2024,5,8.3,73.1,65.3,7.799999999999997,49100,10.801614313782611,18.5,1.4874467266266151,11.125543320160975,74.26409253992342,4.5,0,1,1,0,74.26409253992342,22,Control (Low-Debt),Finland,FI,2024-05-01,0.20759322088405074
FI,2024-06-01,2024,6,8.3,73.1,65.3,7.799999999999997,49100,10.801614313782611,18.5,1.4874467266266151,11.125543320160975,74.26409253992342,4.5,0,1,1,0,74.26409253992342,23,Control (Low-Debt),Finland,FI,2024-06-01,0.20759322088405074
FI,2024-07-01,2024,7,8.6,73.1,65.3,7.799999999999997,49100,10.801614313782611,18.5,1.4874467266266151,11.125543320160975,74.26409253992342,4.25,0,1,1,0,74.26409253992342,24,Control (Low-Debt),Finland,FI,2024-07-01,0.20759322088405074
FI,2024-08-01,2024,8,8.3,73.1,65.3,7.799999999999997,49100,10.801614313782611,18.5,1.4874467266266151,11.125543320160975,74.26409253992342,4.25,0,1,1,0,74.26409253992342,25,Control (Low-Debt),Finland,FI,2024-08-01,0.20759322088405074
FI,2024-09-01,2024,9,8.7,73.1,65.3,7.799999999999997,49100,10.801614313782611,18.5,1.4874467266266151,11.125543320160975,74.26409253992342,4.25,0,1,1,0,74.26409253992342,26,Control (Low-Debt),Finland,FI,2024-09-01,0.20759322088405074
FI,2024-10-01,2024,10,8.8,73.1,65.3,7.799999999999997,49100,10.801614313782611,18.5,1.4874467266266151,11.125543320160975,74.26409253992342,3.65,0,1,1,0,74.26409253992342,27,Control (Low-Debt),Finland,FI,2024-10-01,0.20759322088405074
FI,2024-11-01,2024,11,8.9,73.1,65.3,7.799999999999997,49100,10.801614313782611,18.5,1.4874467266266151,11.125543320160975,74.26409253992342,3.4,0,1,1,0,74.26409253992342,28,Control (Low-Debt),Finland,FI,2024-11-01,0.20759322088405074
FI,2024-12-01,2024,12,8.7,73.1,65.3,7.799999999999997,49100,10.801614313782611,18.5,1.4874467266266151,11.125543320160975,74.26409253992342,3.4,0,1,1,0,74.26409253992342,29,Control (Low-Debt),Finland,FI,2024-12-01,0.20759322088405074
FR,2018-01-01,2018,1,9.2,112.8,98.2,14.599999999999994,35080,10.46538644648612,105.9,1.8733309530204734,11.813319596645949,26.058149474751264,0,1,0,0,0,0,-54,Treated (High-Debt),France,FR,2018-01-01,0
FR,2018-02-01,2018,2,9.3,112.8,98.2,14.599999999999994,35080,10.46538644648612,105.9,1.8733309530204734,11.813319596645949,26.058149474751264,0,1,0,0,0,0,-53,Treated (High-Debt),France,FR,2018-02-01,0
FR,2018-03-01,2018,3,9.3,112.8,98.2,14.599999999999994,35080,10.46538644648612,105.9,1.8733309530204734,11.813319596645949,26.058149474751264,0,1,0,0,0,0,-52,Treated (High-Debt),France,FR,2018-03-01,0
FR,2018-04-01,2018,4,9.2,112.8,98.2,14.599999999999994,35080,10.46538644648612,105.9,1.8733309530204734,11.813319596645949,26.058149474751264,0,1,0,0,0,0,-51,Treated (High-Debt),France,FR,2018-04-01,0
FR,2018-05-01,2018,5,9.1,112.8,98.2,14.599999999999994,35080,10.46538644648612,105.9,1.8733309530204734,11.813319596645949,26.058149474751264,0,1,0,0,0,0,-50,Treated (High-Debt),France,FR,2018-05-01,0
FR,2018-06-01,2018,6,9,112.8,98.2,14.599999999999994,35080,10.46538644648612,105.9,1.8733309530204734,11.813319596645949,26.058149474751264,0,1,0,0,0,0,-49,Treated (High-Debt),France,FR,2018-06-01,0
FR,2018-07-01,2018,7,9,112.8,98.2,14.599999999999994,35080,10.46538644648612,105.9,1.8733309530204734,11.813319596645949,26.058149474751264,0,1,0,0,0,0,-48,Treated (High-Debt),France,FR,2018-07-01,0
FR,2018-08-01,2018,8,8.9,112.8,98.2,14.599999999999994,35080,10.46538644648612,105.9,1.8733309530204734,11.813319596645949,26.058149474751264,0,1,0,0,0,0,-47,Treated (High-Debt),France,FR,2018-08-01,0
FR,2018-09-01,2018,9,8.9,112.8,98.2,14.599999999999994,35080,10.46538644648612,105.9,1.8733309530204734,11.813319596645949,26.058149474751264,0,1,0,0,0,0,-46,Treated (High-Debt),France,FR,2018-09-01,0
FR,2018-10-01,2018,10,8.8,112.8,98.2,14.599999999999994,35080,10.46538644648612,105.9,1.8733309530204734,11.813319596645949,26.058149474751264,0,1,0,0,0,0,-45,Treated (High-Debt),France,FR,2018-10-01,0
FR,2018-11-01,2018,11,8.7,112.8,98.2,14.599999999999994,35080,10.46538644648612,105.9,1.8733309530204734,11.813319596645949,26.058149474751264,0,1,0,0,0,0,-44,Treated (High-Debt),France,FR,2018-11-01,0
FR,2018-12-01,2018,12,8.8,112.8,98.2,14.599999999999994,35080,10.46538644648612,105.9,1.8733309530204734,11.813319596645949,26.058149474751264,0,1,0,0,0,0,-43,Treated (High-Debt),France,FR,2018-12-01,0
FR,2019-01-01,2019,1,8.8,112.8,98.2,14.599999999999994,36090,10.493771097636834,106.1,1.8733309530204734,11.813319596645949,26.058149474751264,0,1,0,0,0,0,-42,Treated (High-Debt),France,FR,2019-01-01,0
FR,2019-02-01,2019,2,8.7,112.8,98.2,14.599999999999994,36090,10.493771097636834,106.1,1.8733309530204734,11.813319596645949,26.058149474751264,0,1,0,0,0,0,-41,Treated (High-Debt),France,FR,2019-02-01,0
FR,2019-03-01,2019,3,8.7,112.8,98.2,14.599999999999994,36090,10.493771097636834,106.1,1.8733309530204734,11.813319596645949,26.058149474751264,0,1,0,0,0,0,-40,Treated (High-Debt),France,FR,2019-03-01,0
FR,2019-04-01,2019,4,8.5,112.8,98.2,14.599999999999994,36090,10.493771097636834,106.1,1.8733309530204734,11.813319596645949,26.058149474751264,0,1,0,0,0,0,-39,Treated (High-Debt),France,FR,2019-04-01,0
FR,2019-05-01,2019,5,8.5,112.8,98.2,14.599999999999994,36090,10.493771097636834,106.1,1.8733309530204734,11.813319596645949,26.058149474751264,0,1,0,0,0,0,-38,Treated (High-Debt),France,FR,2019-05-01,0
FR,2019-06-01,2019,6,8.5,112.8,98.2,14.599999999999994,36090,10.493771097636834,106.1,1.8733309530204734,11.813319596645949,26.058149474751264,0,1,0,0,0,0,-37,Treated (High-Debt),France,FR,2019-06-01,0
FR,2019-07-01,2019,7,8.4,112.8,98.2,14.599999999999994,36090,10.493771097636834,106.1,1.8733309530204734,11.813319596645949,26.058149474751264,0,1,0,0,0,0,-36,Treated (High-Debt),France,FR,2019-07-01,0
FR,2019-08-01,2019,8,8.3,112.8,98.2,14.599999999999994,36090,10.493771097636834,106.1,1.8733309530204734,11.813319596645949,26.058149474751264,0,1,0,0,0,0,-35,Treated (High-Debt),France,FR,2019-08-01,0
FR,2019-09-01,2019,9,8.2,112.8,98.2,14.599999999999994,36090,10.493771097636834,106.1,1.8733309530204734,11.813319596645949,26.058149474751264,0,1,0,0,0,0,-34,Treated (High-Debt),France,FR,2019-09-01,0
FR,2019-10-01,2019,10,8.2,112.8,98.2,14.599999999999994,36090,10.493771097636834,106.1,1.8733309530204734,11.813319596645949,26.058149474751264,0,1,0,0,0,0,-33,Treated (High-Debt),France,FR,2019-10-01,0
FR,2019-11-01,2019,11,8.2,112.8,98.2,14.599999999999994,36090,10.493771097636834,106.1,1.8733309530204734,11.813319596645949,26.058149474751264,0,1,0,0,0,0,-32,Treated (High-Debt),France,FR,2019-11-01,0
FR,2019-12-01,2019,12,8.2,112.8,98.2,14.599999999999994,36090,10.493771097636834,106.1,1.8733309530204734,11.813319596645949,26.058149474751264,0,1,0,0,0,0,-31,Treated (High-Debt),France,FR,2019-12-01,0
FR,2020-01-01,2020,1,8.2,112.8,98.2,14.599999999999994,34280,10.442317372711717,106.3,1.8733309530204734,11.813319596645949,26.058149474751264,0,1,0,0,0,0,-30,Treated (High-Debt),France,FR,2020-01-01,0
FR,2020-02-01,2020,2,7.8,112.8,98.2,14.599999999999994,34280,10.442317372711717,106.3,1.8733309530204734,11.813319596645949,26.058149474751264,0,1,0,0,0,0,-29,Treated (High-Debt),France,FR,2020-02-01,0
FR,2020-03-01,2020,3,7.6,112.8,98.2,14.599999999999994,34280,10.442317372711717,106.3,1.8733309530204734,11.813319596645949,26.058149474751264,0,1,0,0,0,0,-28,Treated (High-Debt),France,FR,2020-03-01,0
FR,2020-04-01,2020,4,7.6,112.8,98.2,14.599999999999994,34280,10.442317372711717,106.3,1.8733309530204734,11.813319596645949,26.058149474751264,0,1,0,0,0,0,-27,Treated (High-Debt),France,FR,2020-04-01,0
FR,2020-05-01,2020,5,6.9,112.8,98.2,14.599999999999994,34280,10.442317372711717,106.3,1.8733309530204734,11.813319596645949,26.058149474751264,0,1,0,0,0,0,-26,Treated (High-Debt),France,FR,2020-05-01,0
FR,2020-06-01,2020,6,7.4,112.8,98.2,14.599999999999994,34280,10.442317372711717,106.3,1.8733309530204734,11.813319596645949,26.058149474751264,0,1,0,0,0,0,-25,Treated (High-Debt),France,FR,2020-06-01,0
FR,2020-07-01,2020,7,8.6,112.8,98.2,14.599999999999994,34280,10.442317372711717,106.3,1.8733309530204734,11.813319596645949,26.058149474751264,0,1,0,0,0,0,-24,Treated (High-Debt),France,FR,2020-07-01,0
FR,2020-08-01,2020,8,9,112.8,98.2,14.599999999999994,34280,10.442317372711717,106.3,1.8733309530204734,11.813319596645949,26.058149474751264,0,1,0,0,0,0,-23,Treated (High-Debt),France,FR,2020-08-01,0
FR,2020-09-01,2020,9,9,112.8,98.2,14.599999999999994,34280,10.442317372711717,106.3,1.8733309530204734,11.813319596645949,26.058149474751264,0,1,0,0,0,0,-22,Treated (High-Debt),France,FR,2020-09-01,0
FR,2020-10-01,2020,10,8.3,112.8,98.2,14.599999999999994,34280,10.442317372711717,106.3,1.8733309530204734,11.813319596645949,26.058149474751264,0,1,0,0,0,0,-21,Treated (High-Debt),France,FR,2020-10-01,0
FR,2020-11-01,2020,11,8,112.8,98.2,14.599999999999994,34280,10.442317372711717,106.3,1.8733309530204734,11.813319596645949,26.058149474751264,0,1,0,0,0,0,-20,Treated (High-Debt),France,FR,2020-11-01,0
FR,2020-12-01,2020,12,7.9,112.8,98.2,14.599999999999994,34280,10.442317372711717,106.3,1.8733309530204734,11.813319596645949,26.058149474751264,0,1,0,0,0,0,-19,Treated (High-Debt),France,FR,2020-12-01,0
FR,2021-01-01,2021,1,8.1,112.8,98.2,14.599999999999994,36920,10.516508688616788,106.6,1.8733309530204734,11.813319596645949,26.058149474751264,0,1,0,0,0,0,-18,Treated (High-Debt),France,FR,2021-01-01,0
FR,2021-02-01,2021,2,8.2,112.8,98.2,14.599999999999994,36920,10.516508688616788,106.6,1.8733309530204734,11.813319596645949,26.058149474751264,0,1,0,0,0,0,-17,Treated (High-Debt),France,FR,2021-02-01,0
FR,2021-03-01,2021,3,8.2,112.8,98.2,14.599999999999994,36920,10.516508688616788,106.6,1.8733309530204734,11.813319596645949,26.058149474751264,0,1,0,0,0,0,-16,Treated (High-Debt),France,FR,2021-03-01,0
FR,2021-04-01,2021,4,8.2,112.8,98.2,14.599999999999994,36920,10.516508688616788,106.6,1.8733309530204734,11.813319596645949,26.058149474751264,0,1,0,0,0,0,-15,Treated (High-Debt),France,FR,2021-04-01,0
FR,2021-05-01,2021,5,8,112.8,98.2,14.599999999999994,36920,10.516508688616788,106.6,1.8733309530204734,11.813319596645949,26.058149474751264,0,1,0,0,0,0,-14,Treated (High-Debt),France,FR,2021-05-01,0
FR,2021-06-01,2021,6,7.9,112.8,98.2,14.599999999999994,36920,10.516508688616788,106.6,1.8733309530204734,11.813319596645949,26.058149474751264,0,1,0,0,0,0,-13,Treated (High-Debt),France,FR,2021-06-01,0
FR,2021-07-01,2021,7,7.9,112.8,98.2,14.599999999999994,36920,10.516508688616788,106.6,1.8733309530204734,11.813319596645949,26.058149474751264,0,1,0,0,0,0,-12,Treated (High-Debt),France,FR,2021-07-01,0
FR,2021-08-01,2021,8,7.9,112.8,98.2,14.599999999999994,36920,10.516508688616788,106.6,1.8733309530204734,11.813319596645949,26.058149474751264,0,1,0,0,0,0,-11,Treated (High-Debt),France,FR,2021-08-01,0
FR,2021-09-01,2021,9,7.7,112.8,98.2,14.599999999999994,36920,10.516508688616788,106.6,1.8733309530204734,11.813319596645949,26.058149474751264,0,1,0,0,0,0,-10,Treated (High-Debt),France,FR,2021-09-01,0
FR,2021-10-01,2021,10,7.5,112.8,98.2,14.599999999999994,36920,10.516508688616788,106.6,1.8733309530204734,11.813319596645949,26.058149474751264,0,1,0,0,0,0,-9,Treated (High-Debt),France,FR,2021-10-01,0
FR,2021-11-01,2021,11,7.4,112.8,98.2,14.599999999999994,36920,10.516508688616788,106.6,1.8733309530204734,11.813319596645949,26.058149474751264,0,1,0,0,0,0,-8,Treated (High-Debt),France,FR,2021-11-01,0
FR,2021-12-01,2021,12,7.4,112.8,98.2,14.599999999999994,36920,10.516508688616788,106.6,1.8733309530204734,11.813319596645949,26.058149474751264,0,1,0,0,0,0,-7,Treated (High-Debt),France,FR,2021-12-01,0
FR,2022-01-01,2022,1,7.3,112.8,98.2,14.599999999999994,38920,10.56926353629994,107.6,1.8733309530204734,11.813319596645949,26.058149474751264,0,1,0,0,0,0,-6,Treated (High-Debt),France,FR,2022-01-01,0
FR,2022-02-01,2022,2,7.4,112.8,98.2,14.599999999999994,38920,10.56926353629994,107.6,1.8733309530204734,11.813319596645949,26.058149474751264,0,1,0,1,0,26.058149474751264,-5,Treated (High-Debt),France,FR,2022-02-01,0
FR,2022-03-01,2022,3,7.4,112.8,98.2,14.599999999999994,38920,10.56926353629994,107.6,1.8733309530204734,11.813319596645949,26.058149474751264,0,1,0,1,0,26.058149474751264,-4,Treated (High-Debt),France,FR,2022-03-01,0
FR,2022-04-01,2022,4,7.5,112.8,98.2,14.599999999999994,38920,10.56926353629994,107.6,1.8733309530204734,11.813319596645949,26.058149474751264,0,1,0,1,0,26.058149474751264,-3,Treated (High-Debt),France,FR,2022-04-01,0
FR,2022-05-01,2022,5,7.5,112.8,98.2,14.599999999999994,38920,10.56926353629994,107.6,1.8733309530204734,11.813319596645949,26.058149474751264,0,1,0,1,0,26.058149474751264,-2,Treated (High-Debt),France,FR,2022-05-01,0
FR,2022-06-01,2022,6,7.5,112.8,98.2,14.599999999999994,38920,10.56926353629994,107.6,1.8733309530204734,11.813319596645949,26.058149474751264,0,1,0,1,0,26.058149474751264,-1,Treated (High-Debt),France,FR,2022-06-01,0
FR,2022-07-01,2022,7,7.3,112.8,98.2,14.599999999999994,38920,10.56926353629994,107.6,1.8733309530204734,11.813319596645949,26.058149474751264,0,1,1,1,1,26.058149474751264,0,Treated (High-Debt),France,FR,2022-07-01,0
FR,2022-08-01,2022,8,7.2,112.8,98.2,14.599999999999994,38920,10.56926353629994,107.6,1.8733309530204734,11.813319596645949,26.058149474751264,0.5,1,1,1,1,26.058149474751264,1,Treated (High-Debt),France,FR,2022-08-01,0
FR,2022-09-01,2022,9,7.1,112.8,98.2,14.599999999999994,38920,10.56926353629994,107.6,1.8733309530204734,11.813319596645949,26.058149474751264,0.5,1,1,1,1,26.058149474751264,2,Treated (High-Debt),France,FR,2022-09-01,0
FR,2022-10-01,2022,10,7.2,112.8,98.2,14.599999999999994,38920,10.56926353629994,107.6,1.8733309530204734,11.813319596645949,26.058149474751264,1.25,1,1,1,1,26.058149474751264,3,Treated (High-Debt),France,FR,2022-10-01,0
FR,2022-11-01,2022,11,7.1,112.8,98.2,14.599999999999994,38920,10.56926353629994,107.6,1.8733309530204734,11.813319596645949,26.058149474751264,2,1,1,1,1,26.058149474751264,4,Treated (High-Debt),France,FR,2022-11-01,0
FR,2022-12-01,2022,12,7.2,112.8,98.2,14.599999999999994,38920,10.56926353629994,107.6,1.8733309530204734,11.813319596645949,26.058149474751264,2,1,1,1,1,26.058149474751264,5,Treated (High-Debt),France,FR,2022-12-01,0
FR,2023-01-01,2023,1,7.1,112.8,98.2,14.599999999999994,41340,10.62958583323576,107.9,1.8733309530204734,11.813319596645949,26.058149474751264,2.5,1,1,1,1,26.058149474751264,6,Treated (High-Debt),France,FR,2023-01-01,0
FR,2023-02-01,2023,2,7.1,112.8,98.2,14.599999999999994,41340,10.62958583323576,107.9,1.8733309530204734,11.813319596645949,26.058149474751264,2.5,1,1,1,1,26.058149474751264,7,Treated (High-Debt),France,FR,2023-02-01,0
FR,2023-03-01,2023,3,7.1,112.8,98.2,14.599999999999994,41340,10.62958583323576,107.9,1.8733309530204734,11.813319596645949,26.058149474751264,3,1,1,1,1,26.058149474751264,8,Treated (High-Debt),France,FR,2023-03-01,0
FR,2023-04-01,2023,4,7.3,112.8,98.2,14.599999999999994,41340,10.62958583323576,107.9,1.8733309530204734,11.813319596645949,26.058149474751264,3,1,1,1,1,26.058149474751264,9,Treated (High-Debt),France,FR,2023-04-01,0
FR,2023-05-01,2023,5,7.3,112.8,98.2,14.599999999999994,41340,10.62958583323576,107.9,1.8733309530204734,11.813319596645949,26.058149474751264,3,1,1,1,1,26.058149474751264,10,Treated (High-Debt),France,FR,2023-05-01,0
FR,2023-06-01,2023,6,7.3,112.8,98.2,14.599999999999994,41340,10.62958583323576,107.9,1.8733309530204734,11.813319596645949,26.058149474751264,3.75,1,1,1,1,26.058149474751264,11,Treated (High-Debt),France,FR,2023-06-01,0
FR,2023-07-01,2023,7,7.4,112.8,98.2,14.599999999999994,41340,10.62958583323576,107.9,1.8733309530204734,11.813319596645949,26.058149474751264,4,1,1,1,1,26.058149474751264,12,Treated (High-Debt),France,FR,2023-07-01,0
FR,2023-08-01,2023,8,7.4,112.8,98.2,14.599999999999994,41340,10.62958583323576,107.9,1.8733309530204734,11.813319596645949,26.058149474751264,4,1,1,1,1,26.058149474751264,13,Treated (High-Debt),France,FR,2023-08-01,0
FR,2023-09-01,2023,9,7.4,112.8,98.2,14.599999999999994,41340,10.62958583323576,107.9,1.8733309530204734,11.813319596645949,26.058149474751264,4.25,1,1,1,1,26.058149474751264,14,Treated (High-Debt),France,FR,2023-09-01,0
FR,2023-10-01,2023,10,7.5,112.8,98.2,14.599999999999994,41340,10.62958583323576,107.9,1.8733309530204734,11.813319596645949,26.058149474751264,4.5,1,1,1,1,26.058149474751264,15,Treated (High-Debt),France,FR,2023-10-01,0
FR,2023-11-01,2023,11,7.5,112.8,98.2,14.599999999999994,41340,10.62958583323576,107.9,1.8733309530204734,11.813319596645949,26.058149474751264,4.5,1,1,1,1,26.058149474751264,16,Treated (High-Debt),France,FR,2023-11-01,0
FR,2023-12-01,2023,12,7.6,112.8,98.2,14.599999999999994,41340,10.62958583323576,107.9,1.8733309530204734,11.813319596645949,26.058149474751264,4.5,1,1,1,1,26.058149474751264,17,Treated (High-Debt),France,FR,2023-12-01,0
FR,2024-01-01,2024,1,7.5,112.8,98.2,14.599999999999994,42590,10.65937476291726,108.5,1.8733309530204734,11.813319596645949,26.058149474751264,4.5,1,1,1,1,26.058149474751264,18,Treated (High-Debt),France,FR,2024-01-01,0
FR,2024-02-01,2024,2,7.5,112.8,98.2,14.599999999999994,42590,10.65937476291726,108.5,1.8733309530204734,11.813319596645949,26.058149474751264,4.5,1,1,1,1,26.058149474751264,19,Treated (High-Debt),France,FR,2024-02-01,0
FR,2024-03-01,2024,3,7.4,112.8,98.2,14.599999999999994,42590,10.65937476291726,108.5,1.8733309530204734,11.813319596645949,26.058149474751264,4.5,1,1,1,1,26.058149474751264,20,Treated (High-Debt),France,FR,2024-03-01,0
FR,2024-04-01,2024,4,7.3,112.8,98.2,14.599999999999994,42590,10.65937476291726,108.5,1.8733309530204734,11.813319596645949,26.058149474751264,4.5,1,1,1,1,26.058149474751264,21,Treated (High-Debt),France,FR,2024-04-01,0
FR,2024-05-01,2024,5,7.4,112.8,98.2,14.599999999999994,42590,10.65937476291726,108.5,1.8733309530204734,11.813319596645949,26.058149474751264,4.5,1,1,1,1,26.058149474751264,22,Treated (High-Debt),France,FR,2024-05-01,0
FR,2024-06-01,2024,6,7.5,112.8,98.2,14.599999999999994,42590,10.65937476291726,108.5,1.8733309530204734,11.813319596645949,26.058149474751264,4.5,1,1,1,1,26.058149474751264,23,Treated (High-Debt),France,FR,2024-06-01,0
FR,2024-07-01,2024,7,7.5,112.8,98.2,14.599999999999994,42590,10.65937476291726,108.5,1.8733309530204734,11.813319596645949,26.058149474751264,4.25,1,1,1,1,26.058149474751264,24,Treated (High-Debt),France,FR,2024-07-01,0
FR,2024-08-01,2024,8,7.4,112.8,98.2,14.599999999999994,42590,10.65937476291726,108.5,1.8733309530204734,11.813319596645949,26.058149474751264,4.25,1,1,1,1,26.058149474751264,25,Treated (High-Debt),France,FR,2024-08-01,0
FR,2024-09-01,2024,9,7.4,112.8,98.2,14.599999999999994,42590,10.65937476291726,108.5,1.8733309530204734,11.813319596645949,26.058149474751264,4.25,1,1,1,1,26.058149474751264,26,Treated (High-Debt),France,FR,2024-09-01,0
FR,2024-10-01,2024,10,7.3,112.8,98.2,14.599999999999994,42590,10.65937476291726,108.5,1.8733309530204734,11.813319596645949,26.058149474751264,3.65,1,1,1,1,26.058149474751264,27,Treated (High-Debt),France,FR,2024-10-01,0
FR,2024-11-01,2024,11,7.3,112.8,98.2,14.599999999999994,42590,10.65937476291726,108.5,1.8733309530204734,11.813319596645949,26.058149474751264,3.4,1,1,1,1,26.058149474751264,28,Treated (High-Debt),France,FR,2024-11-01,0
FR,2024-12-01,2024,12,7.2,112.8,98.2,14.599999999999994,42590,10.65937476291726,108.5,1.8733309530204734,11.813319596645949,26.058149474751264,3.4,1,1,1,1,26.058149474751264,29,Treated (High-Debt),France,FR,2024-12-01,0
HR,2018-01-01,2018,1,9.4,78.2,70.9,7.299999999999997,13310,9.496270911389157,73.2,5.215648574316626,10.517949062015248,NA,0,0,0,0,0,NA,-54,Control (Low-Debt),Croatia,HR,2018-01-01,0
HR,2018-02-01,2018,2,9.2,78.2,70.9,7.299999999999997,13310,9.496270911389157,73.2,5.215648574316626,10.517949062015248,NA,0,0,0,0,0,NA,-53,Control (Low-Debt),Croatia,HR,2018-02-01,0
HR,2018-03-01,2018,3,8.9,78.2,70.9,7.299999999999997,13310,9.496270911389157,73.2,5.215648574316626,10.517949062015248,NA,0,0,0,0,0,NA,-52,Control (Low-Debt),Croatia,HR,2018-03-01,0
HR,2018-04-01,2018,4,8.6,78.2,70.9,7.299999999999997,13310,9.496270911389157,73.2,5.215648574316626,10.517949062015248,NA,0,0,0,0,0,NA,-51,Control (Low-Debt),Croatia,HR,2018-04-01,0
HR,2018-05-01,2018,5,8.4,78.2,70.9,7.299999999999997,13310,9.496270911389157,73.2,5.215648574316626,10.517949062015248,NA,0,0,0,0,0,NA,-50,Control (Low-Debt),Croatia,HR,2018-05-01,0
HR,2018-06-01,2018,6,8.4,78.2,70.9,7.299999999999997,13310,9.496270911389157,73.2,5.215648574316626,10.517949062015248,NA,0,0,0,0,0,NA,-49,Control (Low-Debt),Croatia,HR,2018-06-01,0
HR,2018-07-01,2018,7,8.2,78.2,70.9,7.299999999999997,13310,9.496270911389157,73.2,5.215648574316626,10.517949062015248,NA,0,0,0,0,0,NA,-48,Control (Low-Debt),Croatia,HR,2018-07-01,0
HR,2018-08-01,2018,8,8,78.2,70.9,7.299999999999997,13310,9.496270911389157,73.2,5.215648574316626,10.517949062015248,NA,0,0,0,0,0,NA,-47,Control (Low-Debt),Croatia,HR,2018-08-01,0
HR,2018-09-01,2018,9,7.8,78.2,70.9,7.299999999999997,13310,9.496270911389157,73.2,5.215648574316626,10.517949062015248,NA,0,0,0,0,0,NA,-46,Control (Low-Debt),Croatia,HR,2018-09-01,0
HR,2018-10-01,2018,10,7.6,78.2,70.9,7.299999999999997,13310,9.496270911389157,73.2,5.215648574316626,10.517949062015248,NA,0,0,0,0,0,NA,-45,Control (Low-Debt),Croatia,HR,2018-10-01,0
HR,2018-11-01,2018,11,7.4,78.2,70.9,7.299999999999997,13310,9.496270911389157,73.2,5.215648574316626,10.517949062015248,NA,0,0,0,0,0,NA,-44,Control (Low-Debt),Croatia,HR,2018-11-01,0
HR,2018-12-01,2018,12,7.3,78.2,70.9,7.299999999999997,13310,9.496270911389157,73.2,5.215648574316626,10.517949062015248,NA,0,0,0,0,0,NA,-43,Control (Low-Debt),Croatia,HR,2018-12-01,0
HR,2019-01-01,2019,1,7.2,78.2,70.9,7.299999999999997,14130,9.556055475678573,72.8,5.215648574316626,10.517949062015248,NA,0,0,0,0,0,NA,-42,Control (Low-Debt),Croatia,HR,2019-01-01,0
HR,2019-02-01,2019,2,7.1,78.2,70.9,7.299999999999997,14130,9.556055475678573,72.8,5.215648574316626,10.517949062015248,NA,0,0,0,0,0,NA,-41,Control (Low-Debt),Croatia,HR,2019-02-01,0
HR,2019-03-01,2019,3,6.9,78.2,70.9,7.299999999999997,14130,9.556055475678573,72.8,5.215648574316626,10.517949062015248,NA,0,0,0,0,0,NA,-40,Control (Low-Debt),Croatia,HR,2019-03-01,0
HR,2019-04-01,2019,4,6.6,78.2,70.9,7.299999999999997,14130,9.556055475678573,72.8,5.215648574316626,10.517949062015248,NA,0,0,0,0,0,NA,-39,Control (Low-Debt),Croatia,HR,2019-04-01,0
HR,2019-05-01,2019,5,6.5,78.2,70.9,7.299999999999997,14130,9.556055475678573,72.8,5.215648574316626,10.517949062015248,NA,0,0,0,0,0,NA,-38,Control (Low-Debt),Croatia,HR,2019-05-01,0
HR,2019-06-01,2019,6,6.5,78.2,70.9,7.299999999999997,14130,9.556055475678573,72.8,5.215648574316626,10.517949062015248,NA,0,0,0,0,0,NA,-37,Control (Low-Debt),Croatia,HR,2019-06-01,0
HR,2019-07-01,2019,7,6.5,78.2,70.9,7.299999999999997,14130,9.556055475678573,72.8,5.215648574316626,10.517949062015248,NA,0,0,0,0,0,NA,-36,Control (Low-Debt),Croatia,HR,2019-07-01,0
HR,2019-08-01,2019,8,6.5,78.2,70.9,7.299999999999997,14130,9.556055475678573,72.8,5.215648574316626,10.517949062015248,NA,0,0,0,0,0,NA,-35,Control (Low-Debt),Croatia,HR,2019-08-01,0
HR,2019-09-01,2019,9,6.4,78.2,70.9,7.299999999999997,14130,9.556055475678573,72.8,5.215648574316626,10.517949062015248,NA,0,0,0,0,0,NA,-34,Control (Low-Debt),Croatia,HR,2019-09-01,0
HR,2019-10-01,2019,10,6.3,78.2,70.9,7.299999999999997,14130,9.556055475678573,72.8,5.215648574316626,10.517949062015248,NA,0,0,0,0,0,NA,-33,Control (Low-Debt),Croatia,HR,2019-10-01,0
HR,2019-11-01,2019,11,6.2,78.2,70.9,7.299999999999997,14130,9.556055475678573,72.8,5.215648574316626,10.517949062015248,NA,0,0,0,0,0,NA,-32,Control (Low-Debt),Croatia,HR,2019-11-01,0
HR,2019-12-01,2019,12,6.1,78.2,70.9,7.299999999999997,14130,9.556055475678573,72.8,5.215648574316626,10.517949062015248,NA,0,0,0,0,0,NA,-31,Control (Low-Debt),Croatia,HR,2019-12-01,0
HR,2020-01-01,2020,1,6,78.2,70.9,7.299999999999997,12980,9.471164990258082,72.8,5.215648574316626,10.517949062015248,NA,0,0,0,0,0,NA,-30,Control (Low-Debt),Croatia,HR,2020-01-01,0
HR,2020-02-01,2020,2,5.9,78.2,70.9,7.299999999999997,12980,9.471164990258082,72.8,5.215648574316626,10.517949062015248,NA,0,0,0,0,0,NA,-29,Control (Low-Debt),Croatia,HR,2020-02-01,0
HR,2020-03-01,2020,3,6.4,78.2,70.9,7.299999999999997,12980,9.471164990258082,72.8,5.215648574316626,10.517949062015248,NA,0,0,0,0,0,NA,-28,Control (Low-Debt),Croatia,HR,2020-03-01,0
HR,2020-04-01,2020,4,7.6,78.2,70.9,7.299999999999997,12980,9.471164990258082,72.8,5.215648574316626,10.517949062015248,NA,0,0,0,0,0,NA,-27,Control (Low-Debt),Croatia,HR,2020-04-01,0
HR,2020-05-01,2020,5,8,78.2,70.9,7.299999999999997,12980,9.471164990258082,72.8,5.215648574316626,10.517949062015248,NA,0,0,0,0,0,NA,-26,Control (Low-Debt),Croatia,HR,2020-05-01,0
HR,2020-06-01,2020,6,8.1,78.2,70.9,7.299999999999997,12980,9.471164990258082,72.8,5.215648574316626,10.517949062015248,NA,0,0,0,0,0,NA,-25,Control (Low-Debt),Croatia,HR,2020-06-01,0
HR,2020-07-01,2020,7,8.1,78.2,70.9,7.299999999999997,12980,9.471164990258082,72.8,5.215648574316626,10.517949062015248,NA,0,0,0,0,0,NA,-24,Control (Low-Debt),Croatia,HR,2020-07-01,0
HR,2020-08-01,2020,8,8.2,78.2,70.9,7.299999999999997,12980,9.471164990258082,72.8,5.215648574316626,10.517949062015248,NA,0,0,0,0,0,NA,-23,Control (Low-Debt),Croatia,HR,2020-08-01,0
HR,2020-09-01,2020,9,8.3,78.2,70.9,7.299999999999997,12980,9.471164990258082,72.8,5.215648574316626,10.517949062015248,NA,0,0,0,0,0,NA,-22,Control (Low-Debt),Croatia,HR,2020-09-01,0
HR,2020-10-01,2020,10,8.3,78.2,70.9,7.299999999999997,12980,9.471164990258082,72.8,5.215648574316626,10.517949062015248,NA,0,0,0,0,0,NA,-21,Control (Low-Debt),Croatia,HR,2020-10-01,0
HR,2020-11-01,2020,11,8.3,78.2,70.9,7.299999999999997,12980,9.471164990258082,72.8,5.215648574316626,10.517949062015248,NA,0,0,0,0,0,NA,-20,Control (Low-Debt),Croatia,HR,2020-11-01,0
HR,2020-12-01,2020,12,8.4,78.2,70.9,7.299999999999997,12980,9.471164990258082,72.8,5.215648574316626,10.517949062015248,NA,0,0,0,0,0,NA,-19,Control (Low-Debt),Croatia,HR,2020-12-01,0
HR,2021-01-01,2021,1,8.4,78.2,70.9,7.299999999999997,15070,9.620461291620542,72.4,5.215648574316626,10.517949062015248,NA,0,0,0,0,0,NA,-18,Control (Low-Debt),Croatia,HR,2021-01-01,0
HR,2021-02-01,2021,2,8.3,78.2,70.9,7.299999999999997,15070,9.620461291620542,72.4,5.215648574316626,10.517949062015248,NA,0,0,0,0,0,NA,-17,Control (Low-Debt),Croatia,HR,2021-02-01,0
HR,2021-03-01,2021,3,8.2,78.2,70.9,7.299999999999997,15070,9.620461291620542,72.4,5.215648574316626,10.517949062015248,NA,0,0,0,0,0,NA,-16,Control (Low-Debt),Croatia,HR,2021-03-01,0
HR,2021-04-01,2021,4,8.2,78.2,70.9,7.299999999999997,15070,9.620461291620542,72.4,5.215648574316626,10.517949062015248,NA,0,0,0,0,0,NA,-15,Control (Low-Debt),Croatia,HR,2021-04-01,0
HR,2021-05-01,2021,5,8.1,78.2,70.9,7.299999999999997,15070,9.620461291620542,72.4,5.215648574316626,10.517949062015248,NA,0,0,0,0,0,NA,-14,Control (Low-Debt),Croatia,HR,2021-05-01,0
HR,2021-06-01,2021,6,7.6,78.2,70.9,7.299999999999997,15070,9.620461291620542,72.4,5.215648574316626,10.517949062015248,NA,0,0,0,0,0,NA,-13,Control (Low-Debt),Croatia,HR,2021-06-01,0
HR,2021-07-01,2021,7,7.3,78.2,70.9,7.299999999999997,15070,9.620461291620542,72.4,5.215648574316626,10.517949062015248,NA,0,0,0,0,0,NA,-12,Control (Low-Debt),Croatia,HR,2021-07-01,0
HR,2021-08-01,2021,8,7.1,78.2,70.9,7.299999999999997,15070,9.620461291620542,72.4,5.215648574316626,10.517949062015248,NA,0,0,0,0,0,NA,-11,Control (Low-Debt),Croatia,HR,2021-08-01,0
HR,2021-09-01,2021,9,7,78.2,70.9,7.299999999999997,15070,9.620461291620542,72.4,5.215648574316626,10.517949062015248,NA,0,0,0,0,0,NA,-10,Control (Low-Debt),Croatia,HR,2021-09-01,0
HR,2021-10-01,2021,10,6.7,78.2,70.9,7.299999999999997,15070,9.620461291620542,72.4,5.215648574316626,10.517949062015248,NA,0,0,0,0,0,NA,-9,Control (Low-Debt),Croatia,HR,2021-10-01,0
HR,2021-11-01,2021,11,6.5,78.2,70.9,7.299999999999997,15070,9.620461291620542,72.4,5.215648574316626,10.517949062015248,NA,0,0,0,0,0,NA,-8,Control (Low-Debt),Croatia,HR,2021-11-01,0
HR,2021-12-01,2021,12,6.4,78.2,70.9,7.299999999999997,15070,9.620461291620542,72.4,5.215648574316626,10.517949062015248,NA,0,0,0,0,0,NA,-7,Control (Low-Debt),Croatia,HR,2021-12-01,0
HR,2022-01-01,2022,1,6.4,78.2,70.9,7.299999999999997,17540,9.772239265926174,69,5.215648574316626,10.517949062015248,NA,0,0,0,0,0,NA,-6,Control (Low-Debt),Croatia,HR,2022-01-01,0
HR,2022-02-01,2022,2,6.5,78.2,70.9,7.299999999999997,17540,9.772239265926174,69,5.215648574316626,10.517949062015248,NA,0,0,0,1,0,NA,-5,Control (Low-Debt),Croatia,HR,2022-02-01,0
HR,2022-03-01,2022,3,6.6,78.2,70.9,7.299999999999997,17540,9.772239265926174,69,5.215648574316626,10.517949062015248,NA,0,0,0,1,0,NA,-4,Control (Low-Debt),Croatia,HR,2022-03-01,0
HR,2022-04-01,2022,4,6.7,78.2,70.9,7.299999999999997,17540,9.772239265926174,69,5.215648574316626,10.517949062015248,NA,0,0,0,1,0,NA,-3,Control (Low-Debt),Croatia,HR,2022-04-01,0
HR,2022-05-01,2022,5,6.7,78.2,70.9,7.299999999999997,17540,9.772239265926174,69,5.215648574316626,10.517949062015248,NA,0,0,0,1,0,NA,-2,Control (Low-Debt),Croatia,HR,2022-05-01,0
HR,2022-06-01,2022,6,6.8,78.2,70.9,7.299999999999997,17540,9.772239265926174,69,5.215648574316626,10.517949062015248,NA,0,0,0,1,0,NA,-1,Control (Low-Debt),Croatia,HR,2022-06-01,0
HR,2022-07-01,2022,7,6.9,78.2,70.9,7.299999999999997,17540,9.772239265926174,69,5.215648574316626,10.517949062015248,NA,0,0,1,1,0,NA,0,Control (Low-Debt),Croatia,HR,2022-07-01,0
HR,2022-08-01,2022,8,6.9,78.2,70.9,7.299999999999997,17540,9.772239265926174,69,5.215648574316626,10.517949062015248,NA,0.5,0,1,1,0,NA,1,Control (Low-Debt),Croatia,HR,2022-08-01,0
HR,2022-09-01,2022,9,6.8,78.2,70.9,7.299999999999997,17540,9.772239265926174,69,5.215648574316626,10.517949062015248,NA,0.5,0,1,1,0,NA,2,Control (Low-Debt),Croatia,HR,2022-09-01,0
HR,2022-10-01,2022,10,6.8,78.2,70.9,7.299999999999997,17540,9.772239265926174,69,5.215648574316626,10.517949062015248,NA,1.25,0,1,1,0,NA,3,Control (Low-Debt),Croatia,HR,2022-10-01,0
HR,2022-11-01,2022,11,6.8,78.2,70.9,7.299999999999997,17540,9.772239265926174,69,5.215648574316626,10.517949062015248,NA,2,0,1,1,0,NA,4,Control (Low-Debt),Croatia,HR,2022-11-01,0
HR,2022-12-01,2022,12,6.7,78.2,70.9,7.299999999999997,17540,9.772239265926174,69,5.215648574316626,10.517949062015248,NA,2,0,1,1,0,NA,5,Control (Low-Debt),Croatia,HR,2022-12-01,0
HR,2023-01-01,2023,1,6.5,78.2,70.9,7.299999999999997,20530,9.929642510012979,69,5.215648574316626,10.517949062015248,NA,2.5,0,1,1,0,NA,6,Control (Low-Debt),Croatia,HR,2023-01-01,0
HR,2023-02-01,2023,2,6.3,78.2,70.9,7.299999999999997,20530,9.929642510012979,69,5.215648574316626,10.517949062015248,NA,2.5,0,1,1,0,NA,7,Control (Low-Debt),Croatia,HR,2023-02-01,0
HR,2023-03-01,2023,3,6.2,78.2,70.9,7.299999999999997,20530,9.929642510012979,69,5.215648574316626,10.517949062015248,NA,3,0,1,1,0,NA,8,Control (Low-Debt),Croatia,HR,2023-03-01,0
HR,2023-04-01,2023,4,6.1,78.2,70.9,7.299999999999997,20530,9.929642510012979,69,5.215648574316626,10.517949062015248,NA,3,0,1,1,0,NA,9,Control (Low-Debt),Croatia,HR,2023-04-01,0
HR,2023-05-01,2023,5,6.1,78.2,70.9,7.299999999999997,20530,9.929642510012979,69,5.215648574316626,10.517949062015248,NA,3,0,1,1,0,NA,10,Control (Low-Debt),Croatia,HR,2023-05-01,0
HR,2023-06-01,2023,6,6.2,78.2,70.9,7.299999999999997,20530,9.929642510012979,69,5.215648574316626,10.517949062015248,NA,3.75,0,1,1,0,NA,11,Control (Low-Debt),Croatia,HR,2023-06-01,0
HR,2023-07-01,2023,7,6.1,78.2,70.9,7.299999999999997,20530,9.929642510012979,69,5.215648574316626,10.517949062015248,NA,4,0,1,1,0,NA,12,Control (Low-Debt),Croatia,HR,2023-07-01,0
HR,2023-08-01,2023,8,6.1,78.2,70.9,7.299999999999997,20530,9.929642510012979,69,5.215648574316626,10.517949062015248,NA,4,0,1,1,0,NA,13,Control (Low-Debt),Croatia,HR,2023-08-01,0
HR,2023-09-01,2023,9,6,78.2,70.9,7.299999999999997,20530,9.929642510012979,69,5.215648574316626,10.517949062015248,NA,4.25,0,1,1,0,NA,14,Control (Low-Debt),Croatia,HR,2023-09-01,0
HR,2023-10-01,2023,10,5.8,78.2,70.9,7.299999999999997,20530,9.929642510012979,69,5.215648574316626,10.517949062015248,NA,4.5,0,1,1,0,NA,15,Control (Low-Debt),Croatia,HR,2023-10-01,0
HR,2023-11-01,2023,11,5.7,78.2,70.9,7.299999999999997,20530,9.929642510012979,69,5.215648574316626,10.517949062015248,NA,4.5,0,1,1,0,NA,16,Control (Low-Debt),Croatia,HR,2023-11-01,0
HR,2023-12-01,2023,12,5.6,78.2,70.9,7.299999999999997,20530,9.929642510012979,69,5.215648574316626,10.517949062015248,NA,4.5,0,1,1,0,NA,17,Control (Low-Debt),Croatia,HR,2023-12-01,0
HR,2024-01-01,2024,1,5.4,78.2,70.9,7.299999999999997,22200,10.00784756786037,69.2,5.215648574316626,10.517949062015248,NA,4.5,0,1,1,0,NA,18,Control (Low-Debt),Croatia,HR,2024-01-01,0
HR,2024-02-01,2024,2,5.3,78.2,70.9,7.299999999999997,22200,10.00784756786037,69.2,5.215648574316626,10.517949062015248,NA,4.5,0,1,1,0,NA,19,Control (Low-Debt),Croatia,HR,2024-02-01,0
HR,2024-03-01,2024,3,5.3,78.2,70.9,7.299999999999997,22200,10.00784756786037,69.2,5.215648574316626,10.517949062015248,NA,4.5,0,1,1,0,NA,20,Control (Low-Debt),Croatia,HR,2024-03-01,0
HR,2024-04-01,2024,4,5.2,78.2,70.9,7.299999999999997,22200,10.00784756786037,69.2,5.215648574316626,10.517949062015248,NA,4.5,0,1,1,0,NA,21,Control (Low-Debt),Croatia,HR,2024-04-01,0
HR,2024-05-01,2024,5,5.2,78.2,70.9,7.299999999999997,22200,10.00784756786037,69.2,5.215648574316626,10.517949062015248,NA,4.5,0,1,1,0,NA,22,Control (Low-Debt),Croatia,HR,2024-05-01,0
HR,2024-06-01,2024,6,5.1,78.2,70.9,7.299999999999997,22200,10.00784756786037,69.2,5.215648574316626,10.517949062015248,NA,4.5,0,1,1,0,NA,23,Control (Low-Debt),Croatia,HR,2024-06-01,0
HR,2024-07-01,2024,7,5.1,78.2,70.9,7.299999999999997,22200,10.00784756786037,69.2,5.215648574316626,10.517949062015248,NA,4.25,0,1,1,0,NA,24,Control (Low-Debt),Croatia,HR,2024-07-01,0
HR,2024-08-01,2024,8,5.1,78.2,70.9,7.299999999999997,22200,10.00784756786037,69.2,5.215648574316626,10.517949062015248,NA,4.25,0,1,1,0,NA,25,Control (Low-Debt),Croatia,HR,2024-08-01,0
HR,2024-09-01,2024,9,5,78.2,70.9,7.299999999999997,22200,10.00784756786037,69.2,5.215648574316626,10.517949062015248,NA,4.25,0,1,1,0,NA,26,Control (Low-Debt),Croatia,HR,2024-09-01,0
HR,2024-10-01,2024,10,5,78.2,70.9,7.299999999999997,22200,10.00784756786037,69.2,5.215648574316626,10.517949062015248,NA,3.65,0,1,1,0,NA,27,Control (Low-Debt),Croatia,HR,2024-10-01,0
HR,2024-11-01,2024,11,5,78.2,70.9,7.299999999999997,22200,10.00784756786037,69.2,5.215648574316626,10.517949062015248,NA,3.4,0,1,1,0,NA,28,Control (Low-Debt),Croatia,HR,2024-11-01,0
HR,2024-12-01,2024,12,4.9,78.2,70.9,7.299999999999997,22200,10.00784756786037,69.2,5.215648574316626,10.517949062015248,NA,3.4,0,1,1,0,NA,29,Control (Low-Debt),Croatia,HR,2024-12-01,0
IE,2018-01-01,2018,1,6.1,52.4,55.8,-3.3999999999999986,68530,11.135026884579869,70.9,1.2882853847442466,12.557954515208131,0,0,0,0,0,0,0,-54,Control (Low-Debt),Ireland,IE,2018-01-01,0.7092679215359918
IE,2018-02-01,2018,2,5.9,52.4,55.8,-3.3999999999999986,68530,11.135026884579869,70.9,1.2882853847442466,12.557954515208131,0,0,0,0,0,0,0,-53,Control (Low-Debt),Ireland,IE,2018-02-01,0.7092679215359918
IE,2018-03-01,2018,3,5.8,52.4,55.8,-3.3999999999999986,68530,11.135026884579869,70.9,1.2882853847442466,12.557954515208131,0,0,0,0,0,0,0,-52,Control (Low-Debt),Ireland,IE,2018-03-01,0.7092679215359918
IE,2018-04-01,2018,4,5.9,52.4,55.8,-3.3999999999999986,68530,11.135026884579869,70.9,1.2882853847442466,12.557954515208131,0,0,0,0,0,0,0,-51,Control (Low-Debt),Ireland,IE,2018-04-01,0.7092679215359918
IE,2018-05-01,2018,5,5.9,52.4,55.8,-3.3999999999999986,68530,11.135026884579869,70.9,1.2882853847442466,12.557954515208131,0,0,0,0,0,0,0,-50,Control (Low-Debt),Ireland,IE,2018-05-01,0.7092679215359918
IE,2018-06-01,2018,6,5.8,52.4,55.8,-3.3999999999999986,68530,11.135026884579869,70.9,1.2882853847442466,12.557954515208131,0,0,0,0,0,0,0,-49,Control (Low-Debt),Ireland,IE,2018-06-01,0.7092679215359918
IE,2018-07-01,2018,7,5.7,52.4,55.8,-3.3999999999999986,68530,11.135026884579869,70.9,1.2882853847442466,12.557954515208131,0,0,0,0,0,0,0,-48,Control (Low-Debt),Ireland,IE,2018-07-01,0.7092679215359918
IE,2018-08-01,2018,8,5.7,52.4,55.8,-3.3999999999999986,68530,11.135026884579869,70.9,1.2882853847442466,12.557954515208131,0,0,0,0,0,0,0,-47,Control (Low-Debt),Ireland,IE,2018-08-01,0.7092679215359918
IE,2018-09-01,2018,9,5.7,52.4,55.8,-3.3999999999999986,68530,11.135026884579869,70.9,1.2882853847442466,12.557954515208131,0,0,0,0,0,0,0,-46,Control (Low-Debt),Ireland,IE,2018-09-01,0.7092679215359918
IE,2018-10-01,2018,10,5.9,52.4,55.8,-3.3999999999999986,68530,11.135026884579869,70.9,1.2882853847442466,12.557954515208131,0,0,0,0,0,0,0,-45,Control (Low-Debt),Ireland,IE,2018-10-01,0.7092679215359918
IE,2018-11-01,2018,11,5.7,52.4,55.8,-3.3999999999999986,68530,11.135026884579869,70.9,1.2882853847442466,12.557954515208131,0,0,0,0,0,0,0,-44,Control (Low-Debt),Ireland,IE,2018-11-01,0.7092679215359918
IE,2018-12-01,2018,12,5.5,52.4,55.8,-3.3999999999999986,68530,11.135026884579869,70.9,1.2882853847442466,12.557954515208131,0,0,0,0,0,0,0,-43,Control (Low-Debt),Ireland,IE,2018-12-01,0.7092679215359918
IE,2019-01-01,2019,1,5.1,52.4,55.8,-3.3999999999999986,73230,11.201360452055116,71.9,1.2882853847442466,12.557954515208131,0,0,0,0,0,0,0,-42,Control (Low-Debt),Ireland,IE,2019-01-01,0.7092679215359918
IE,2019-02-01,2019,2,4.9,52.4,55.8,-3.3999999999999986,73230,11.201360452055116,71.9,1.2882853847442466,12.557954515208131,0,0,0,0,0,0,0,-41,Control (Low-Debt),Ireland,IE,2019-02-01,0.7092679215359918
IE,2019-03-01,2019,3,5,52.4,55.8,-3.3999999999999986,73230,11.201360452055116,71.9,1.2882853847442466,12.557954515208131,0,0,0,0,0,0,0,-40,Control (Low-Debt),Ireland,IE,2019-03-01,0.7092679215359918
IE,2019-04-01,2019,4,5.1,52.4,55.8,-3.3999999999999986,73230,11.201360452055116,71.9,1.2882853847442466,12.557954515208131,0,0,0,0,0,0,0,-39,Control (Low-Debt),Ireland,IE,2019-04-01,0.7092679215359918
IE,2019-05-01,2019,5,5.2,52.4,55.8,-3.3999999999999986,73230,11.201360452055116,71.9,1.2882853847442466,12.557954515208131,0,0,0,0,0,0,0,-38,Control (Low-Debt),Ireland,IE,2019-05-01,0.7092679215359918
IE,2019-06-01,2019,6,5.2,52.4,55.8,-3.3999999999999986,73230,11.201360452055116,71.9,1.2882853847442466,12.557954515208131,0,0,0,0,0,0,0,-37,Control (Low-Debt),Ireland,IE,2019-06-01,0.7092679215359918
IE,2019-07-01,2019,7,5.1,52.4,55.8,-3.3999999999999986,73230,11.201360452055116,71.9,1.2882853847442466,12.557954515208131,0,0,0,0,0,0,0,-36,Control (Low-Debt),Ireland,IE,2019-07-01,0.7092679215359918
IE,2019-08-01,2019,8,5,52.4,55.8,-3.3999999999999986,73230,11.201360452055116,71.9,1.2882853847442466,12.557954515208131,0,0,0,0,0,0,0,-35,Control (Low-Debt),Ireland,IE,2019-08-01,0.7092679215359918
IE,2019-09-01,2019,9,4.9,52.4,55.8,-3.3999999999999986,73230,11.201360452055116,71.9,1.2882853847442466,12.557954515208131,0,0,0,0,0,0,0,-34,Control (Low-Debt),Ireland,IE,2019-09-01,0.7092679215359918
IE,2019-10-01,2019,10,4.8,52.4,55.8,-3.3999999999999986,73230,11.201360452055116,71.9,1.2882853847442466,12.557954515208131,0,0,0,0,0,0,0,-33,Control (Low-Debt),Ireland,IE,2019-10-01,0.7092679215359918
IE,2019-11-01,2019,11,4.8,52.4,55.8,-3.3999999999999986,73230,11.201360452055116,71.9,1.2882853847442466,12.557954515208131,0,0,0,0,0,0,0,-32,Control (Low-Debt),Ireland,IE,2019-11-01,0.7092679215359918
IE,2019-12-01,2019,12,4.8,52.4,55.8,-3.3999999999999986,73230,11.201360452055116,71.9,1.2882853847442466,12.557954515208131,0,0,0,0,0,0,0,-31,Control (Low-Debt),Ireland,IE,2019-12-01,0.7092679215359918
IE,2020-01-01,2020,1,5,52.4,55.8,-3.3999999999999986,75820,11.236117389070326,71.9,1.2882853847442466,12.557954515208131,0,0,0,0,0,0,0,-30,Control (Low-Debt),Ireland,IE,2020-01-01,0.7092679215359918
IE,2020-02-01,2020,2,4.8,52.4,55.8,-3.3999999999999986,75820,11.236117389070326,71.9,1.2882853847442466,12.557954515208131,0,0,0,0,0,0,0,-29,Control (Low-Debt),Ireland,IE,2020-02-01,0.7092679215359918
IE,2020-03-01,2020,3,4.9,52.4,55.8,-3.3999999999999986,75820,11.236117389070326,71.9,1.2882853847442466,12.557954515208131,0,0,0,0,0,0,0,-28,Control (Low-Debt),Ireland,IE,2020-03-01,0.7092679215359918
IE,2020-04-01,2020,4,4.7,52.4,55.8,-3.3999999999999986,75820,11.236117389070326,71.9,1.2882853847442466,12.557954515208131,0,0,0,0,0,0,0,-27,Control (Low-Debt),Ireland,IE,2020-04-01,0.7092679215359918
IE,2020-05-01,2020,5,5,52.4,55.8,-3.3999999999999986,75820,11.236117389070326,71.9,1.2882853847442466,12.557954515208131,0,0,0,0,0,0,0,-26,Control (Low-Debt),Ireland,IE,2020-05-01,0.7092679215359918
IE,2020-06-01,2020,6,5.7,52.4,55.8,-3.3999999999999986,75820,11.236117389070326,71.9,1.2882853847442466,12.557954515208131,0,0,0,0,0,0,0,-25,Control (Low-Debt),Ireland,IE,2020-06-01,0.7092679215359918
IE,2020-07-01,2020,7,6.8,52.4,55.8,-3.3999999999999986,75820,11.236117389070326,71.9,1.2882853847442466,12.557954515208131,0,0,0,0,0,0,0,-24,Control (Low-Debt),Ireland,IE,2020-07-01,0.7092679215359918
IE,2020-08-01,2020,8,7.2,52.4,55.8,-3.3999999999999986,75820,11.236117389070326,71.9,1.2882853847442466,12.557954515208131,0,0,0,0,0,0,0,-23,Control (Low-Debt),Ireland,IE,2020-08-01,0.7092679215359918
IE,2020-09-01,2020,9,7.2,52.4,55.8,-3.3999999999999986,75820,11.236117389070326,71.9,1.2882853847442466,12.557954515208131,0,0,0,0,0,0,0,-22,Control (Low-Debt),Ireland,IE,2020-09-01,0.7092679215359918
IE,2020-10-01,2020,10,6.4,52.4,55.8,-3.3999999999999986,75820,11.236117389070326,71.9,1.2882853847442466,12.557954515208131,0,0,0,0,0,0,0,-21,Control (Low-Debt),Ireland,IE,2020-10-01,0.7092679215359918
IE,2020-11-01,2020,11,6.2,52.4,55.8,-3.3999999999999986,75820,11.236117389070326,71.9,1.2882853847442466,12.557954515208131,0,0,0,0,0,0,0,-20,Control (Low-Debt),Ireland,IE,2020-11-01,0.7092679215359918
IE,2020-12-01,2020,12,6.2,52.4,55.8,-3.3999999999999986,75820,11.236117389070326,71.9,1.2882853847442466,12.557954515208131,0,0,0,0,0,0,0,-19,Control (Low-Debt),Ireland,IE,2020-12-01,0.7092679215359918
IE,2021-01-01,2021,1,7,52.4,55.8,-3.3999999999999986,88070,11.385887231799504,72.6,1.2882853847442466,12.557954515208131,0,0,0,0,0,0,0,-18,Control (Low-Debt),Ireland,IE,2021-01-01,0.7092679215359918
IE,2021-02-01,2021,2,7.5,52.4,55.8,-3.3999999999999986,88070,11.385887231799504,72.6,1.2882853847442466,12.557954515208131,0,0,0,0,0,0,0,-17,Control (Low-Debt),Ireland,IE,2021-02-01,0.7092679215359918
IE,2021-03-01,2021,3,7.7,52.4,55.8,-3.3999999999999986,88070,11.385887231799504,72.6,1.2882853847442466,12.557954515208131,0,0,0,0,0,0,0,-16,Control (Low-Debt),Ireland,IE,2021-03-01,0.7092679215359918
IE,2021-04-01,2021,4,7.6,52.4,55.8,-3.3999999999999986,88070,11.385887231799504,72.6,1.2882853847442466,12.557954515208131,0,0,0,0,0,0,0,-15,Control (Low-Debt),Ireland,IE,2021-04-01,0.7092679215359918
IE,2021-05-01,2021,5,7,52.4,55.8,-3.3999999999999986,88070,11.385887231799504,72.6,1.2882853847442466,12.557954515208131,0,0,0,0,0,0,0,-14,Control (Low-Debt),Ireland,IE,2021-05-01,0.7092679215359918
IE,2021-06-01,2021,6,6.4,52.4,55.8,-3.3999999999999986,88070,11.385887231799504,72.6,1.2882853847442466,12.557954515208131,0,0,0,0,0,0,0,-13,Control (Low-Debt),Ireland,IE,2021-06-01,0.7092679215359918
IE,2021-07-01,2021,7,5.8,52.4,55.8,-3.3999999999999986,88070,11.385887231799504,72.6,1.2882853847442466,12.557954515208131,0,0,0,0,0,0,0,-12,Control (Low-Debt),Ireland,IE,2021-07-01,0.7092679215359918
IE,2021-08-01,2021,8,5.4,52.4,55.8,-3.3999999999999986,88070,11.385887231799504,72.6,1.2882853847442466,12.557954515208131,0,0,0,0,0,0,0,-11,Control (Low-Debt),Ireland,IE,2021-08-01,0.7092679215359918
IE,2021-09-01,2021,9,5.1,52.4,55.8,-3.3999999999999986,88070,11.385887231799504,72.6,1.2882853847442466,12.557954515208131,0,0,0,0,0,0,0,-10,Control (Low-Debt),Ireland,IE,2021-09-01,0.7092679215359918
IE,2021-10-01,2021,10,5.2,52.4,55.8,-3.3999999999999986,88070,11.385887231799504,72.6,1.2882853847442466,12.557954515208131,0,0,0,0,0,0,0,-9,Control (Low-Debt),Ireland,IE,2021-10-01,0.7092679215359918
IE,2021-11-01,2021,11,5.3,52.4,55.8,-3.3999999999999986,88070,11.385887231799504,72.6,1.2882853847442466,12.557954515208131,0,0,0,0,0,0,0,-8,Control (Low-Debt),Ireland,IE,2021-11-01,0.7092679215359918
IE,2021-12-01,2021,12,5.1,52.4,55.8,-3.3999999999999986,88070,11.385887231799504,72.6,1.2882853847442466,12.557954515208131,0,0,0,0,0,0,0,-7,Control (Low-Debt),Ireland,IE,2021-12-01,0.7092679215359918
IE,2022-01-01,2022,1,5,52.4,55.8,-3.3999999999999986,100140,11.514324485883936,75.9,1.2882853847442466,12.557954515208131,0,0,0,0,0,0,0,-6,Control (Low-Debt),Ireland,IE,2022-01-01,0.7092679215359918
IE,2022-02-01,2022,2,4.7,52.4,55.8,-3.3999999999999986,100140,11.514324485883936,75.9,1.2882853847442466,12.557954515208131,0,0,0,0,1,0,0,-5,Control (Low-Debt),Ireland,IE,2022-02-01,0.7092679215359918
IE,2022-03-01,2022,3,5,52.4,55.8,-3.3999999999999986,100140,11.514324485883936,75.9,1.2882853847442466,12.557954515208131,0,0,0,0,1,0,0,-4,Control (Low-Debt),Ireland,IE,2022-03-01,0.7092679215359918
IE,2022-04-01,2022,4,4.5,52.4,55.8,-3.3999999999999986,100140,11.514324485883936,75.9,1.2882853847442466,12.557954515208131,0,0,0,0,1,0,0,-3,Control (Low-Debt),Ireland,IE,2022-04-01,0.7092679215359918
IE,2022-05-01,2022,5,4.2,52.4,55.8,-3.3999999999999986,100140,11.514324485883936,75.9,1.2882853847442466,12.557954515208131,0,0,0,0,1,0,0,-2,Control (Low-Debt),Ireland,IE,2022-05-01,0.7092679215359918
IE,2022-06-01,2022,6,4.1,52.4,55.8,-3.3999999999999986,100140,11.514324485883936,75.9,1.2882853847442466,12.557954515208131,0,0,0,0,1,0,0,-1,Control (Low-Debt),Ireland,IE,2022-06-01,0.7092679215359918
IE,2022-07-01,2022,7,4.2,52.4,55.8,-3.3999999999999986,100140,11.514324485883936,75.9,1.2882853847442466,12.557954515208131,0,0,0,1,1,0,0,0,Control (Low-Debt),Ireland,IE,2022-07-01,0.7092679215359918
IE,2022-08-01,2022,8,4.3,52.4,55.8,-3.3999999999999986,100140,11.514324485883936,75.9,1.2882853847442466,12.557954515208131,0,0.5,0,1,1,0,0,1,Control (Low-Debt),Ireland,IE,2022-08-01,0.7092679215359918
IE,2022-09-01,2022,9,4.2,52.4,55.8,-3.3999999999999986,100140,11.514324485883936,75.9,1.2882853847442466,12.557954515208131,0,0.5,0,1,1,0,0,2,Control (Low-Debt),Ireland,IE,2022-09-01,0.7092679215359918
IE,2022-10-01,2022,10,4.4,52.4,55.8,-3.3999999999999986,100140,11.514324485883936,75.9,1.2882853847442466,12.557954515208131,0,1.25,0,1,1,0,0,3,Control (Low-Debt),Ireland,IE,2022-10-01,0.7092679215359918
IE,2022-11-01,2022,11,4.5,52.4,55.8,-3.3999999999999986,100140,11.514324485883936,75.9,1.2882853847442466,12.557954515208131,0,2,0,1,1,0,0,4,Control (Low-Debt),Ireland,IE,2022-11-01,0.7092679215359918
IE,2022-12-01,2022,12,4.3,52.4,55.8,-3.3999999999999986,100140,11.514324485883936,75.9,1.2882853847442466,12.557954515208131,0,2,0,1,1,0,0,5,Control (Low-Debt),Ireland,IE,2022-12-01,0.7092679215359918
IE,2023-01-01,2023,1,4.3,52.4,55.8,-3.3999999999999986,99080,11.503682883603297,77.4,1.2882853847442466,12.557954515208131,0,2.5,0,1,1,0,0,6,Control (Low-Debt),Ireland,IE,2023-01-01,0.7092679215359918
IE,2023-02-01,2023,2,4.2,52.4,55.8,-3.3999999999999986,99080,11.503682883603297,77.4,1.2882853847442466,12.557954515208131,0,2.5,0,1,1,0,0,7,Control (Low-Debt),Ireland,IE,2023-02-01,0.7092679215359918
IE,2023-03-01,2023,3,4.1,52.4,55.8,-3.3999999999999986,99080,11.503682883603297,77.4,1.2882853847442466,12.557954515208131,0,3,0,1,1,0,0,8,Control (Low-Debt),Ireland,IE,2023-03-01,0.7092679215359918
IE,2023-04-01,2023,4,4.1,52.4,55.8,-3.3999999999999986,99080,11.503682883603297,77.4,1.2882853847442466,12.557954515208131,0,3,0,1,1,0,0,9,Control (Low-Debt),Ireland,IE,2023-04-01,0.7092679215359918
IE,2023-05-01,2023,5,4.2,52.4,55.8,-3.3999999999999986,99080,11.503682883603297,77.4,1.2882853847442466,12.557954515208131,0,3,0,1,1,0,0,10,Control (Low-Debt),Ireland,IE,2023-05-01,0.7092679215359918
IE,2023-06-01,2023,6,4.3,52.4,55.8,-3.3999999999999986,99080,11.503682883603297,77.4,1.2882853847442466,12.557954515208131,0,3.75,0,1,1,0,0,11,Control (Low-Debt),Ireland,IE,2023-06-01,0.7092679215359918
IE,2023-07-01,2023,7,4.3,52.4,55.8,-3.3999999999999986,99080,11.503682883603297,77.4,1.2882853847442466,12.557954515208131,0,4,0,1,1,0,0,12,Control (Low-Debt),Ireland,IE,2023-07-01,0.7092679215359918
IE,2023-08-01,2023,8,4.3,52.4,55.8,-3.3999999999999986,99080,11.503682883603297,77.4,1.2882853847442466,12.557954515208131,0,4,0,1,1,0,0,13,Control (Low-Debt),Ireland,IE,2023-08-01,0.7092679215359918
IE,2023-09-01,2023,9,4.5,52.4,55.8,-3.3999999999999986,99080,11.503682883603297,77.4,1.2882853847442466,12.557954515208131,0,4.25,0,1,1,0,0,14,Control (Low-Debt),Ireland,IE,2023-09-01,0.7092679215359918
IE,2023-10-01,2023,10,4.5,52.4,55.8,-3.3999999999999986,99080,11.503682883603297,77.4,1.2882853847442466,12.557954515208131,0,4.5,0,1,1,0,0,15,Control (Low-Debt),Ireland,IE,2023-10-01,0.7092679215359918
IE,2023-11-01,2023,11,4.5,52.4,55.8,-3.3999999999999986,99080,11.503682883603297,77.4,1.2882853847442466,12.557954515208131,0,4.5,0,1,1,0,0,16,Control (Low-Debt),Ireland,IE,2023-11-01,0.7092679215359918
IE,2023-12-01,2023,12,4.4,52.4,55.8,-3.3999999999999986,99080,11.503682883603297,77.4,1.2882853847442466,12.557954515208131,0,4.5,0,1,1,0,0,17,Control (Low-Debt),Ireland,IE,2023-12-01,0.7092679215359918
IE,2024-01-01,2024,1,4.5,52.4,55.8,-3.3999999999999986,104510,11.55703803958855,78.6,1.2882853847442466,12.557954515208131,0,4.5,0,1,1,0,0,18,Control (Low-Debt),Ireland,IE,2024-01-01,0.7092679215359918
IE,2024-02-01,2024,2,4.2,52.4,55.8,-3.3999999999999986,104510,11.55703803958855,78.6,1.2882853847442466,12.557954515208131,0,4.5,0,1,1,0,0,19,Control (Low-Debt),Ireland,IE,2024-02-01,0.7092679215359918
IE,2024-03-01,2024,3,4.3,52.4,55.8,-3.3999999999999986,104510,11.55703803958855,78.6,1.2882853847442466,12.557954515208131,0,4.5,0,1,1,0,0,20,Control (Low-Debt),Ireland,IE,2024-03-01,0.7092679215359918
IE,2024-04-01,2024,4,4.4,52.4,55.8,-3.3999999999999986,104510,11.55703803958855,78.6,1.2882853847442466,12.557954515208131,0,4.5,0,1,1,0,0,21,Control (Low-Debt),Ireland,IE,2024-04-01,0.7092679215359918
IE,2024-05-01,2024,5,4.4,52.4,55.8,-3.3999999999999986,104510,11.55703803958855,78.6,1.2882853847442466,12.557954515208131,0,4.5,0,1,1,0,0,22,Control (Low-Debt),Ireland,IE,2024-05-01,0.7092679215359918
IE,2024-06-01,2024,6,4.4,52.4,55.8,-3.3999999999999986,104510,11.55703803958855,78.6,1.2882853847442466,12.557954515208131,0,4.5,0,1,1,0,0,23,Control (Low-Debt),Ireland,IE,2024-06-01,0.7092679215359918
IE,2024-07-01,2024,7,4.4,52.4,55.8,-3.3999999999999986,104510,11.55703803958855,78.6,1.2882853847442466,12.557954515208131,0,4.25,0,1,1,0,0,24,Control (Low-Debt),Ireland,IE,2024-07-01,0.7092679215359918
IE,2024-08-01,2024,8,4.1,52.4,55.8,-3.3999999999999986,104510,11.55703803958855,78.6,1.2882853847442466,12.557954515208131,0,4.25,0,1,1,0,0,25,Control (Low-Debt),Ireland,IE,2024-08-01,0.7092679215359918
IE,2024-09-01,2024,9,4.1,52.4,55.8,-3.3999999999999986,104510,11.55703803958855,78.6,1.2882853847442466,12.557954515208131,0,4.25,0,1,1,0,0,26,Control (Low-Debt),Ireland,IE,2024-09-01,0.7092679215359918
IE,2024-10-01,2024,10,4.2,52.4,55.8,-3.3999999999999986,104510,11.55703803958855,78.6,1.2882853847442466,12.557954515208131,0,3.65,0,1,1,0,0,27,Control (Low-Debt),Ireland,IE,2024-10-01,0.7092679215359918
IE,2024-11-01,2024,11,4.3,52.4,55.8,-3.3999999999999986,104510,11.55703803958855,78.6,1.2882853847442466,12.557954515208131,0,3.4,0,1,1,0,0,28,Control (Low-Debt),Ireland,IE,2024-11-01,0.7092679215359918
IE,2024-12-01,2024,12,4.5,52.4,55.8,-3.3999999999999986,104510,11.55703803958855,78.6,1.2882853847442466,12.557954515208131,0,3.4,0,1,1,0,0,29,Control (Low-Debt),Ireland,IE,2024-12-01,0.7092679215359918
IT,2018-01-01,2018,1,11.1,145.8,133.9,11.900000000000006,29690,10.298565567757805,202.9,3.410946668552341,9.771548083753821,38.1844113628343,0,1,0,0,0,0,-54,Treated (High-Debt),Italy,IT,2018-01-01,0
IT,2018-02-01,2018,2,10.8,145.8,133.9,11.900000000000006,29690,10.298565567757805,202.9,3.410946668552341,9.771548083753821,38.1844113628343,0,1,0,0,0,0,-53,Treated (High-Debt),Italy,IT,2018-02-01,0
IT,2018-03-01,2018,3,10.9,145.8,133.9,11.900000000000006,29690,10.298565567757805,202.9,3.410946668552341,9.771548083753821,38.1844113628343,0,1,0,0,0,0,-52,Treated (High-Debt),Italy,IT,2018-03-01,0
IT,2018-04-01,2018,4,11,145.8,133.9,11.900000000000006,29690,10.298565567757805,202.9,3.410946668552341,9.771548083753821,38.1844113628343,0,1,0,0,0,0,-51,Treated (High-Debt),Italy,IT,2018-04-01,0
IT,2018-05-01,2018,5,10.6,145.8,133.9,11.900000000000006,29690,10.298565567757805,202.9,3.410946668552341,9.771548083753821,38.1844113628343,0,1,0,0,0,0,-50,Treated (High-Debt),Italy,IT,2018-05-01,0
IT,2018-06-01,2018,6,10.7,145.8,133.9,11.900000000000006,29690,10.298565567757805,202.9,3.410946668552341,9.771548083753821,38.1844113628343,0,1,0,0,0,0,-49,Treated (High-Debt),Italy,IT,2018-06-01,0
IT,2018-07-01,2018,7,10.3,145.8,133.9,11.900000000000006,29690,10.298565567757805,202.9,3.410946668552341,9.771548083753821,38.1844113628343,0,1,0,0,0,0,-48,Treated (High-Debt),Italy,IT,2018-07-01,0
IT,2018-08-01,2018,8,10.1,145.8,133.9,11.900000000000006,29690,10.298565567757805,202.9,3.410946668552341,9.771548083753821,38.1844113628343,0,1,0,0,0,0,-47,Treated (High-Debt),Italy,IT,2018-08-01,0
IT,2018-09-01,2018,9,10.3,145.8,133.9,11.900000000000006,29690,10.298565567757805,202.9,3.410946668552341,9.771548083753821,38.1844113628343,0,1,0,0,0,0,-46,Treated (High-Debt),Italy,IT,2018-09-01,0
IT,2018-10-01,2018,10,10.7,145.8,133.9,11.900000000000006,29690,10.298565567757805,202.9,3.410946668552341,9.771548083753821,38.1844113628343,0,1,0,0,0,0,-45,Treated (High-Debt),Italy,IT,2018-10-01,0
IT,2018-11-01,2018,11,10.5,145.8,133.9,11.900000000000006,29690,10.298565567757805,202.9,3.410946668552341,9.771548083753821,38.1844113628343,0,1,0,0,0,0,-44,Treated (High-Debt),Italy,IT,2018-11-01,0
IT,2018-12-01,2018,12,10.3,145.8,133.9,11.900000000000006,29690,10.298565567757805,202.9,3.410946668552341,9.771548083753821,38.1844113628343,0,1,0,0,0,0,-43,Treated (High-Debt),Italy,IT,2018-12-01,0
IT,2019-01-01,2019,1,10.4,145.8,133.9,11.900000000000006,30200,10.31559720336296,201.5,3.410946668552341,9.771548083753821,38.1844113628343,0,1,0,0,0,0,-42,Treated (High-Debt),Italy,IT,2019-01-01,0
IT,2019-02-01,2019,2,10.5,145.8,133.9,11.900000000000006,30200,10.31559720336296,201.5,3.410946668552341,9.771548083753821,38.1844113628343,0,1,0,0,0,0,-41,Treated (High-Debt),Italy,IT,2019-02-01,0
IT,2019-03-01,2019,3,10.2,145.8,133.9,11.900000000000006,30200,10.31559720336296,201.5,3.410946668552341,9.771548083753821,38.1844113628343,0,1,0,0,0,0,-40,Treated (High-Debt),Italy,IT,2019-03-01,0
IT,2019-04-01,2019,4,10.4,145.8,133.9,11.900000000000006,30200,10.31559720336296,201.5,3.410946668552341,9.771548083753821,38.1844113628343,0,1,0,0,0,0,-39,Treated (High-Debt),Italy,IT,2019-04-01,0
IT,2019-05-01,2019,5,10,145.8,133.9,11.900000000000006,30200,10.31559720336296,201.5,3.410946668552341,9.771548083753821,38.1844113628343,0,1,0,0,0,0,-38,Treated (High-Debt),Italy,IT,2019-05-01,0
IT,2019-06-01,2019,6,9.6,145.8,133.9,11.900000000000006,30200,10.31559720336296,201.5,3.410946668552341,9.771548083753821,38.1844113628343,0,1,0,0,0,0,-37,Treated (High-Debt),Italy,IT,2019-06-01,0
IT,2019-07-01,2019,7,9.6,145.8,133.9,11.900000000000006,30200,10.31559720336296,201.5,3.410946668552341,9.771548083753821,38.1844113628343,0,1,0,0,0,0,-36,Treated (High-Debt),Italy,IT,2019-07-01,0
IT,2019-08-01,2019,8,9.4,145.8,133.9,11.900000000000006,30200,10.31559720336296,201.5,3.410946668552341,9.771548083753821,38.1844113628343,0,1,0,0,0,0,-35,Treated (High-Debt),Italy,IT,2019-08-01,0
IT,2019-09-01,2019,9,9.8,145.8,133.9,11.900000000000006,30200,10.31559720336296,201.5,3.410946668552341,9.771548083753821,38.1844113628343,0,1,0,0,0,0,-34,Treated (High-Debt),Italy,IT,2019-09-01,0
IT,2019-10-01,2019,10,9.4,145.8,133.9,11.900000000000006,30200,10.31559720336296,201.5,3.410946668552341,9.771548083753821,38.1844113628343,0,1,0,0,0,0,-33,Treated (High-Debt),Italy,IT,2019-10-01,0
IT,2019-11-01,2019,11,9.8,145.8,133.9,11.900000000000006,30200,10.31559720336296,201.5,3.410946668552341,9.771548083753821,38.1844113628343,0,1,0,0,0,0,-32,Treated (High-Debt),Italy,IT,2019-11-01,0
IT,2019-12-01,2019,12,9.8,145.8,133.9,11.900000000000006,30200,10.31559720336296,201.5,3.410946668552341,9.771548083753821,38.1844113628343,0,1,0,0,0,0,-31,Treated (High-Debt),Italy,IT,2019-12-01,0
IT,2020-01-01,2020,1,9.6,145.8,133.9,11.900000000000006,28100,10.243524855321837,200.6,3.410946668552341,9.771548083753821,38.1844113628343,0,1,0,0,0,0,-30,Treated (High-Debt),Italy,IT,2020-01-01,0
IT,2020-02-01,2020,2,9.4,145.8,133.9,11.900000000000006,28100,10.243524855321837,200.6,3.410946668552341,9.771548083753821,38.1844113628343,0,1,0,0,0,0,-29,Treated (High-Debt),Italy,IT,2020-02-01,0
IT,2020-03-01,2020,3,7.7,145.8,133.9,11.900000000000006,28100,10.243524855321837,200.6,3.410946668552341,9.771548083753821,38.1844113628343,0,1,0,0,0,0,-28,Treated (High-Debt),Italy,IT,2020-03-01,0
IT,2020-04-01,2020,4,7.6,145.8,133.9,11.900000000000006,28100,10.243524855321837,200.6,3.410946668552341,9.771548083753821,38.1844113628343,0,1,0,0,0,0,-27,Treated (High-Debt),Italy,IT,2020-04-01,0
IT,2020-05-01,2020,5,8.7,145.8,133.9,11.900000000000006,28100,10.243524855321837,200.6,3.410946668552341,9.771548083753821,38.1844113628343,0,1,0,0,0,0,-26,Treated (High-Debt),Italy,IT,2020-05-01,0
IT,2020-06-01,2020,6,9.5,145.8,133.9,11.900000000000006,28100,10.243524855321837,200.6,3.410946668552341,9.771548083753821,38.1844113628343,0,1,0,0,0,0,-25,Treated (High-Debt),Italy,IT,2020-06-01,0
IT,2020-07-01,2020,7,10.3,145.8,133.9,11.900000000000006,28100,10.243524855321837,200.6,3.410946668552341,9.771548083753821,38.1844113628343,0,1,0,0,0,0,-24,Treated (High-Debt),Italy,IT,2020-07-01,0
IT,2020-08-01,2020,8,10.1,145.8,133.9,11.900000000000006,28100,10.243524855321837,200.6,3.410946668552341,9.771548083753821,38.1844113628343,0,1,0,0,0,0,-23,Treated (High-Debt),Italy,IT,2020-08-01,0
IT,2020-09-01,2020,9,10,145.8,133.9,11.900000000000006,28100,10.243524855321837,200.6,3.410946668552341,9.771548083753821,38.1844113628343,0,1,0,0,0,0,-22,Treated (High-Debt),Italy,IT,2020-09-01,0
IT,2020-10-01,2020,10,10,145.8,133.9,11.900000000000006,28100,10.243524855321837,200.6,3.410946668552341,9.771548083753821,38.1844113628343,0,1,0,0,0,0,-21,Treated (High-Debt),Italy,IT,2020-10-01,0
IT,2020-11-01,2020,11,9.5,145.8,133.9,11.900000000000006,28100,10.243524855321837,200.6,3.410946668552341,9.771548083753821,38.1844113628343,0,1,0,0,0,0,-20,Treated (High-Debt),Italy,IT,2020-11-01,0
IT,2020-12-01,2020,12,9.7,145.8,133.9,11.900000000000006,28100,10.243524855321837,200.6,3.410946668552341,9.771548083753821,38.1844113628343,0,1,0,0,0,0,-19,Treated (High-Debt),Italy,IT,2020-12-01,0
IT,2021-01-01,2021,1,10.2,145.8,133.9,11.900000000000006,31160,10.346890499984685,199.6,3.410946668552341,9.771548083753821,38.1844113628343,0,1,0,0,0,0,-18,Treated (High-Debt),Italy,IT,2021-01-01,0
IT,2021-02-01,2021,2,10.1,145.8,133.9,11.900000000000006,31160,10.346890499984685,199.6,3.410946668552341,9.771548083753821,38.1844113628343,0,1,0,0,0,0,-17,Treated (High-Debt),Italy,IT,2021-02-01,0
IT,2021-03-01,2021,3,10.2,145.8,133.9,11.900000000000006,31160,10.346890499984685,199.6,3.410946668552341,9.771548083753821,38.1844113628343,0,1,0,0,0,0,-16,Treated (High-Debt),Italy,IT,2021-03-01,0
IT,2021-04-01,2021,4,10.3,145.8,133.9,11.900000000000006,31160,10.346890499984685,199.6,3.410946668552341,9.771548083753821,38.1844113628343,0,1,0,0,0,0,-15,Treated (High-Debt),Italy,IT,2021-04-01,0
IT,2021-05-01,2021,5,9.9,145.8,133.9,11.900000000000006,31160,10.346890499984685,199.6,3.410946668552341,9.771548083753821,38.1844113628343,0,1,0,0,0,0,-14,Treated (High-Debt),Italy,IT,2021-05-01,0
IT,2021-06-01,2021,6,9.5,145.8,133.9,11.900000000000006,31160,10.346890499984685,199.6,3.410946668552341,9.771548083753821,38.1844113628343,0,1,0,0,0,0,-13,Treated (High-Debt),Italy,IT,2021-06-01,0
IT,2021-07-01,2021,7,9.1,145.8,133.9,11.900000000000006,31160,10.346890499984685,199.6,3.410946668552341,9.771548083753821,38.1844113628343,0,1,0,0,0,0,-12,Treated (High-Debt),Italy,IT,2021-07-01,0
IT,2021-08-01,2021,8,9.1,145.8,133.9,11.900000000000006,31160,10.346890499984685,199.6,3.410946668552341,9.771548083753821,38.1844113628343,0,1,0,0,0,0,-11,Treated (High-Debt),Italy,IT,2021-08-01,0
IT,2021-09-01,2021,9,9.1,145.8,133.9,11.900000000000006,31160,10.346890499984685,199.6,3.410946668552341,9.771548083753821,38.1844113628343,0,1,0,0,0,0,-10,Treated (High-Debt),Italy,IT,2021-09-01,0
IT,2021-10-01,2021,10,9.1,145.8,133.9,11.900000000000006,31160,10.346890499984685,199.6,3.410946668552341,9.771548083753821,38.1844113628343,0,1,0,0,0,0,-9,Treated (High-Debt),Italy,IT,2021-10-01,0
IT,2021-11-01,2021,11,9.1,145.8,133.9,11.900000000000006,31160,10.346890499984685,199.6,3.410946668552341,9.771548083753821,38.1844113628343,0,1,0,0,0,0,-8,Treated (High-Debt),Italy,IT,2021-11-01,0
IT,2021-12-01,2021,12,8.9,145.8,133.9,11.900000000000006,31160,10.346890499984685,199.6,3.410946668552341,9.771548083753821,38.1844113628343,0,1,0,0,0,0,-7,Treated (High-Debt),Italy,IT,2021-12-01,0
IT,2022-01-01,2022,1,8.6,145.8,133.9,11.900000000000006,33860,10.429989655687127,198.1,3.410946668552341,9.771548083753821,38.1844113628343,0,1,0,0,0,0,-6,Treated (High-Debt),Italy,IT,2022-01-01,0
IT,2022-02-01,2022,2,8.3,145.8,133.9,11.900000000000006,33860,10.429989655687127,198.1,3.410946668552341,9.771548083753821,38.1844113628343,0,1,0,1,0,38.1844113628343,-5,Treated (High-Debt),Italy,IT,2022-02-01,0
IT,2022-03-01,2022,3,8.3,145.8,133.9,11.900000000000006,33860,10.429989655687127,198.1,3.410946668552341,9.771548083753821,38.1844113628343,0,1,0,1,0,38.1844113628343,-4,Treated (High-Debt),Italy,IT,2022-03-01,0
IT,2022-04-01,2022,4,8.1,145.8,133.9,11.900000000000006,33860,10.429989655687127,198.1,3.410946668552341,9.771548083753821,38.1844113628343,0,1,0,1,0,38.1844113628343,-3,Treated (High-Debt),Italy,IT,2022-04-01,0
IT,2022-05-01,2022,5,8.1,145.8,133.9,11.900000000000006,33860,10.429989655687127,198.1,3.410946668552341,9.771548083753821,38.1844113628343,0,1,0,1,0,38.1844113628343,-2,Treated (High-Debt),Italy,IT,2022-05-01,0
IT,2022-06-01,2022,6,8.2,145.8,133.9,11.900000000000006,33860,10.429989655687127,198.1,3.410946668552341,9.771548083753821,38.1844113628343,0,1,0,1,0,38.1844113628343,-1,Treated (High-Debt),Italy,IT,2022-06-01,0
IT,2022-07-01,2022,7,7.9,145.8,133.9,11.900000000000006,33860,10.429989655687127,198.1,3.410946668552341,9.771548083753821,38.1844113628343,0,1,1,1,1,38.1844113628343,0,Treated (High-Debt),Italy,IT,2022-07-01,0
IT,2022-08-01,2022,8,8.2,145.8,133.9,11.900000000000006,33860,10.429989655687127,198.1,3.410946668552341,9.771548083753821,38.1844113628343,0.5,1,1,1,1,38.1844113628343,1,Treated (High-Debt),Italy,IT,2022-08-01,0
IT,2022-09-01,2022,9,8,145.8,133.9,11.900000000000006,33860,10.429989655687127,198.1,3.410946668552341,9.771548083753821,38.1844113628343,0.5,1,1,1,1,38.1844113628343,2,Treated (High-Debt),Italy,IT,2022-09-01,0
IT,2022-10-01,2022,10,7.9,145.8,133.9,11.900000000000006,33860,10.429989655687127,198.1,3.410946668552341,9.771548083753821,38.1844113628343,1.25,1,1,1,1,38.1844113628343,3,Treated (High-Debt),Italy,IT,2022-10-01,0
IT,2022-11-01,2022,11,7.8,145.8,133.9,11.900000000000006,33860,10.429989655687127,198.1,3.410946668552341,9.771548083753821,38.1844113628343,2,1,1,1,1,38.1844113628343,4,Treated (High-Debt),Italy,IT,2022-11-01,0
IT,2022-12-01,2022,12,7.9,145.8,133.9,11.900000000000006,33860,10.429989655687127,198.1,3.410946668552341,9.771548083753821,38.1844113628343,2,1,1,1,1,38.1844113628343,5,Treated (High-Debt),Italy,IT,2022-12-01,0
IT,2023-01-01,2023,1,7.9,145.8,133.9,11.900000000000006,36330,10.500399125215248,198.1,3.410946668552341,9.771548083753821,38.1844113628343,2.5,1,1,1,1,38.1844113628343,6,Treated (High-Debt),Italy,IT,2023-01-01,0
IT,2023-02-01,2023,2,7.8,145.8,133.9,11.900000000000006,36330,10.500399125215248,198.1,3.410946668552341,9.771548083753821,38.1844113628343,2.5,1,1,1,1,38.1844113628343,7,Treated (High-Debt),Italy,IT,2023-02-01,0
IT,2023-03-01,2023,3,7.9,145.8,133.9,11.900000000000006,36330,10.500399125215248,198.1,3.410946668552341,9.771548083753821,38.1844113628343,3,1,1,1,1,38.1844113628343,8,Treated (High-Debt),Italy,IT,2023-03-01,0
IT,2023-04-01,2023,4,7.9,145.8,133.9,11.900000000000006,36330,10.500399125215248,198.1,3.410946668552341,9.771548083753821,38.1844113628343,3,1,1,1,1,38.1844113628343,9,Treated (High-Debt),Italy,IT,2023-04-01,0
IT,2023-05-01,2023,5,7.8,145.8,133.9,11.900000000000006,36330,10.500399125215248,198.1,3.410946668552341,9.771548083753821,38.1844113628343,3,1,1,1,1,38.1844113628343,10,Treated (High-Debt),Italy,IT,2023-05-01,0
IT,2023-06-01,2023,6,7.4,145.8,133.9,11.900000000000006,36330,10.500399125215248,198.1,3.410946668552341,9.771548083753821,38.1844113628343,3.75,1,1,1,1,38.1844113628343,11,Treated (High-Debt),Italy,IT,2023-06-01,0
IT,2023-07-01,2023,7,7.8,145.8,133.9,11.900000000000006,36330,10.500399125215248,198.1,3.410946668552341,9.771548083753821,38.1844113628343,4,1,1,1,1,38.1844113628343,12,Treated (High-Debt),Italy,IT,2023-07-01,0
IT,2023-08-01,2023,8,7.6,145.8,133.9,11.900000000000006,36330,10.500399125215248,198.1,3.410946668552341,9.771548083753821,38.1844113628343,4,1,1,1,1,38.1844113628343,13,Treated (High-Debt),Italy,IT,2023-08-01,0
IT,2023-09-01,2023,9,7.7,145.8,133.9,11.900000000000006,36330,10.500399125215248,198.1,3.410946668552341,9.771548083753821,38.1844113628343,4.25,1,1,1,1,38.1844113628343,14,Treated (High-Debt),Italy,IT,2023-09-01,0
IT,2023-10-01,2023,10,7.8,145.8,133.9,11.900000000000006,36330,10.500399125215248,198.1,3.410946668552341,9.771548083753821,38.1844113628343,4.5,1,1,1,1,38.1844113628343,15,Treated (High-Debt),Italy,IT,2023-10-01,0
IT,2023-11-01,2023,11,7.5,145.8,133.9,11.900000000000006,36330,10.500399125215248,198.1,3.410946668552341,9.771548083753821,38.1844113628343,4.5,1,1,1,1,38.1844113628343,16,Treated (High-Debt),Italy,IT,2023-11-01,0
IT,2023-12-01,2023,12,7.1,145.8,133.9,11.900000000000006,36330,10.500399125215248,198.1,3.410946668552341,9.771548083753821,38.1844113628343,4.5,1,1,1,1,38.1844113628343,17,Treated (High-Debt),Italy,IT,2023-12-01,0
IT,2024-01-01,2024,1,7.1,145.8,133.9,11.900000000000006,37350,10.528088190560963,198,3.410946668552341,9.771548083753821,38.1844113628343,4.5,1,1,1,1,38.1844113628343,18,Treated (High-Debt),Italy,IT,2024-01-01,0
IT,2024-02-01,2024,2,7.3,145.8,133.9,11.900000000000006,37350,10.528088190560963,198,3.410946668552341,9.771548083753821,38.1844113628343,4.5,1,1,1,1,38.1844113628343,19,Treated (High-Debt),Italy,IT,2024-02-01,0
IT,2024-03-01,2024,3,6.9,145.8,133.9,11.900000000000006,37350,10.528088190560963,198,3.410946668552341,9.771548083753821,38.1844113628343,4.5,1,1,1,1,38.1844113628343,20,Treated (High-Debt),Italy,IT,2024-03-01,0
IT,2024-04-01,2024,4,6.8,145.8,133.9,11.900000000000006,37350,10.528088190560963,198,3.410946668552341,9.771548083753821,38.1844113628343,4.5,1,1,1,1,38.1844113628343,21,Treated (High-Debt),Italy,IT,2024-04-01,0
IT,2024-05-01,2024,5,6.5,145.8,133.9,11.900000000000006,37350,10.528088190560963,198,3.410946668552341,9.771548083753821,38.1844113628343,4.5,1,1,1,1,38.1844113628343,22,Treated (High-Debt),Italy,IT,2024-05-01,0
IT,2024-06-01,2024,6,6.7,145.8,133.9,11.900000000000006,37350,10.528088190560963,198,3.410946668552341,9.771548083753821,38.1844113628343,4.5,1,1,1,1,38.1844113628343,23,Treated (High-Debt),Italy,IT,2024-06-01,0
IT,2024-07-01,2024,7,6.4,145.8,133.9,11.900000000000006,37350,10.528088190560963,198,3.410946668552341,9.771548083753821,38.1844113628343,4.25,1,1,1,1,38.1844113628343,24,Treated (High-Debt),Italy,IT,2024-07-01,0
IT,2024-08-01,2024,8,6.3,145.8,133.9,11.900000000000006,37350,10.528088190560963,198,3.410946668552341,9.771548083753821,38.1844113628343,4.25,1,1,1,1,38.1844113628343,25,Treated (High-Debt),Italy,IT,2024-08-01,0
IT,2024-09-01,2024,9,6.1,145.8,133.9,11.900000000000006,37350,10.528088190560963,198,3.410946668552341,9.771548083753821,38.1844113628343,4.25,1,1,1,1,38.1844113628343,26,Treated (High-Debt),Italy,IT,2024-09-01,0
IT,2024-10-01,2024,10,6.1,145.8,133.9,11.900000000000006,37350,10.528088190560963,198,3.410946668552341,9.771548083753821,38.1844113628343,3.65,1,1,1,1,38.1844113628343,27,Treated (High-Debt),Italy,IT,2024-10-01,0
IT,2024-11-01,2024,11,6.1,145.8,133.9,11.900000000000006,37350,10.528088190560963,198,3.410946668552341,9.771548083753821,38.1844113628343,3.4,1,1,1,1,38.1844113628343,28,Treated (High-Debt),Italy,IT,2024-11-01,0
IT,2024-12-01,2024,12,6.4,145.8,133.9,11.900000000000006,37350,10.528088190560963,198,3.410946668552341,9.771548083753821,38.1844113628343,3.4,1,1,1,1,38.1844113628343,29,Treated (High-Debt),Italy,IT,2024-12-01,0
LT,2018-01-01,2018,1,6.9,43.3,35.6,7.699999999999996,16300,9.698920386794853,44.7,1.582885949647916,10.137207283342864,NA,0,0,0,0,0,NA,-54,Control (Low-Debt),Lithuania,LT,2018-01-01,0
LT,2018-02-01,2018,2,6.8,43.3,35.6,7.699999999999996,16300,9.698920386794853,44.7,1.582885949647916,10.137207283342864,NA,0,0,0,0,0,NA,-53,Control (Low-Debt),Lithuania,LT,2018-02-01,0
LT,2018-03-01,2018,3,6.6,43.3,35.6,7.699999999999996,16300,9.698920386794853,44.7,1.582885949647916,10.137207283342864,NA,0,0,0,0,0,NA,-52,Control (Low-Debt),Lithuania,LT,2018-03-01,0
LT,2018-04-01,2018,4,6.2,43.3,35.6,7.699999999999996,16300,9.698920386794853,44.7,1.582885949647916,10.137207283342864,NA,0,0,0,0,0,NA,-51,Control (Low-Debt),Lithuania,LT,2018-04-01,0
LT,2018-05-01,2018,5,5.9,43.3,35.6,7.699999999999996,16300,9.698920386794853,44.7,1.582885949647916,10.137207283342864,NA,0,0,0,0,0,NA,-50,Control (Low-Debt),Lithuania,LT,2018-05-01,0
LT,2018-06-01,2018,6,6.1,43.3,35.6,7.699999999999996,16300,9.698920386794853,44.7,1.582885949647916,10.137207283342864,NA,0,0,0,0,0,NA,-49,Control (Low-Debt),Lithuania,LT,2018-06-01,0
LT,2018-07-01,2018,7,5.9,43.3,35.6,7.699999999999996,16300,9.698920386794853,44.7,1.582885949647916,10.137207283342864,NA,0,0,0,0,0,NA,-48,Control (Low-Debt),Lithuania,LT,2018-07-01,0
LT,2018-08-01,2018,8,6,43.3,35.6,7.699999999999996,16300,9.698920386794853,44.7,1.582885949647916,10.137207283342864,NA,0,0,0,0,0,NA,-47,Control (Low-Debt),Lithuania,LT,2018-08-01,0
LT,2018-09-01,2018,9,6,43.3,35.6,7.699999999999996,16300,9.698920386794853,44.7,1.582885949647916,10.137207283342864,NA,0,0,0,0,0,NA,-46,Control (Low-Debt),Lithuania,LT,2018-09-01,0
LT,2018-10-01,2018,10,6.1,43.3,35.6,7.699999999999996,16300,9.698920386794853,44.7,1.582885949647916,10.137207283342864,NA,0,0,0,0,0,NA,-45,Control (Low-Debt),Lithuania,LT,2018-10-01,0
LT,2018-11-01,2018,11,5.9,43.3,35.6,7.699999999999996,16300,9.698920386794853,44.7,1.582885949647916,10.137207283342864,NA,0,0,0,0,0,NA,-44,Control (Low-Debt),Lithuania,LT,2018-11-01,0
LT,2018-12-01,2018,12,5.9,43.3,35.6,7.699999999999996,16300,9.698920386794853,44.7,1.582885949647916,10.137207283342864,NA,0,0,0,0,0,NA,-43,Control (Low-Debt),Lithuania,LT,2018-12-01,0
LT,2019-01-01,2019,1,6.1,43.3,35.6,7.699999999999996,17520,9.771098364490383,44.6,1.582885949647916,10.137207283342864,NA,0,0,0,0,0,NA,-42,Control (Low-Debt),Lithuania,LT,2019-01-01,0
LT,2019-02-01,2019,2,6.2,43.3,35.6,7.699999999999996,17520,9.771098364490383,44.6,1.582885949647916,10.137207283342864,NA,0,0,0,0,0,NA,-41,Control (Low-Debt),Lithuania,LT,2019-02-01,0
LT,2019-03-01,2019,3,6.2,43.3,35.6,7.699999999999996,17520,9.771098364490383,44.6,1.582885949647916,10.137207283342864,NA,0,0,0,0,0,NA,-40,Control (Low-Debt),Lithuania,LT,2019-03-01,0
LT,2019-04-01,2019,4,6.1,43.3,35.6,7.699999999999996,17520,9.771098364490383,44.6,1.582885949647916,10.137207283342864,NA,0,0,0,0,0,NA,-39,Control (Low-Debt),Lithuania,LT,2019-04-01,0
LT,2019-05-01,2019,5,6,43.3,35.6,7.699999999999996,17520,9.771098364490383,44.6,1.582885949647916,10.137207283342864,NA,0,0,0,0,0,NA,-38,Control (Low-Debt),Lithuania,LT,2019-05-01,0
LT,2019-06-01,2019,6,6,43.3,35.6,7.699999999999996,17520,9.771098364490383,44.6,1.582885949647916,10.137207283342864,NA,0,0,0,0,0,NA,-37,Control (Low-Debt),Lithuania,LT,2019-06-01,0
LT,2019-07-01,2019,7,6.2,43.3,35.6,7.699999999999996,17520,9.771098364490383,44.6,1.582885949647916,10.137207283342864,NA,0,0,0,0,0,NA,-36,Control (Low-Debt),Lithuania,LT,2019-07-01,0
LT,2019-08-01,2019,8,6.3,43.3,35.6,7.699999999999996,17520,9.771098364490383,44.6,1.582885949647916,10.137207283342864,NA,0,0,0,0,0,NA,-35,Control (Low-Debt),Lithuania,LT,2019-08-01,0
LT,2019-09-01,2019,9,6.4,43.3,35.6,7.699999999999996,17520,9.771098364490383,44.6,1.582885949647916,10.137207283342864,NA,0,0,0,0,0,NA,-34,Control (Low-Debt),Lithuania,LT,2019-09-01,0
LT,2019-10-01,2019,10,6.4,43.3,35.6,7.699999999999996,17520,9.771098364490383,44.6,1.582885949647916,10.137207283342864,NA,0,0,0,0,0,NA,-33,Control (Low-Debt),Lithuania,LT,2019-10-01,0
LT,2019-11-01,2019,11,6.5,43.3,35.6,7.699999999999996,17520,9.771098364490383,44.6,1.582885949647916,10.137207283342864,NA,0,0,0,0,0,NA,-32,Control (Low-Debt),Lithuania,LT,2019-11-01,0
LT,2019-12-01,2019,12,6.9,43.3,35.6,7.699999999999996,17520,9.771098364490383,44.6,1.582885949647916,10.137207283342864,NA,0,0,0,0,0,NA,-31,Control (Low-Debt),Lithuania,LT,2019-12-01,0
LT,2020-01-01,2020,1,7,43.3,35.6,7.699999999999996,17890,9.791997176502765,44.6,1.582885949647916,10.137207283342864,NA,0,0,0,0,0,NA,-30,Control (Low-Debt),Lithuania,LT,2020-01-01,0
LT,2020-02-01,2020,2,7.4,43.3,35.6,7.699999999999996,17890,9.791997176502765,44.6,1.582885949647916,10.137207283342864,NA,0,0,0,0,0,NA,-29,Control (Low-Debt),Lithuania,LT,2020-02-01,0
LT,2020-03-01,2020,3,7.8,43.3,35.6,7.699999999999996,17890,9.791997176502765,44.6,1.582885949647916,10.137207283342864,NA,0,0,0,0,0,NA,-28,Control (Low-Debt),Lithuania,LT,2020-03-01,0
LT,2020-04-01,2020,4,8,43.3,35.6,7.699999999999996,17890,9.791997176502765,44.6,1.582885949647916,10.137207283342864,NA,0,0,0,0,0,NA,-27,Control (Low-Debt),Lithuania,LT,2020-04-01,0
LT,2020-05-01,2020,5,8.6,43.3,35.6,7.699999999999996,17890,9.791997176502765,44.6,1.582885949647916,10.137207283342864,NA,0,0,0,0,0,NA,-26,Control (Low-Debt),Lithuania,LT,2020-05-01,0
LT,2020-06-01,2020,6,8.9,43.3,35.6,7.699999999999996,17890,9.791997176502765,44.6,1.582885949647916,10.137207283342864,NA,0,0,0,0,0,NA,-25,Control (Low-Debt),Lithuania,LT,2020-06-01,0
LT,2020-07-01,2020,7,9.2,43.3,35.6,7.699999999999996,17890,9.791997176502765,44.6,1.582885949647916,10.137207283342864,NA,0,0,0,0,0,NA,-24,Control (Low-Debt),Lithuania,LT,2020-07-01,0
LT,2020-08-01,2020,8,9.2,43.3,35.6,7.699999999999996,17890,9.791997176502765,44.6,1.582885949647916,10.137207283342864,NA,0,0,0,0,0,NA,-23,Control (Low-Debt),Lithuania,LT,2020-08-01,0
LT,2020-09-01,2020,9,9,43.3,35.6,7.699999999999996,17890,9.791997176502765,44.6,1.582885949647916,10.137207283342864,NA,0,0,0,0,0,NA,-22,Control (Low-Debt),Lithuania,LT,2020-09-01,0
LT,2020-10-01,2020,10,9.6,43.3,35.6,7.699999999999996,17890,9.791997176502765,44.6,1.582885949647916,10.137207283342864,NA,0,0,0,0,0,NA,-21,Control (Low-Debt),Lithuania,LT,2020-10-01,0
LT,2020-11-01,2020,11,9.2,43.3,35.6,7.699999999999996,17890,9.791997176502765,44.6,1.582885949647916,10.137207283342864,NA,0,0,0,0,0,NA,-20,Control (Low-Debt),Lithuania,LT,2020-11-01,0
LT,2020-12-01,2020,12,8.4,43.3,35.6,7.699999999999996,17890,9.791997176502765,44.6,1.582885949647916,10.137207283342864,NA,0,0,0,0,0,NA,-19,Control (Low-Debt),Lithuania,LT,2020-12-01,0
LT,2021-01-01,2021,1,7.9,43.3,35.6,7.699999999999996,20190,9.912942711306883,44.6,1.582885949647916,10.137207283342864,NA,0,0,0,0,0,NA,-18,Control (Low-Debt),Lithuania,LT,2021-01-01,0
LT,2021-02-01,2021,2,7.4,43.3,35.6,7.699999999999996,20190,9.912942711306883,44.6,1.582885949647916,10.137207283342864,NA,0,0,0,0,0,NA,-17,Control (Low-Debt),Lithuania,LT,2021-02-01,0
LT,2021-03-01,2021,3,7.6,43.3,35.6,7.699999999999996,20190,9.912942711306883,44.6,1.582885949647916,10.137207283342864,NA,0,0,0,0,0,NA,-16,Control (Low-Debt),Lithuania,LT,2021-03-01,0
LT,2021-04-01,2021,4,7.9,43.3,35.6,7.699999999999996,20190,9.912942711306883,44.6,1.582885949647916,10.137207283342864,NA,0,0,0,0,0,NA,-15,Control (Low-Debt),Lithuania,LT,2021-04-01,0
LT,2021-05-01,2021,5,7.7,43.3,35.6,7.699999999999996,20190,9.912942711306883,44.6,1.582885949647916,10.137207283342864,NA,0,0,0,0,0,NA,-14,Control (Low-Debt),Lithuania,LT,2021-05-01,0
LT,2021-06-01,2021,6,7.4,43.3,35.6,7.699999999999996,20190,9.912942711306883,44.6,1.582885949647916,10.137207283342864,NA,0,0,0,0,0,NA,-13,Control (Low-Debt),Lithuania,LT,2021-06-01,0
LT,2021-07-01,2021,7,6.9,43.3,35.6,7.699999999999996,20190,9.912942711306883,44.6,1.582885949647916,10.137207283342864,NA,0,0,0,0,0,NA,-12,Control (Low-Debt),Lithuania,LT,2021-07-01,0
LT,2021-08-01,2021,8,6.7,43.3,35.6,7.699999999999996,20190,9.912942711306883,44.6,1.582885949647916,10.137207283342864,NA,0,0,0,0,0,NA,-11,Control (Low-Debt),Lithuania,LT,2021-08-01,0
LT,2021-09-01,2021,9,6.7,43.3,35.6,7.699999999999996,20190,9.912942711306883,44.6,1.582885949647916,10.137207283342864,NA,0,0,0,0,0,NA,-10,Control (Low-Debt),Lithuania,LT,2021-09-01,0
LT,2021-10-01,2021,10,6.5,43.3,35.6,7.699999999999996,20190,9.912942711306883,44.6,1.582885949647916,10.137207283342864,NA,0,0,0,0,0,NA,-9,Control (Low-Debt),Lithuania,LT,2021-10-01,0
LT,2021-11-01,2021,11,6.6,43.3,35.6,7.699999999999996,20190,9.912942711306883,44.6,1.582885949647916,10.137207283342864,NA,0,0,0,0,0,NA,-8,Control (Low-Debt),Lithuania,LT,2021-11-01,0
LT,2021-12-01,2021,12,6.4,43.3,35.6,7.699999999999996,20190,9.912942711306883,44.6,1.582885949647916,10.137207283342864,NA,0,0,0,0,0,NA,-7,Control (Low-Debt),Lithuania,LT,2021-12-01,0
LT,2022-01-01,2022,1,6.2,43.3,35.6,7.699999999999996,23690,10.07280829715283,45.2,1.582885949647916,10.137207283342864,NA,0,0,0,0,0,NA,-6,Control (Low-Debt),Lithuania,LT,2022-01-01,0
LT,2022-02-01,2022,2,6.1,43.3,35.6,7.699999999999996,23690,10.07280829715283,45.2,1.582885949647916,10.137207283342864,NA,0,0,0,1,0,NA,-5,Control (Low-Debt),Lithuania,LT,2022-02-01,0
LT,2022-03-01,2022,3,6.1,43.3,35.6,7.699999999999996,23690,10.07280829715283,45.2,1.582885949647916,10.137207283342864,NA,0,0,0,1,0,NA,-4,Control (Low-Debt),Lithuania,LT,2022-03-01,0
LT,2022-04-01,2022,4,6,43.3,35.6,7.699999999999996,23690,10.07280829715283,45.2,1.582885949647916,10.137207283342864,NA,0,0,0,1,0,NA,-3,Control (Low-Debt),Lithuania,LT,2022-04-01,0
LT,2022-05-01,2022,5,5.9,43.3,35.6,7.699999999999996,23690,10.07280829715283,45.2,1.582885949647916,10.137207283342864,NA,0,0,0,1,0,NA,-2,Control (Low-Debt),Lithuania,LT,2022-05-01,0
LT,2022-06-01,2022,6,5.9,43.3,35.6,7.699999999999996,23690,10.07280829715283,45.2,1.582885949647916,10.137207283342864,NA,0,0,0,1,0,NA,-1,Control (Low-Debt),Lithuania,LT,2022-06-01,0
LT,2022-07-01,2022,7,6,43.3,35.6,7.699999999999996,23690,10.07280829715283,45.2,1.582885949647916,10.137207283342864,NA,0,0,1,1,0,NA,0,Control (Low-Debt),Lithuania,LT,2022-07-01,0
LT,2022-08-01,2022,8,6.1,43.3,35.6,7.699999999999996,23690,10.07280829715283,45.2,1.582885949647916,10.137207283342864,NA,0.5,0,1,1,0,NA,1,Control (Low-Debt),Lithuania,LT,2022-08-01,0
LT,2022-09-01,2022,9,6.2,43.3,35.6,7.699999999999996,23690,10.07280829715283,45.2,1.582885949647916,10.137207283342864,NA,0.5,0,1,1,0,NA,2,Control (Low-Debt),Lithuania,LT,2022-09-01,0
LT,2022-10-01,2022,10,6.1,43.3,35.6,7.699999999999996,23690,10.07280829715283,45.2,1.582885949647916,10.137207283342864,NA,1.25,0,1,1,0,NA,3,Control (Low-Debt),Lithuania,LT,2022-10-01,0
LT,2022-11-01,2022,11,6.2,43.3,35.6,7.699999999999996,23690,10.07280829715283,45.2,1.582885949647916,10.137207283342864,NA,2,0,1,1,0,NA,4,Control (Low-Debt),Lithuania,LT,2022-11-01,0
LT,2022-12-01,2022,12,6.2,43.3,35.6,7.699999999999996,23690,10.07280829715283,45.2,1.582885949647916,10.137207283342864,NA,2,0,1,1,0,NA,5,Control (Low-Debt),Lithuania,LT,2022-12-01,0
LT,2023-01-01,2023,1,6.7,43.3,35.6,7.699999999999996,25880,10.161225748614838,45.8,1.582885949647916,10.137207283342864,NA,2.5,0,1,1,0,NA,6,Control (Low-Debt),Lithuania,LT,2023-01-01,0
LT,2023-02-01,2023,2,6.7,43.3,35.6,7.699999999999996,25880,10.161225748614838,45.8,1.582885949647916,10.137207283342864,NA,2.5,0,1,1,0,NA,7,Control (Low-Debt),Lithuania,LT,2023-02-01,0
LT,2023-03-01,2023,3,6.8,43.3,35.6,7.699999999999996,25880,10.161225748614838,45.8,1.582885949647916,10.137207283342864,NA,3,0,1,1,0,NA,8,Control (Low-Debt),Lithuania,LT,2023-03-01,0
LT,2023-04-01,2023,4,6.8,43.3,35.6,7.699999999999996,25880,10.161225748614838,45.8,1.582885949647916,10.137207283342864,NA,3,0,1,1,0,NA,9,Control (Low-Debt),Lithuania,LT,2023-04-01,0
LT,2023-05-01,2023,5,6.6,43.3,35.6,7.699999999999996,25880,10.161225748614838,45.8,1.582885949647916,10.137207283342864,NA,3,0,1,1,0,NA,10,Control (Low-Debt),Lithuania,LT,2023-05-01,0
LT,2023-06-01,2023,6,6.5,43.3,35.6,7.699999999999996,25880,10.161225748614838,45.8,1.582885949647916,10.137207283342864,NA,3.75,0,1,1,0,NA,11,Control (Low-Debt),Lithuania,LT,2023-06-01,0
LT,2023-07-01,2023,7,6.9,43.3,35.6,7.699999999999996,25880,10.161225748614838,45.8,1.582885949647916,10.137207283342864,NA,4,0,1,1,0,NA,12,Control (Low-Debt),Lithuania,LT,2023-07-01,0
LT,2023-08-01,2023,8,6.8,43.3,35.6,7.699999999999996,25880,10.161225748614838,45.8,1.582885949647916,10.137207283342864,NA,4,0,1,1,0,NA,13,Control (Low-Debt),Lithuania,LT,2023-08-01,0
LT,2023-09-01,2023,9,6.8,43.3,35.6,7.699999999999996,25880,10.161225748614838,45.8,1.582885949647916,10.137207283342864,NA,4.25,0,1,1,0,NA,14,Control (Low-Debt),Lithuania,LT,2023-09-01,0
LT,2023-10-01,2023,10,7,43.3,35.6,7.699999999999996,25880,10.161225748614838,45.8,1.582885949647916,10.137207283342864,NA,4.5,0,1,1,0,NA,15,Control (Low-Debt),Lithuania,LT,2023-10-01,0
LT,2023-11-01,2023,11,7.1,43.3,35.6,7.699999999999996,25880,10.161225748614838,45.8,1.582885949647916,10.137207283342864,NA,4.5,0,1,1,0,NA,16,Control (Low-Debt),Lithuania,LT,2023-11-01,0
LT,2023-12-01,2023,12,7.4,43.3,35.6,7.699999999999996,25880,10.161225748614838,45.8,1.582885949647916,10.137207283342864,NA,4.5,0,1,1,0,NA,17,Control (Low-Debt),Lithuania,LT,2023-12-01,0
LT,2024-01-01,2024,1,7.3,43.3,35.6,7.699999999999996,27350,10.216471807850127,46.1,1.582885949647916,10.137207283342864,NA,4.5,0,1,1,0,NA,18,Control (Low-Debt),Lithuania,LT,2024-01-01,0
LT,2024-02-01,2024,2,7.3,43.3,35.6,7.699999999999996,27350,10.216471807850127,46.1,1.582885949647916,10.137207283342864,NA,4.5,0,1,1,0,NA,19,Control (Low-Debt),Lithuania,LT,2024-02-01,0
LT,2024-03-01,2024,3,7.4,43.3,35.6,7.699999999999996,27350,10.216471807850127,46.1,1.582885949647916,10.137207283342864,NA,4.5,0,1,1,0,NA,20,Control (Low-Debt),Lithuania,LT,2024-03-01,0
LT,2024-04-01,2024,4,7.1,43.3,35.6,7.699999999999996,27350,10.216471807850127,46.1,1.582885949647916,10.137207283342864,NA,4.5,0,1,1,0,NA,21,Control (Low-Debt),Lithuania,LT,2024-04-01,0
LT,2024-05-01,2024,5,7.1,43.3,35.6,7.699999999999996,27350,10.216471807850127,46.1,1.582885949647916,10.137207283342864,NA,4.5,0,1,1,0,NA,22,Control (Low-Debt),Lithuania,LT,2024-05-01,0
LT,2024-06-01,2024,6,7.2,43.3,35.6,7.699999999999996,27350,10.216471807850127,46.1,1.582885949647916,10.137207283342864,NA,4.5,0,1,1,0,NA,23,Control (Low-Debt),Lithuania,LT,2024-06-01,0
LT,2024-07-01,2024,7,7.1,43.3,35.6,7.699999999999996,27350,10.216471807850127,46.1,1.582885949647916,10.137207283342864,NA,4.25,0,1,1,0,NA,24,Control (Low-Debt),Lithuania,LT,2024-07-01,0
LT,2024-08-01,2024,8,7.1,43.3,35.6,7.699999999999996,27350,10.216471807850127,46.1,1.582885949647916,10.137207283342864,NA,4.25,0,1,1,0,NA,25,Control (Low-Debt),Lithuania,LT,2024-08-01,0
LT,2024-09-01,2024,9,7.1,43.3,35.6,7.699999999999996,27350,10.216471807850127,46.1,1.582885949647916,10.137207283342864,NA,4.25,0,1,1,0,NA,26,Control (Low-Debt),Lithuania,LT,2024-09-01,0
LT,2024-10-01,2024,10,6.8,43.3,35.6,7.699999999999996,27350,10.216471807850127,46.1,1.582885949647916,10.137207283342864,NA,3.65,0,1,1,0,NA,27,Control (Low-Debt),Lithuania,LT,2024-10-01,0
LT,2024-11-01,2024,11,6.8,43.3,35.6,7.699999999999996,27350,10.216471807850127,46.1,1.582885949647916,10.137207283342864,NA,3.4,0,1,1,0,NA,28,Control (Low-Debt),Lithuania,LT,2024-11-01,0
LT,2024-12-01,2024,12,6.7,43.3,35.6,7.699999999999996,27350,10.216471807850127,46.1,1.582885949647916,10.137207283342864,NA,3.4,0,1,1,0,NA,29,Control (Low-Debt),Lithuania,LT,2024-12-01,0
LU,2018-01-01,2018,1,5.5,24.2,22.3,1.8999999999999986,98870,11.501561134891178,235.1,1.4324518527514039,11.544813582106698,NA,0,0,0,0,0,NA,-54,Control (Low-Debt),Luxembourg,LU,2018-01-01,0
LU,2018-02-01,2018,2,5.6,24.2,22.3,1.8999999999999986,98870,11.501561134891178,235.1,1.4324518527514039,11.544813582106698,NA,0,0,0,0,0,NA,-53,Control (Low-Debt),Luxembourg,LU,2018-02-01,0
LU,2018-03-01,2018,3,5.6,24.2,22.3,1.8999999999999986,98870,11.501561134891178,235.1,1.4324518527514039,11.544813582106698,NA,0,0,0,0,0,NA,-52,Control (Low-Debt),Luxembourg,LU,2018-03-01,0
LU,2018-04-01,2018,4,5.5,24.2,22.3,1.8999999999999986,98870,11.501561134891178,235.1,1.4324518527514039,11.544813582106698,NA,0,0,0,0,0,NA,-51,Control (Low-Debt),Luxembourg,LU,2018-04-01,0
LU,2018-05-01,2018,5,5.5,24.2,22.3,1.8999999999999986,98870,11.501561134891178,235.1,1.4324518527514039,11.544813582106698,NA,0,0,0,0,0,NA,-50,Control (Low-Debt),Luxembourg,LU,2018-05-01,0
LU,2018-06-01,2018,6,5.6,24.2,22.3,1.8999999999999986,98870,11.501561134891178,235.1,1.4324518527514039,11.544813582106698,NA,0,0,0,0,0,NA,-49,Control (Low-Debt),Luxembourg,LU,2018-06-01,0
LU,2018-07-01,2018,7,5.6,24.2,22.3,1.8999999999999986,98870,11.501561134891178,235.1,1.4324518527514039,11.544813582106698,NA,0,0,0,0,0,NA,-48,Control (Low-Debt),Luxembourg,LU,2018-07-01,0
LU,2018-08-01,2018,8,5.7,24.2,22.3,1.8999999999999986,98870,11.501561134891178,235.1,1.4324518527514039,11.544813582106698,NA,0,0,0,0,0,NA,-47,Control (Low-Debt),Luxembourg,LU,2018-08-01,0
LU,2018-09-01,2018,9,5.6,24.2,22.3,1.8999999999999986,98870,11.501561134891178,235.1,1.4324518527514039,11.544813582106698,NA,0,0,0,0,0,NA,-46,Control (Low-Debt),Luxembourg,LU,2018-09-01,0
LU,2018-10-01,2018,10,5.5,24.2,22.3,1.8999999999999986,98870,11.501561134891178,235.1,1.4324518527514039,11.544813582106698,NA,0,0,0,0,0,NA,-45,Control (Low-Debt),Luxembourg,LU,2018-10-01,0
LU,2018-11-01,2018,11,5.4,24.2,22.3,1.8999999999999986,98870,11.501561134891178,235.1,1.4324518527514039,11.544813582106698,NA,0,0,0,0,0,NA,-44,Control (Low-Debt),Luxembourg,LU,2018-11-01,0
LU,2018-12-01,2018,12,5.3,24.2,22.3,1.8999999999999986,98870,11.501561134891178,235.1,1.4324518527514039,11.544813582106698,NA,0,0,0,0,0,NA,-43,Control (Low-Debt),Luxembourg,LU,2018-12-01,0
LU,2019-01-01,2019,1,5.3,24.2,22.3,1.8999999999999986,100420,11.517116669588697,239.8,1.4324518527514039,11.544813582106698,NA,0,0,0,0,0,NA,-42,Control (Low-Debt),Luxembourg,LU,2019-01-01,0
LU,2019-02-01,2019,2,5.5,24.2,22.3,1.8999999999999986,100420,11.517116669588697,239.8,1.4324518527514039,11.544813582106698,NA,0,0,0,0,0,NA,-41,Control (Low-Debt),Luxembourg,LU,2019-02-01,0
LU,2019-03-01,2019,3,5.7,24.2,22.3,1.8999999999999986,100420,11.517116669588697,239.8,1.4324518527514039,11.544813582106698,NA,0,0,0,0,0,NA,-40,Control (Low-Debt),Luxembourg,LU,2019-03-01,0
LU,2019-04-01,2019,4,5.6,24.2,22.3,1.8999999999999986,100420,11.517116669588697,239.8,1.4324518527514039,11.544813582106698,NA,0,0,0,0,0,NA,-39,Control (Low-Debt),Luxembourg,LU,2019-04-01,0
LU,2019-05-01,2019,5,5.6,24.2,22.3,1.8999999999999986,100420,11.517116669588697,239.8,1.4324518527514039,11.544813582106698,NA,0,0,0,0,0,NA,-38,Control (Low-Debt),Luxembourg,LU,2019-05-01,0
LU,2019-06-01,2019,6,5.7,24.2,22.3,1.8999999999999986,100420,11.517116669588697,239.8,1.4324518527514039,11.544813582106698,NA,0,0,0,0,0,NA,-37,Control (Low-Debt),Luxembourg,LU,2019-06-01,0
LU,2019-07-01,2019,7,5.7,24.2,22.3,1.8999999999999986,100420,11.517116669588697,239.8,1.4324518527514039,11.544813582106698,NA,0,0,0,0,0,NA,-36,Control (Low-Debt),Luxembourg,LU,2019-07-01,0
LU,2019-08-01,2019,8,5.8,24.2,22.3,1.8999999999999986,100420,11.517116669588697,239.8,1.4324518527514039,11.544813582106698,NA,0,0,0,0,0,NA,-35,Control (Low-Debt),Luxembourg,LU,2019-08-01,0
LU,2019-09-01,2019,9,5.5,24.2,22.3,1.8999999999999986,100420,11.517116669588697,239.8,1.4324518527514039,11.544813582106698,NA,0,0,0,0,0,NA,-34,Control (Low-Debt),Luxembourg,LU,2019-09-01,0
LU,2019-10-01,2019,10,5.6,24.2,22.3,1.8999999999999986,100420,11.517116669588697,239.8,1.4324518527514039,11.544813582106698,NA,0,0,0,0,0,NA,-33,Control (Low-Debt),Luxembourg,LU,2019-10-01,0
LU,2019-11-01,2019,11,5.6,24.2,22.3,1.8999999999999986,100420,11.517116669588697,239.8,1.4324518527514039,11.544813582106698,NA,0,0,0,0,0,NA,-32,Control (Low-Debt),Luxembourg,LU,2019-11-01,0
LU,2019-12-01,2019,12,5.7,24.2,22.3,1.8999999999999986,100420,11.517116669588697,239.8,1.4324518527514039,11.544813582106698,NA,0,0,0,0,0,NA,-31,Control (Low-Debt),Luxembourg,LU,2019-12-01,0
LU,2020-01-01,2020,1,5.7,24.2,22.3,1.8999999999999986,102190,11.534589104606255,239.8,1.4324518527514039,11.544813582106698,NA,0,0,0,0,0,NA,-30,Control (Low-Debt),Luxembourg,LU,2020-01-01,0
LU,2020-02-01,2020,2,5.8,24.2,22.3,1.8999999999999986,102190,11.534589104606255,239.8,1.4324518527514039,11.544813582106698,NA,0,0,0,0,0,NA,-29,Control (Low-Debt),Luxembourg,LU,2020-02-01,0
LU,2020-03-01,2020,3,6.6,24.2,22.3,1.8999999999999986,102190,11.534589104606255,239.8,1.4324518527514039,11.544813582106698,NA,0,0,0,0,0,NA,-28,Control (Low-Debt),Luxembourg,LU,2020-03-01,0
LU,2020-04-01,2020,4,7.4,24.2,22.3,1.8999999999999986,102190,11.534589104606255,239.8,1.4324518527514039,11.544813582106698,NA,0,0,0,0,0,NA,-27,Control (Low-Debt),Luxembourg,LU,2020-04-01,0
LU,2020-05-01,2020,5,7.6,24.2,22.3,1.8999999999999986,102190,11.534589104606255,239.8,1.4324518527514039,11.544813582106698,NA,0,0,0,0,0,NA,-26,Control (Low-Debt),Luxembourg,LU,2020-05-01,0
LU,2020-06-01,2020,6,7.6,24.2,22.3,1.8999999999999986,102190,11.534589104606255,239.8,1.4324518527514039,11.544813582106698,NA,0,0,0,0,0,NA,-25,Control (Low-Debt),Luxembourg,LU,2020-06-01,0
LU,2020-07-01,2020,7,7.1,24.2,22.3,1.8999999999999986,102190,11.534589104606255,239.8,1.4324518527514039,11.544813582106698,NA,0,0,0,0,0,NA,-24,Control (Low-Debt),Luxembourg,LU,2020-07-01,0
LU,2020-08-01,2020,8,6.7,24.2,22.3,1.8999999999999986,102190,11.534589104606255,239.8,1.4324518527514039,11.544813582106698,NA,0,0,0,0,0,NA,-23,Control (Low-Debt),Luxembourg,LU,2020-08-01,0
LU,2020-09-01,2020,9,6.5,24.2,22.3,1.8999999999999986,102190,11.534589104606255,239.8,1.4324518527514039,11.544813582106698,NA,0,0,0,0,0,NA,-22,Control (Low-Debt),Luxembourg,LU,2020-09-01,0
LU,2020-10-01,2020,10,6.3,24.2,22.3,1.8999999999999986,102190,11.534589104606255,239.8,1.4324518527514039,11.544813582106698,NA,0,0,0,0,0,NA,-21,Control (Low-Debt),Luxembourg,LU,2020-10-01,0
LU,2020-11-01,2020,11,6.3,24.2,22.3,1.8999999999999986,102190,11.534589104606255,239.8,1.4324518527514039,11.544813582106698,NA,0,0,0,0,0,NA,-20,Control (Low-Debt),Luxembourg,LU,2020-11-01,0
LU,2020-12-01,2020,12,6.4,24.2,22.3,1.8999999999999986,102190,11.534589104606255,239.8,1.4324518527514039,11.544813582106698,NA,0,0,0,0,0,NA,-19,Control (Low-Debt),Luxembourg,LU,2020-12-01,0
LU,2021-01-01,2021,1,6.4,24.2,22.3,1.8999999999999986,113920,11.643251726645802,243.8,1.4324518527514039,11.544813582106698,NA,0,0,0,0,0,NA,-18,Control (Low-Debt),Luxembourg,LU,2021-01-01,0
LU,2021-02-01,2021,2,6.3,24.2,22.3,1.8999999999999986,113920,11.643251726645802,243.8,1.4324518527514039,11.544813582106698,NA,0,0,0,0,0,NA,-17,Control (Low-Debt),Luxembourg,LU,2021-02-01,0
LU,2021-03-01,2021,3,6.1,24.2,22.3,1.8999999999999986,113920,11.643251726645802,243.8,1.4324518527514039,11.544813582106698,NA,0,0,0,0,0,NA,-16,Control (Low-Debt),Luxembourg,LU,2021-03-01,0
LU,2021-04-01,2021,4,5.9,24.2,22.3,1.8999999999999986,113920,11.643251726645802,243.8,1.4324518527514039,11.544813582106698,NA,0,0,0,0,0,NA,-15,Control (Low-Debt),Luxembourg,LU,2021-04-01,0
LU,2021-05-01,2021,5,5.6,24.2,22.3,1.8999999999999986,113920,11.643251726645802,243.8,1.4324518527514039,11.544813582106698,NA,0,0,0,0,0,NA,-14,Control (Low-Debt),Luxembourg,LU,2021-05-01,0
LU,2021-06-01,2021,6,5.3,24.2,22.3,1.8999999999999986,113920,11.643251726645802,243.8,1.4324518527514039,11.544813582106698,NA,0,0,0,0,0,NA,-13,Control (Low-Debt),Luxembourg,LU,2021-06-01,0
LU,2021-07-01,2021,7,5.2,24.2,22.3,1.8999999999999986,113920,11.643251726645802,243.8,1.4324518527514039,11.544813582106698,NA,0,0,0,0,0,NA,-12,Control (Low-Debt),Luxembourg,LU,2021-07-01,0
LU,2021-08-01,2021,8,5.1,24.2,22.3,1.8999999999999986,113920,11.643251726645802,243.8,1.4324518527514039,11.544813582106698,NA,0,0,0,0,0,NA,-11,Control (Low-Debt),Luxembourg,LU,2021-08-01,0
LU,2021-09-01,2021,9,4.9,24.2,22.3,1.8999999999999986,113920,11.643251726645802,243.8,1.4324518527514039,11.544813582106698,NA,0,0,0,0,0,NA,-10,Control (Low-Debt),Luxembourg,LU,2021-09-01,0
LU,2021-10-01,2021,10,4.7,24.2,22.3,1.8999999999999986,113920,11.643251726645802,243.8,1.4324518527514039,11.544813582106698,NA,0,0,0,0,0,NA,-9,Control (Low-Debt),Luxembourg,LU,2021-10-01,0
LU,2021-11-01,2021,11,4.7,24.2,22.3,1.8999999999999986,113920,11.643251726645802,243.8,1.4324518527514039,11.544813582106698,NA,0,0,0,0,0,NA,-8,Control (Low-Debt),Luxembourg,LU,2021-11-01,0
LU,2021-12-01,2021,12,4.7,24.2,22.3,1.8999999999999986,113920,11.643251726645802,243.8,1.4324518527514039,11.544813582106698,NA,0,0,0,0,0,NA,-7,Control (Low-Debt),Luxembourg,LU,2021-12-01,0
LU,2022-01-01,2022,1,4.5,24.2,22.3,1.8999999999999986,117100,11.670783549585808,252.6,1.4324518527514039,11.544813582106698,NA,0,0,0,0,0,NA,-6,Control (Low-Debt),Luxembourg,LU,2022-01-01,0
LU,2022-02-01,2022,2,4.5,24.2,22.3,1.8999999999999986,117100,11.670783549585808,252.6,1.4324518527514039,11.544813582106698,NA,0,0,0,1,0,NA,-5,Control (Low-Debt),Luxembourg,LU,2022-02-01,0
LU,2022-03-01,2022,3,4.5,24.2,22.3,1.8999999999999986,117100,11.670783549585808,252.6,1.4324518527514039,11.544813582106698,NA,0,0,0,1,0,NA,-4,Control (Low-Debt),Luxembourg,LU,2022-03-01,0
LU,2022-04-01,2022,4,4.4,24.2,22.3,1.8999999999999986,117100,11.670783549585808,252.6,1.4324518527514039,11.544813582106698,NA,0,0,0,1,0,NA,-3,Control (Low-Debt),Luxembourg,LU,2022-04-01,0
LU,2022-05-01,2022,5,4.4,24.2,22.3,1.8999999999999986,117100,11.670783549585808,252.6,1.4324518527514039,11.544813582106698,NA,0,0,0,1,0,NA,-2,Control (Low-Debt),Luxembourg,LU,2022-05-01,0
LU,2022-06-01,2022,6,4.4,24.2,22.3,1.8999999999999986,117100,11.670783549585808,252.6,1.4324518527514039,11.544813582106698,NA,0,0,0,1,0,NA,-1,Control (Low-Debt),Luxembourg,LU,2022-06-01,0
LU,2022-07-01,2022,7,4.5,24.2,22.3,1.8999999999999986,117100,11.670783549585808,252.6,1.4324518527514039,11.544813582106698,NA,0,0,1,1,0,NA,0,Control (Low-Debt),Luxembourg,LU,2022-07-01,0
LU,2022-08-01,2022,8,4.7,24.2,22.3,1.8999999999999986,117100,11.670783549585808,252.6,1.4324518527514039,11.544813582106698,NA,0.5,0,1,1,0,NA,1,Control (Low-Debt),Luxembourg,LU,2022-08-01,0
LU,2022-09-01,2022,9,4.7,24.2,22.3,1.8999999999999986,117100,11.670783549585808,252.6,1.4324518527514039,11.544813582106698,NA,0.5,0,1,1,0,NA,2,Control (Low-Debt),Luxembourg,LU,2022-09-01,0
LU,2022-10-01,2022,10,4.8,24.2,22.3,1.8999999999999986,117100,11.670783549585808,252.6,1.4324518527514039,11.544813582106698,NA,1.25,0,1,1,0,NA,3,Control (Low-Debt),Luxembourg,LU,2022-10-01,0
LU,2022-11-01,2022,11,4.8,24.2,22.3,1.8999999999999986,117100,11.670783549585808,252.6,1.4324518527514039,11.544813582106698,NA,2,0,1,1,0,NA,4,Control (Low-Debt),Luxembourg,LU,2022-11-01,0
LU,2022-12-01,2022,12,4.9,24.2,22.3,1.8999999999999986,117100,11.670783549585808,252.6,1.4324518527514039,11.544813582106698,NA,2,0,1,1,0,NA,5,Control (Low-Debt),Luxembourg,LU,2022-12-01,0
LU,2023-01-01,2023,1,4.9,24.2,22.3,1.8999999999999986,122970,11.719695702166494,257.7,1.4324518527514039,11.544813582106698,NA,2.5,0,1,1,0,NA,6,Control (Low-Debt),Luxembourg,LU,2023-01-01,0
LU,2023-02-01,2023,2,4.9,24.2,22.3,1.8999999999999986,122970,11.719695702166494,257.7,1.4324518527514039,11.544813582106698,NA,2.5,0,1,1,0,NA,7,Control (Low-Debt),Luxembourg,LU,2023-02-01,0
LU,2023-03-01,2023,3,4.9,24.2,22.3,1.8999999999999986,122970,11.719695702166494,257.7,1.4324518527514039,11.544813582106698,NA,3,0,1,1,0,NA,8,Control (Low-Debt),Luxembourg,LU,2023-03-01,0
LU,2023-04-01,2023,4,4.9,24.2,22.3,1.8999999999999986,122970,11.719695702166494,257.7,1.4324518527514039,11.544813582106698,NA,3,0,1,1,0,NA,9,Control (Low-Debt),Luxembourg,LU,2023-04-01,0
LU,2023-05-01,2023,5,5,24.2,22.3,1.8999999999999986,122970,11.719695702166494,257.7,1.4324518527514039,11.544813582106698,NA,3,0,1,1,0,NA,10,Control (Low-Debt),Luxembourg,LU,2023-05-01,0
LU,2023-06-01,2023,6,5.2,24.2,22.3,1.8999999999999986,122970,11.719695702166494,257.7,1.4324518527514039,11.544813582106698,NA,3.75,0,1,1,0,NA,11,Control (Low-Debt),Luxembourg,LU,2023-06-01,0
LU,2023-07-01,2023,7,5.2,24.2,22.3,1.8999999999999986,122970,11.719695702166494,257.7,1.4324518527514039,11.544813582106698,NA,4,0,1,1,0,NA,12,Control (Low-Debt),Luxembourg,LU,2023-07-01,0
LU,2023-08-01,2023,8,5.3,24.2,22.3,1.8999999999999986,122970,11.719695702166494,257.7,1.4324518527514039,11.544813582106698,NA,4,0,1,1,0,NA,13,Control (Low-Debt),Luxembourg,LU,2023-08-01,0
LU,2023-09-01,2023,9,5.5,24.2,22.3,1.8999999999999986,122970,11.719695702166494,257.7,1.4324518527514039,11.544813582106698,NA,4.25,0,1,1,0,NA,14,Control (Low-Debt),Luxembourg,LU,2023-09-01,0
LU,2023-10-01,2023,10,5.6,24.2,22.3,1.8999999999999986,122970,11.719695702166494,257.7,1.4324518527514039,11.544813582106698,NA,4.5,0,1,1,0,NA,15,Control (Low-Debt),Luxembourg,LU,2023-10-01,0
LU,2023-11-01,2023,11,5.7,24.2,22.3,1.8999999999999986,122970,11.719695702166494,257.7,1.4324518527514039,11.544813582106698,NA,4.5,0,1,1,0,NA,16,Control (Low-Debt),Luxembourg,LU,2023-11-01,0
LU,2023-12-01,2023,12,5.7,24.2,22.3,1.8999999999999986,122970,11.719695702166494,257.7,1.4324518527514039,11.544813582106698,NA,4.5,0,1,1,0,NA,17,Control (Low-Debt),Luxembourg,LU,2023-12-01,0
LU,2024-01-01,2024,1,5.9,24.2,22.3,1.8999999999999986,127030,11.752178558017507,261.8,1.4324518527514039,11.544813582106698,NA,4.5,0,1,1,0,NA,18,Control (Low-Debt),Luxembourg,LU,2024-01-01,0
LU,2024-02-01,2024,2,6,24.2,22.3,1.8999999999999986,127030,11.752178558017507,261.8,1.4324518527514039,11.544813582106698,NA,4.5,0,1,1,0,NA,19,Control (Low-Debt),Luxembourg,LU,2024-02-01,0
LU,2024-03-01,2024,3,6,24.2,22.3,1.8999999999999986,127030,11.752178558017507,261.8,1.4324518527514039,11.544813582106698,NA,4.5,0,1,1,0,NA,20,Control (Low-Debt),Luxembourg,LU,2024-03-01,0
LU,2024-04-01,2024,4,6.1,24.2,22.3,1.8999999999999986,127030,11.752178558017507,261.8,1.4324518527514039,11.544813582106698,NA,4.5,0,1,1,0,NA,21,Control (Low-Debt),Luxembourg,LU,2024-04-01,0
LU,2024-05-01,2024,5,6.3,24.2,22.3,1.8999999999999986,127030,11.752178558017507,261.8,1.4324518527514039,11.544813582106698,NA,4.5,0,1,1,0,NA,22,Control (Low-Debt),Luxembourg,LU,2024-05-01,0
LU,2024-06-01,2024,6,6.3,24.2,22.3,1.8999999999999986,127030,11.752178558017507,261.8,1.4324518527514039,11.544813582106698,NA,4.5,0,1,1,0,NA,23,Control (Low-Debt),Luxembourg,LU,2024-06-01,0
LU,2024-07-01,2024,7,6.4,24.2,22.3,1.8999999999999986,127030,11.752178558017507,261.8,1.4324518527514039,11.544813582106698,NA,4.25,0,1,1,0,NA,24,Control (Low-Debt),Luxembourg,LU,2024-07-01,0
LU,2024-08-01,2024,8,6.5,24.2,22.3,1.8999999999999986,127030,11.752178558017507,261.8,1.4324518527514039,11.544813582106698,NA,4.25,0,1,1,0,NA,25,Control (Low-Debt),Luxembourg,LU,2024-08-01,0
LU,2024-09-01,2024,9,6.5,24.2,22.3,1.8999999999999986,127030,11.752178558017507,261.8,1.4324518527514039,11.544813582106698,NA,4.25,0,1,1,0,NA,26,Control (Low-Debt),Luxembourg,LU,2024-09-01,0
LU,2024-10-01,2024,10,6.6,24.2,22.3,1.8999999999999986,127030,11.752178558017507,261.8,1.4324518527514039,11.544813582106698,NA,3.65,0,1,1,0,NA,27,Control (Low-Debt),Luxembourg,LU,2024-10-01,0
LU,2024-11-01,2024,11,6.6,24.2,22.3,1.8999999999999986,127030,11.752178558017507,261.8,1.4324518527514039,11.544813582106698,NA,3.4,0,1,1,0,NA,28,Control (Low-Debt),Luxembourg,LU,2024-11-01,0
LU,2024-12-01,2024,12,6.5,24.2,22.3,1.8999999999999986,127030,11.752178558017507,261.8,1.4324518527514039,11.544813582106698,NA,3.4,0,1,1,0,NA,29,Control (Low-Debt),Luxembourg,LU,2024-12-01,0
LV,2018-01-01,2018,1,7.9,45.9,37.9,8,14620,9.59014573330377,30.4,1.6625744143834922,9.18290961208789,NA,0,0,0,0,0,NA,-54,Control (Low-Debt),Latvia,LV,2018-01-01,0
LV,2018-02-01,2018,2,7.7,45.9,37.9,8,14620,9.59014573330377,30.4,1.6625744143834922,9.18290961208789,NA,0,0,0,0,0,NA,-53,Control (Low-Debt),Latvia,LV,2018-02-01,0
LV,2018-03-01,2018,3,7.7,45.9,37.9,8,14620,9.59014573330377,30.4,1.6625744143834922,9.18290961208789,NA,0,0,0,0,0,NA,-52,Control (Low-Debt),Latvia,LV,2018-03-01,0
LV,2018-04-01,2018,4,7.8,45.9,37.9,8,14620,9.59014573330377,30.4,1.6625744143834922,9.18290961208789,NA,0,0,0,0,0,NA,-51,Control (Low-Debt),Latvia,LV,2018-04-01,0
LV,2018-05-01,2018,5,7.7,45.9,37.9,8,14620,9.59014573330377,30.4,1.6625744143834922,9.18290961208789,NA,0,0,0,0,0,NA,-50,Control (Low-Debt),Latvia,LV,2018-05-01,0
LV,2018-06-01,2018,6,7.6,45.9,37.9,8,14620,9.59014573330377,30.4,1.6625744143834922,9.18290961208789,NA,0,0,0,0,0,NA,-49,Control (Low-Debt),Latvia,LV,2018-06-01,0
LV,2018-07-01,2018,7,7.3,45.9,37.9,8,14620,9.59014573330377,30.4,1.6625744143834922,9.18290961208789,NA,0,0,0,0,0,NA,-48,Control (Low-Debt),Latvia,LV,2018-07-01,0
LV,2018-08-01,2018,8,7.1,45.9,37.9,8,14620,9.59014573330377,30.4,1.6625744143834922,9.18290961208789,NA,0,0,0,0,0,NA,-47,Control (Low-Debt),Latvia,LV,2018-08-01,0
LV,2018-09-01,2018,9,7,45.9,37.9,8,14620,9.59014573330377,30.4,1.6625744143834922,9.18290961208789,NA,0,0,0,0,0,NA,-46,Control (Low-Debt),Latvia,LV,2018-09-01,0
LV,2018-10-01,2018,10,7,45.9,37.9,8,14620,9.59014573330377,30.4,1.6625744143834922,9.18290961208789,NA,0,0,0,0,0,NA,-45,Control (Low-Debt),Latvia,LV,2018-10-01,0
LV,2018-11-01,2018,11,7,45.9,37.9,8,14620,9.59014573330377,30.4,1.6625744143834922,9.18290961208789,NA,0,0,0,0,0,NA,-44,Control (Low-Debt),Latvia,LV,2018-11-01,0
LV,2018-12-01,2018,12,6.9,45.9,37.9,8,14620,9.59014573330377,30.4,1.6625744143834922,9.18290961208789,NA,0,0,0,0,0,NA,-43,Control (Low-Debt),Latvia,LV,2018-12-01,0
LV,2019-01-01,2019,1,6.7,45.9,37.9,8,15450,9.645364282325891,30.2,1.6625744143834922,9.18290961208789,NA,0,0,0,0,0,NA,-42,Control (Low-Debt),Latvia,LV,2019-01-01,0
LV,2019-02-01,2019,2,6.6,45.9,37.9,8,15450,9.645364282325891,30.2,1.6625744143834922,9.18290961208789,NA,0,0,0,0,0,NA,-41,Control (Low-Debt),Latvia,LV,2019-02-01,0
LV,2019-03-01,2019,3,6.5,45.9,37.9,8,15450,9.645364282325891,30.2,1.6625744143834922,9.18290961208789,NA,0,0,0,0,0,NA,-40,Control (Low-Debt),Latvia,LV,2019-03-01,0
LV,2019-04-01,2019,4,6.4,45.9,37.9,8,15450,9.645364282325891,30.2,1.6625744143834922,9.18290961208789,NA,0,0,0,0,0,NA,-39,Control (Low-Debt),Latvia,LV,2019-04-01,0
LV,2019-05-01,2019,5,6.4,45.9,37.9,8,15450,9.645364282325891,30.2,1.6625744143834922,9.18290961208789,NA,0,0,0,0,0,NA,-38,Control (Low-Debt),Latvia,LV,2019-05-01,0
LV,2019-06-01,2019,6,6.4,45.9,37.9,8,15450,9.645364282325891,30.2,1.6625744143834922,9.18290961208789,NA,0,0,0,0,0,NA,-37,Control (Low-Debt),Latvia,LV,2019-06-01,0
LV,2019-07-01,2019,7,6.3,45.9,37.9,8,15450,9.645364282325891,30.2,1.6625744143834922,9.18290961208789,NA,0,0,0,0,0,NA,-36,Control (Low-Debt),Latvia,LV,2019-07-01,0
LV,2019-08-01,2019,8,6.2,45.9,37.9,8,15450,9.645364282325891,30.2,1.6625744143834922,9.18290961208789,NA,0,0,0,0,0,NA,-35,Control (Low-Debt),Latvia,LV,2019-08-01,0
LV,2019-09-01,2019,9,6,45.9,37.9,8,15450,9.645364282325891,30.2,1.6625744143834922,9.18290961208789,NA,0,0,0,0,0,NA,-34,Control (Low-Debt),Latvia,LV,2019-09-01,0
LV,2019-10-01,2019,10,5.8,45.9,37.9,8,15450,9.645364282325891,30.2,1.6625744143834922,9.18290961208789,NA,0,0,0,0,0,NA,-33,Control (Low-Debt),Latvia,LV,2019-10-01,0
LV,2019-11-01,2019,11,5.9,45.9,37.9,8,15450,9.645364282325891,30.2,1.6625744143834922,9.18290961208789,NA,0,0,0,0,0,NA,-32,Control (Low-Debt),Latvia,LV,2019-11-01,0
LV,2019-12-01,2019,12,6.5,45.9,37.9,8,15450,9.645364282325891,30.2,1.6625744143834922,9.18290961208789,NA,0,0,0,0,0,NA,-31,Control (Low-Debt),Latvia,LV,2019-12-01,0
LV,2020-01-01,2020,1,7.1,45.9,37.9,8,15370,9.640172836532642,30.2,1.6625744143834922,9.18290961208789,NA,0,0,0,0,0,NA,-30,Control (Low-Debt),Latvia,LV,2020-01-01,0
LV,2020-02-01,2020,2,7.2,45.9,37.9,8,15370,9.640172836532642,30.2,1.6625744143834922,9.18290961208789,NA,0,0,0,0,0,NA,-29,Control (Low-Debt),Latvia,LV,2020-02-01,0
LV,2020-03-01,2020,3,7.5,45.9,37.9,8,15370,9.640172836532642,30.2,1.6625744143834922,9.18290961208789,NA,0,0,0,0,0,NA,-28,Control (Low-Debt),Latvia,LV,2020-03-01,0
LV,2020-04-01,2020,4,8.4,45.9,37.9,8,15370,9.640172836532642,30.2,1.6625744143834922,9.18290961208789,NA,0,0,0,0,0,NA,-27,Control (Low-Debt),Latvia,LV,2020-04-01,0
LV,2020-05-01,2020,5,8.7,45.9,37.9,8,15370,9.640172836532642,30.2,1.6625744143834922,9.18290961208789,NA,0,0,0,0,0,NA,-26,Control (Low-Debt),Latvia,LV,2020-05-01,0
LV,2020-06-01,2020,6,8.7,45.9,37.9,8,15370,9.640172836532642,30.2,1.6625744143834922,9.18290961208789,NA,0,0,0,0,0,NA,-25,Control (Low-Debt),Latvia,LV,2020-06-01,0
LV,2020-07-01,2020,7,8.8,45.9,37.9,8,15370,9.640172836532642,30.2,1.6625744143834922,9.18290961208789,NA,0,0,0,0,0,NA,-24,Control (Low-Debt),Latvia,LV,2020-07-01,0
LV,2020-08-01,2020,8,8.6,45.9,37.9,8,15370,9.640172836532642,30.2,1.6625744143834922,9.18290961208789,NA,0,0,0,0,0,NA,-23,Control (Low-Debt),Latvia,LV,2020-08-01,0
LV,2020-09-01,2020,9,8.3,45.9,37.9,8,15370,9.640172836532642,30.2,1.6625744143834922,9.18290961208789,NA,0,0,0,0,0,NA,-22,Control (Low-Debt),Latvia,LV,2020-09-01,0
LV,2020-10-01,2020,10,8.1,45.9,37.9,8,15370,9.640172836532642,30.2,1.6625744143834922,9.18290961208789,NA,0,0,0,0,0,NA,-21,Control (Low-Debt),Latvia,LV,2020-10-01,0
LV,2020-11-01,2020,11,8,45.9,37.9,8,15370,9.640172836532642,30.2,1.6625744143834922,9.18290961208789,NA,0,0,0,0,0,NA,-20,Control (Low-Debt),Latvia,LV,2020-11-01,0
LV,2020-12-01,2020,12,7.8,45.9,37.9,8,15370,9.640172836532642,30.2,1.6625744143834922,9.18290961208789,NA,0,0,0,0,0,NA,-19,Control (Low-Debt),Latvia,LV,2020-12-01,0
LV,2021-01-01,2021,1,7.7,45.9,37.9,8,17130,9.748586591318166,30,1.6625744143834922,9.18290961208789,NA,0,0,0,0,0,NA,-18,Control (Low-Debt),Latvia,LV,2021-01-01,0
LV,2021-02-01,2021,2,7.6,45.9,37.9,8,17130,9.748586591318166,30,1.6625744143834922,9.18290961208789,NA,0,0,0,0,0,NA,-17,Control (Low-Debt),Latvia,LV,2021-02-01,0
LV,2021-03-01,2021,3,7.7,45.9,37.9,8,17130,9.748586591318166,30,1.6625744143834922,9.18290961208789,NA,0,0,0,0,0,NA,-16,Control (Low-Debt),Latvia,LV,2021-03-01,0
LV,2021-04-01,2021,4,7.8,45.9,37.9,8,17130,9.748586591318166,30,1.6625744143834922,9.18290961208789,NA,0,0,0,0,0,NA,-15,Control (Low-Debt),Latvia,LV,2021-04-01,0
LV,2021-05-01,2021,5,8,45.9,37.9,8,17130,9.748586591318166,30,1.6625744143834922,9.18290961208789,NA,0,0,0,0,0,NA,-14,Control (Low-Debt),Latvia,LV,2021-05-01,0
LV,2021-06-01,2021,6,8,45.9,37.9,8,17130,9.748586591318166,30,1.6625744143834922,9.18290961208789,NA,0,0,0,0,0,NA,-13,Control (Low-Debt),Latvia,LV,2021-06-01,0
LV,2021-07-01,2021,7,7.8,45.9,37.9,8,17130,9.748586591318166,30,1.6625744143834922,9.18290961208789,NA,0,0,0,0,0,NA,-12,Control (Low-Debt),Latvia,LV,2021-07-01,0
LV,2021-08-01,2021,8,7.3,45.9,37.9,8,17130,9.748586591318166,30,1.6625744143834922,9.18290961208789,NA,0,0,0,0,0,NA,-11,Control (Low-Debt),Latvia,LV,2021-08-01,0
LV,2021-09-01,2021,9,7,45.9,37.9,8,17130,9.748586591318166,30,1.6625744143834922,9.18290961208789,NA,0,0,0,0,0,NA,-10,Control (Low-Debt),Latvia,LV,2021-09-01,0
LV,2021-10-01,2021,10,7,45.9,37.9,8,17130,9.748586591318166,30,1.6625744143834922,9.18290961208789,NA,0,0,0,0,0,NA,-9,Control (Low-Debt),Latvia,LV,2021-10-01,0
LV,2021-11-01,2021,11,7.3,45.9,37.9,8,17130,9.748586591318166,30,1.6625744143834922,9.18290961208789,NA,0,0,0,0,0,NA,-8,Control (Low-Debt),Latvia,LV,2021-11-01,0
LV,2021-12-01,2021,12,7.4,45.9,37.9,8,17130,9.748586591318166,30,1.6625744143834922,9.18290961208789,NA,0,0,0,0,0,NA,-7,Control (Low-Debt),Latvia,LV,2021-12-01,0
LV,2022-01-01,2022,1,7.1,45.9,37.9,8,19130,9.859013062434299,29.7,1.6625744143834922,9.18290961208789,NA,0,0,0,0,0,NA,-6,Control (Low-Debt),Latvia,LV,2022-01-01,0
LV,2022-02-01,2022,2,6.9,45.9,37.9,8,19130,9.859013062434299,29.7,1.6625744143834922,9.18290961208789,NA,0,0,0,1,0,NA,-5,Control (Low-Debt),Latvia,LV,2022-02-01,0
LV,2022-03-01,2022,3,6.7,45.9,37.9,8,19130,9.859013062434299,29.7,1.6625744143834922,9.18290961208789,NA,0,0,0,1,0,NA,-4,Control (Low-Debt),Latvia,LV,2022-03-01,0
LV,2022-04-01,2022,4,6.7,45.9,37.9,8,19130,9.859013062434299,29.7,1.6625744143834922,9.18290961208789,NA,0,0,0,1,0,NA,-3,Control (Low-Debt),Latvia,LV,2022-04-01,0
LV,2022-05-01,2022,5,6.6,45.9,37.9,8,19130,9.859013062434299,29.7,1.6625744143834922,9.18290961208789,NA,0,0,0,1,0,NA,-2,Control (Low-Debt),Latvia,LV,2022-05-01,0
LV,2022-06-01,2022,6,6.7,45.9,37.9,8,19130,9.859013062434299,29.7,1.6625744143834922,9.18290961208789,NA,0,0,0,1,0,NA,-1,Control (Low-Debt),Latvia,LV,2022-06-01,0
LV,2022-07-01,2022,7,7,45.9,37.9,8,19130,9.859013062434299,29.7,1.6625744143834922,9.18290961208789,NA,0,0,1,1,0,NA,0,Control (Low-Debt),Latvia,LV,2022-07-01,0
LV,2022-08-01,2022,8,7.1,45.9,37.9,8,19130,9.859013062434299,29.7,1.6625744143834922,9.18290961208789,NA,0.5,0,1,1,0,NA,1,Control (Low-Debt),Latvia,LV,2022-08-01,0
LV,2022-09-01,2022,9,7,45.9,37.9,8,19130,9.859013062434299,29.7,1.6625744143834922,9.18290961208789,NA,0.5,0,1,1,0,NA,2,Control (Low-Debt),Latvia,LV,2022-09-01,0
LV,2022-10-01,2022,10,6.9,45.9,37.9,8,19130,9.859013062434299,29.7,1.6625744143834922,9.18290961208789,NA,1.25,0,1,1,0,NA,3,Control (Low-Debt),Latvia,LV,2022-10-01,0
LV,2022-11-01,2022,11,6.8,45.9,37.9,8,19130,9.859013062434299,29.7,1.6625744143834922,9.18290961208789,NA,2,0,1,1,0,NA,4,Control (Low-Debt),Latvia,LV,2022-11-01,0
LV,2022-12-01,2022,12,6.6,45.9,37.9,8,19130,9.859013062434299,29.7,1.6625744143834922,9.18290961208789,NA,2,0,1,1,0,NA,5,Control (Low-Debt),Latvia,LV,2022-12-01,0
LV,2023-01-01,2023,1,6.2,45.9,37.9,8,21030,9.953705268696746,30.2,1.6625744143834922,9.18290961208789,NA,2.5,0,1,1,0,NA,6,Control (Low-Debt),Latvia,LV,2023-01-01,0
LV,2023-02-01,2023,2,6,45.9,37.9,8,21030,9.953705268696746,30.2,1.6625744143834922,9.18290961208789,NA,2.5,0,1,1,0,NA,7,Control (Low-Debt),Latvia,LV,2023-02-01,0
LV,2023-03-01,2023,3,6,45.9,37.9,8,21030,9.953705268696746,30.2,1.6625744143834922,9.18290961208789,NA,3,0,1,1,0,NA,8,Control (Low-Debt),Latvia,LV,2023-03-01,0
LV,2023-04-01,2023,4,6.2,45.9,37.9,8,21030,9.953705268696746,30.2,1.6625744143834922,9.18290961208789,NA,3,0,1,1,0,NA,9,Control (Low-Debt),Latvia,LV,2023-04-01,0
LV,2023-05-01,2023,5,6.4,45.9,37.9,8,21030,9.953705268696746,30.2,1.6625744143834922,9.18290961208789,NA,3,0,1,1,0,NA,10,Control (Low-Debt),Latvia,LV,2023-05-01,0
LV,2023-06-01,2023,6,6.6,45.9,37.9,8,21030,9.953705268696746,30.2,1.6625744143834922,9.18290961208789,NA,3.75,0,1,1,0,NA,11,Control (Low-Debt),Latvia,LV,2023-06-01,0
LV,2023-07-01,2023,7,6.6,45.9,37.9,8,21030,9.953705268696746,30.2,1.6625744143834922,9.18290961208789,NA,4,0,1,1,0,NA,12,Control (Low-Debt),Latvia,LV,2023-07-01,0
LV,2023-08-01,2023,8,6.6,45.9,37.9,8,21030,9.953705268696746,30.2,1.6625744143834922,9.18290961208789,NA,4,0,1,1,0,NA,13,Control (Low-Debt),Latvia,LV,2023-08-01,0
LV,2023-09-01,2023,9,6.7,45.9,37.9,8,21030,9.953705268696746,30.2,1.6625744143834922,9.18290961208789,NA,4.25,0,1,1,0,NA,14,Control (Low-Debt),Latvia,LV,2023-09-01,0
LV,2023-10-01,2023,10,6.8,45.9,37.9,8,21030,9.953705268696746,30.2,1.6625744143834922,9.18290961208789,NA,4.5,0,1,1,0,NA,15,Control (Low-Debt),Latvia,LV,2023-10-01,0
LV,2023-11-01,2023,11,7,45.9,37.9,8,21030,9.953705268696746,30.2,1.6625744143834922,9.18290961208789,NA,4.5,0,1,1,0,NA,16,Control (Low-Debt),Latvia,LV,2023-11-01,0
LV,2023-12-01,2023,12,7,45.9,37.9,8,21030,9.953705268696746,30.2,1.6625744143834922,9.18290961208789,NA,4.5,0,1,1,0,NA,17,Control (Low-Debt),Latvia,LV,2023-12-01,0
LV,2024-01-01,2024,1,6.8,45.9,37.9,8,21800,9.98966524877718,30,1.6625744143834922,9.18290961208789,NA,4.5,0,1,1,0,NA,18,Control (Low-Debt),Latvia,LV,2024-01-01,0
LV,2024-02-01,2024,2,6.8,45.9,37.9,8,21800,9.98966524877718,30,1.6625744143834922,9.18290961208789,NA,4.5,0,1,1,0,NA,19,Control (Low-Debt),Latvia,LV,2024-02-01,0
LV,2024-03-01,2024,3,6.9,45.9,37.9,8,21800,9.98966524877718,30,1.6625744143834922,9.18290961208789,NA,4.5,0,1,1,0,NA,20,Control (Low-Debt),Latvia,LV,2024-03-01,0
LV,2024-04-01,2024,4,7,45.9,37.9,8,21800,9.98966524877718,30,1.6625744143834922,9.18290961208789,NA,4.5,0,1,1,0,NA,21,Control (Low-Debt),Latvia,LV,2024-04-01,0
LV,2024-05-01,2024,5,6.9,45.9,37.9,8,21800,9.98966524877718,30,1.6625744143834922,9.18290961208789,NA,4.5,0,1,1,0,NA,22,Control (Low-Debt),Latvia,LV,2024-05-01,0
LV,2024-06-01,2024,6,6.8,45.9,37.9,8,21800,9.98966524877718,30,1.6625744143834922,9.18290961208789,NA,4.5,0,1,1,0,NA,23,Control (Low-Debt),Latvia,LV,2024-06-01,0
LV,2024-07-01,2024,7,6.8,45.9,37.9,8,21800,9.98966524877718,30,1.6625744143834922,9.18290961208789,NA,4.25,0,1,1,0,NA,24,Control (Low-Debt),Latvia,LV,2024-07-01,0
LV,2024-08-01,2024,8,6.9,45.9,37.9,8,21800,9.98966524877718,30,1.6625744143834922,9.18290961208789,NA,4.25,0,1,1,0,NA,25,Control (Low-Debt),Latvia,LV,2024-08-01,0
LV,2024-09-01,2024,9,6.8,45.9,37.9,8,21800,9.98966524877718,30,1.6625744143834922,9.18290961208789,NA,4.25,0,1,1,0,NA,26,Control (Low-Debt),Latvia,LV,2024-09-01,0
LV,2024-10-01,2024,10,7,45.9,37.9,8,21800,9.98966524877718,30,1.6625744143834922,9.18290961208789,NA,3.65,0,1,1,0,NA,27,Control (Low-Debt),Latvia,LV,2024-10-01,0
LV,2024-11-01,2024,11,7,45.9,37.9,8,21800,9.98966524877718,30,1.6625744143834922,9.18290961208789,NA,3.4,0,1,1,0,NA,28,Control (Low-Debt),Latvia,LV,2024-11-01,0
LV,2024-12-01,2024,12,7,45.9,37.9,8,21800,9.98966524877718,30,1.6625744143834922,9.18290961208789,NA,3.4,0,1,1,0,NA,29,Control (Low-Debt),Latvia,LV,2024-12-01,0
MT,2018-01-01,2018,1,4.2,49.7,39.2,10.5,28240,10.248494691607178,1548.3,3.549921925280883,10.888093970259485,NA,0,0,0,0,0,NA,-54,Control (Low-Debt),Malta,MT,2018-01-01,0
MT,2018-02-01,2018,2,4.4,49.7,39.2,10.5,28240,10.248494691607178,1548.3,3.549921925280883,10.888093970259485,NA,0,0,0,0,0,NA,-53,Control (Low-Debt),Malta,MT,2018-02-01,0
MT,2018-03-01,2018,3,4.5,49.7,39.2,10.5,28240,10.248494691607178,1548.3,3.549921925280883,10.888093970259485,NA,0,0,0,0,0,NA,-52,Control (Low-Debt),Malta,MT,2018-03-01,0
MT,2018-04-01,2018,4,4.3,49.7,39.2,10.5,28240,10.248494691607178,1548.3,3.549921925280883,10.888093970259485,NA,0,0,0,0,0,NA,-51,Control (Low-Debt),Malta,MT,2018-04-01,0
MT,2018-05-01,2018,5,4,49.7,39.2,10.5,28240,10.248494691607178,1548.3,3.549921925280883,10.888093970259485,NA,0,0,0,0,0,NA,-50,Control (Low-Debt),Malta,MT,2018-05-01,0
MT,2018-06-01,2018,6,3.8,49.7,39.2,10.5,28240,10.248494691607178,1548.3,3.549921925280883,10.888093970259485,NA,0,0,0,0,0,NA,-49,Control (Low-Debt),Malta,MT,2018-06-01,0
MT,2018-07-01,2018,7,3.7,49.7,39.2,10.5,28240,10.248494691607178,1548.3,3.549921925280883,10.888093970259485,NA,0,0,0,0,0,NA,-48,Control (Low-Debt),Malta,MT,2018-07-01,0
MT,2018-08-01,2018,8,3.5,49.7,39.2,10.5,28240,10.248494691607178,1548.3,3.549921925280883,10.888093970259485,NA,0,0,0,0,0,NA,-47,Control (Low-Debt),Malta,MT,2018-08-01,0
MT,2018-09-01,2018,9,3.5,49.7,39.2,10.5,28240,10.248494691607178,1548.3,3.549921925280883,10.888093970259485,NA,0,0,0,0,0,NA,-46,Control (Low-Debt),Malta,MT,2018-09-01,0
MT,2018-10-01,2018,10,3.6,49.7,39.2,10.5,28240,10.248494691607178,1548.3,3.549921925280883,10.888093970259485,NA,0,0,0,0,0,NA,-45,Control (Low-Debt),Malta,MT,2018-10-01,0
MT,2018-11-01,2018,11,3.8,49.7,39.2,10.5,28240,10.248494691607178,1548.3,3.549921925280883,10.888093970259485,NA,0,0,0,0,0,NA,-44,Control (Low-Debt),Malta,MT,2018-11-01,0
MT,2018-12-01,2018,12,4,49.7,39.2,10.5,28240,10.248494691607178,1548.3,3.549921925280883,10.888093970259485,NA,0,0,0,0,0,NA,-43,Control (Low-Debt),Malta,MT,2018-12-01,0
MT,2019-01-01,2019,1,4.2,49.7,39.2,10.5,28920,10.272288676272701,1595.1,3.549921925280883,10.888093970259485,NA,0,0,0,0,0,NA,-42,Control (Low-Debt),Malta,MT,2019-01-01,0
MT,2019-02-01,2019,2,4.4,49.7,39.2,10.5,28920,10.272288676272701,1595.1,3.549921925280883,10.888093970259485,NA,0,0,0,0,0,NA,-41,Control (Low-Debt),Malta,MT,2019-02-01,0
MT,2019-03-01,2019,3,4.3,49.7,39.2,10.5,28920,10.272288676272701,1595.1,3.549921925280883,10.888093970259485,NA,0,0,0,0,0,NA,-40,Control (Low-Debt),Malta,MT,2019-03-01,0
MT,2019-04-01,2019,4,4.1,49.7,39.2,10.5,28920,10.272288676272701,1595.1,3.549921925280883,10.888093970259485,NA,0,0,0,0,0,NA,-39,Control (Low-Debt),Malta,MT,2019-04-01,0
MT,2019-05-01,2019,5,4,49.7,39.2,10.5,28920,10.272288676272701,1595.1,3.549921925280883,10.888093970259485,NA,0,0,0,0,0,NA,-38,Control (Low-Debt),Malta,MT,2019-05-01,0
MT,2019-06-01,2019,6,3.9,49.7,39.2,10.5,28920,10.272288676272701,1595.1,3.549921925280883,10.888093970259485,NA,0,0,0,0,0,NA,-37,Control (Low-Debt),Malta,MT,2019-06-01,0
MT,2019-07-01,2019,7,4,49.7,39.2,10.5,28920,10.272288676272701,1595.1,3.549921925280883,10.888093970259485,NA,0,0,0,0,0,NA,-36,Control (Low-Debt),Malta,MT,2019-07-01,0
MT,2019-08-01,2019,8,4.1,49.7,39.2,10.5,28920,10.272288676272701,1595.1,3.549921925280883,10.888093970259485,NA,0,0,0,0,0,NA,-35,Control (Low-Debt),Malta,MT,2019-08-01,0
MT,2019-09-01,2019,9,4.1,49.7,39.2,10.5,28920,10.272288676272701,1595.1,3.549921925280883,10.888093970259485,NA,0,0,0,0,0,NA,-34,Control (Low-Debt),Malta,MT,2019-09-01,0
MT,2019-10-01,2019,10,4.1,49.7,39.2,10.5,28920,10.272288676272701,1595.1,3.549921925280883,10.888093970259485,NA,0,0,0,0,0,NA,-33,Control (Low-Debt),Malta,MT,2019-10-01,0
MT,2019-11-01,2019,11,4.1,49.7,39.2,10.5,28920,10.272288676272701,1595.1,3.549921925280883,10.888093970259485,NA,0,0,0,0,0,NA,-32,Control (Low-Debt),Malta,MT,2019-11-01,0
MT,2019-12-01,2019,12,4,49.7,39.2,10.5,28920,10.272288676272701,1595.1,3.549921925280883,10.888093970259485,NA,0,0,0,0,0,NA,-31,Control (Low-Debt),Malta,MT,2019-12-01,0
MT,2020-01-01,2020,1,4,49.7,39.2,10.5,27870,10.235306120475993,1610.4,3.549921925280883,10.888093970259485,NA,0,0,0,0,0,NA,-30,Control (Low-Debt),Malta,MT,2020-01-01,0
MT,2020-02-01,2020,2,3.7,49.7,39.2,10.5,27870,10.235306120475993,1610.4,3.549921925280883,10.888093970259485,NA,0,0,0,0,0,NA,-29,Control (Low-Debt),Malta,MT,2020-02-01,0
MT,2020-03-01,2020,3,4.1,49.7,39.2,10.5,27870,10.235306120475993,1610.4,3.549921925280883,10.888093970259485,NA,0,0,0,0,0,NA,-28,Control (Low-Debt),Malta,MT,2020-03-01,0
MT,2020-04-01,2020,4,4.6,49.7,39.2,10.5,27870,10.235306120475993,1610.4,3.549921925280883,10.888093970259485,NA,0,0,0,0,0,NA,-27,Control (Low-Debt),Malta,MT,2020-04-01,0
MT,2020-05-01,2020,5,4.9,49.7,39.2,10.5,27870,10.235306120475993,1610.4,3.549921925280883,10.888093970259485,NA,0,0,0,0,0,NA,-26,Control (Low-Debt),Malta,MT,2020-05-01,0
MT,2020-06-01,2020,6,5.1,49.7,39.2,10.5,27870,10.235306120475993,1610.4,3.549921925280883,10.888093970259485,NA,0,0,0,0,0,NA,-25,Control (Low-Debt),Malta,MT,2020-06-01,0
MT,2020-07-01,2020,7,5.5,49.7,39.2,10.5,27870,10.235306120475993,1610.4,3.549921925280883,10.888093970259485,NA,0,0,0,0,0,NA,-24,Control (Low-Debt),Malta,MT,2020-07-01,0
MT,2020-08-01,2020,8,5.6,49.7,39.2,10.5,27870,10.235306120475993,1610.4,3.549921925280883,10.888093970259485,NA,0,0,0,0,0,NA,-23,Control (Low-Debt),Malta,MT,2020-08-01,0
MT,2020-09-01,2020,9,5.5,49.7,39.2,10.5,27870,10.235306120475993,1610.4,3.549921925280883,10.888093970259485,NA,0,0,0,0,0,NA,-22,Control (Low-Debt),Malta,MT,2020-09-01,0
MT,2020-10-01,2020,10,5.4,49.7,39.2,10.5,27870,10.235306120475993,1610.4,3.549921925280883,10.888093970259485,NA,0,0,0,0,0,NA,-21,Control (Low-Debt),Malta,MT,2020-10-01,0
MT,2020-11-01,2020,11,5.1,49.7,39.2,10.5,27870,10.235306120475993,1610.4,3.549921925280883,10.888093970259485,NA,0,0,0,0,0,NA,-20,Control (Low-Debt),Malta,MT,2020-11-01,0
MT,2020-12-01,2020,12,4.9,49.7,39.2,10.5,27870,10.235306120475993,1610.4,3.549921925280883,10.888093970259485,NA,0,0,0,0,0,NA,-19,Control (Low-Debt),Malta,MT,2020-12-01,0
MT,2021-01-01,2021,1,4.5,49.7,39.2,10.5,32190,10.379411124292854,1646.4,3.549921925280883,10.888093970259485,NA,0,0,0,0,0,NA,-18,Control (Low-Debt),Malta,MT,2021-01-01,0
MT,2021-02-01,2021,2,4.3,49.7,39.2,10.5,32190,10.379411124292854,1646.4,3.549921925280883,10.888093970259485,NA,0,0,0,0,0,NA,-17,Control (Low-Debt),Malta,MT,2021-02-01,0
MT,2021-03-01,2021,3,3.9,49.7,39.2,10.5,32190,10.379411124292854,1646.4,3.549921925280883,10.888093970259485,NA,0,0,0,0,0,NA,-16,Control (Low-Debt),Malta,MT,2021-03-01,0
MT,2021-04-01,2021,4,3.6,49.7,39.2,10.5,32190,10.379411124292854,1646.4,3.549921925280883,10.888093970259485,NA,0,0,0,0,0,NA,-15,Control (Low-Debt),Malta,MT,2021-04-01,0
MT,2021-05-01,2021,5,3.7,49.7,39.2,10.5,32190,10.379411124292854,1646.4,3.549921925280883,10.888093970259485,NA,0,0,0,0,0,NA,-14,Control (Low-Debt),Malta,MT,2021-05-01,0
MT,2021-06-01,2021,6,3.7,49.7,39.2,10.5,32190,10.379411124292854,1646.4,3.549921925280883,10.888093970259485,NA,0,0,0,0,0,NA,-13,Control (Low-Debt),Malta,MT,2021-06-01,0
MT,2021-07-01,2021,7,3.9,49.7,39.2,10.5,32190,10.379411124292854,1646.4,3.549921925280883,10.888093970259485,NA,0,0,0,0,0,NA,-12,Control (Low-Debt),Malta,MT,2021-07-01,0
MT,2021-08-01,2021,8,3.9,49.7,39.2,10.5,32190,10.379411124292854,1646.4,3.549921925280883,10.888093970259485,NA,0,0,0,0,0,NA,-11,Control (Low-Debt),Malta,MT,2021-08-01,0
MT,2021-09-01,2021,9,3.7,49.7,39.2,10.5,32190,10.379411124292854,1646.4,3.549921925280883,10.888093970259485,NA,0,0,0,0,0,NA,-10,Control (Low-Debt),Malta,MT,2021-09-01,0
MT,2021-10-01,2021,10,3.4,49.7,39.2,10.5,32190,10.379411124292854,1646.4,3.549921925280883,10.888093970259485,NA,0,0,0,0,0,NA,-9,Control (Low-Debt),Malta,MT,2021-10-01,0
MT,2021-11-01,2021,11,3.2,49.7,39.2,10.5,32190,10.379411124292854,1646.4,3.549921925280883,10.888093970259485,NA,0,0,0,0,0,NA,-8,Control (Low-Debt),Malta,MT,2021-11-01,0
MT,2021-12-01,2021,12,3.4,49.7,39.2,10.5,32190,10.379411124292854,1646.4,3.549921925280883,10.888093970259485,NA,0,0,0,0,0,NA,-7,Control (Low-Debt),Malta,MT,2021-12-01,0
MT,2022-01-01,2022,1,3.5,49.7,39.2,10.5,33810,10.428511895701932,1696.8,3.549921925280883,10.888093970259485,NA,0,0,0,0,0,NA,-6,Control (Low-Debt),Malta,MT,2022-01-01,0
MT,2022-02-01,2022,2,3.7,49.7,39.2,10.5,33810,10.428511895701932,1696.8,3.549921925280883,10.888093970259485,NA,0,0,0,1,0,NA,-5,Control (Low-Debt),Malta,MT,2022-02-01,0
MT,2022-03-01,2022,3,3.6,49.7,39.2,10.5,33810,10.428511895701932,1696.8,3.549921925280883,10.888093970259485,NA,0,0,0,1,0,NA,-4,Control (Low-Debt),Malta,MT,2022-03-01,0
MT,2022-04-01,2022,4,3.7,49.7,39.2,10.5,33810,10.428511895701932,1696.8,3.549921925280883,10.888093970259485,NA,0,0,0,1,0,NA,-3,Control (Low-Debt),Malta,MT,2022-04-01,0
MT,2022-05-01,2022,5,3.8,49.7,39.2,10.5,33810,10.428511895701932,1696.8,3.549921925280883,10.888093970259485,NA,0,0,0,1,0,NA,-2,Control (Low-Debt),Malta,MT,2022-05-01,0
MT,2022-06-01,2022,6,3.7,49.7,39.2,10.5,33810,10.428511895701932,1696.8,3.549921925280883,10.888093970259485,NA,0,0,0,1,0,NA,-1,Control (Low-Debt),Malta,MT,2022-06-01,0
MT,2022-07-01,2022,7,3.5,49.7,39.2,10.5,33810,10.428511895701932,1696.8,3.549921925280883,10.888093970259485,NA,0,0,1,1,0,NA,0,Control (Low-Debt),Malta,MT,2022-07-01,0
MT,2022-08-01,2022,8,3.4,49.7,39.2,10.5,33810,10.428511895701932,1696.8,3.549921925280883,10.888093970259485,NA,0.5,0,1,1,0,NA,1,Control (Low-Debt),Malta,MT,2022-08-01,0
MT,2022-09-01,2022,9,3.3,49.7,39.2,10.5,33810,10.428511895701932,1696.8,3.549921925280883,10.888093970259485,NA,0.5,0,1,1,0,NA,2,Control (Low-Debt),Malta,MT,2022-09-01,0
MT,2022-10-01,2022,10,3.2,49.7,39.2,10.5,33810,10.428511895701932,1696.8,3.549921925280883,10.888093970259485,NA,1.25,0,1,1,0,NA,3,Control (Low-Debt),Malta,MT,2022-10-01,0
MT,2022-11-01,2022,11,3.2,49.7,39.2,10.5,33810,10.428511895701932,1696.8,3.549921925280883,10.888093970259485,NA,2,0,1,1,0,NA,4,Control (Low-Debt),Malta,MT,2022-11-01,0
MT,2022-12-01,2022,12,3.2,49.7,39.2,10.5,33810,10.428511895701932,1696.8,3.549921925280883,10.888093970259485,NA,2,0,1,1,0,NA,5,Control (Low-Debt),Malta,MT,2022-12-01,0
MT,2023-01-01,2023,1,3.2,49.7,39.2,10.5,37800,10.54006438160768,1766,3.549921925280883,10.888093970259485,NA,2.5,0,1,1,0,NA,6,Control (Low-Debt),Malta,MT,2023-01-01,0
MT,2023-02-01,2023,2,3.2,49.7,39.2,10.5,37800,10.54006438160768,1766,3.549921925280883,10.888093970259485,NA,2.5,0,1,1,0,NA,7,Control (Low-Debt),Malta,MT,2023-02-01,0
MT,2023-03-01,2023,3,3.5,49.7,39.2,10.5,37800,10.54006438160768,1766,3.549921925280883,10.888093970259485,NA,3,0,1,1,0,NA,8,Control (Low-Debt),Malta,MT,2023-03-01,0
MT,2023-04-01,2023,4,3.8,49.7,39.2,10.5,37800,10.54006438160768,1766,3.549921925280883,10.888093970259485,NA,3,0,1,1,0,NA,9,Control (Low-Debt),Malta,MT,2023-04-01,0
MT,2023-05-01,2023,5,3.9,49.7,39.2,10.5,37800,10.54006438160768,1766,3.549921925280883,10.888093970259485,NA,3,0,1,1,0,NA,10,Control (Low-Debt),Malta,MT,2023-05-01,0
MT,2023-06-01,2023,6,3.8,49.7,39.2,10.5,37800,10.54006438160768,1766,3.549921925280883,10.888093970259485,NA,3.75,0,1,1,0,NA,11,Control (Low-Debt),Malta,MT,2023-06-01,0
MT,2023-07-01,2023,7,3.7,49.7,39.2,10.5,37800,10.54006438160768,1766,3.549921925280883,10.888093970259485,NA,4,0,1,1,0,NA,12,Control (Low-Debt),Malta,MT,2023-07-01,0
MT,2023-08-01,2023,8,3.7,49.7,39.2,10.5,37800,10.54006438160768,1766,3.549921925280883,10.888093970259485,NA,4,0,1,1,0,NA,13,Control (Low-Debt),Malta,MT,2023-08-01,0
MT,2023-09-01,2023,9,3.6,49.7,39.2,10.5,37800,10.54006438160768,1766,3.549921925280883,10.888093970259485,NA,4.25,0,1,1,0,NA,14,Control (Low-Debt),Malta,MT,2023-09-01,0
MT,2023-10-01,2023,10,3.3,49.7,39.2,10.5,37800,10.54006438160768,1766,3.549921925280883,10.888093970259485,NA,4.5,0,1,1,0,NA,15,Control (Low-Debt),Malta,MT,2023-10-01,0
MT,2023-11-01,2023,11,3.1,49.7,39.2,10.5,37800,10.54006438160768,1766,3.549921925280883,10.888093970259485,NA,4.5,0,1,1,0,NA,16,Control (Low-Debt),Malta,MT,2023-11-01,0
MT,2023-12-01,2023,12,3.1,49.7,39.2,10.5,37800,10.54006438160768,1766,3.549921925280883,10.888093970259485,NA,4.5,0,1,1,0,NA,17,Control (Low-Debt),Malta,MT,2023-12-01,0
MT,2024-01-01,2024,1,3.4,49.7,39.2,10.5,40640,10.612508082252363,1817.4,3.549921925280883,10.888093970259485,NA,4.5,0,1,1,0,NA,18,Control (Low-Debt),Malta,MT,2024-01-01,0
MT,2024-02-01,2024,2,3.4,49.7,39.2,10.5,40640,10.612508082252363,1817.4,3.549921925280883,10.888093970259485,NA,4.5,0,1,1,0,NA,19,Control (Low-Debt),Malta,MT,2024-02-01,0
MT,2024-03-01,2024,3,3.4,49.7,39.2,10.5,40640,10.612508082252363,1817.4,3.549921925280883,10.888093970259485,NA,4.5,0,1,1,0,NA,20,Control (Low-Debt),Malta,MT,2024-03-01,0
MT,2024-04-01,2024,4,3.3,49.7,39.2,10.5,40640,10.612508082252363,1817.4,3.549921925280883,10.888093970259485,NA,4.5,0,1,1,0,NA,21,Control (Low-Debt),Malta,MT,2024-04-01,0
MT,2024-05-01,2024,5,3.2,49.7,39.2,10.5,40640,10.612508082252363,1817.4,3.549921925280883,10.888093970259485,NA,4.5,0,1,1,0,NA,22,Control (Low-Debt),Malta,MT,2024-05-01,0
MT,2024-06-01,2024,6,3.1,49.7,39.2,10.5,40640,10.612508082252363,1817.4,3.549921925280883,10.888093970259485,NA,4.5,0,1,1,0,NA,23,Control (Low-Debt),Malta,MT,2024-06-01,0
MT,2024-07-01,2024,7,3,49.7,39.2,10.5,40640,10.612508082252363,1817.4,3.549921925280883,10.888093970259485,NA,4.25,0,1,1,0,NA,24,Control (Low-Debt),Malta,MT,2024-07-01,0
MT,2024-08-01,2024,8,3.2,49.7,39.2,10.5,40640,10.612508082252363,1817.4,3.549921925280883,10.888093970259485,NA,4.25,0,1,1,0,NA,25,Control (Low-Debt),Malta,MT,2024-08-01,0
MT,2024-09-01,2024,9,3.1,49.7,39.2,10.5,40640,10.612508082252363,1817.4,3.549921925280883,10.888093970259485,NA,4.25,0,1,1,0,NA,26,Control (Low-Debt),Malta,MT,2024-09-01,0
MT,2024-10-01,2024,10,3,49.7,39.2,10.5,40640,10.612508082252363,1817.4,3.549921925280883,10.888093970259485,NA,3.65,0,1,1,0,NA,27,Control (Low-Debt),Malta,MT,2024-10-01,0
MT,2024-11-01,2024,11,3,49.7,39.2,10.5,40640,10.612508082252363,1817.4,3.549921925280883,10.888093970259485,NA,3.4,0,1,1,0,NA,28,Control (Low-Debt),Malta,MT,2024-11-01,0
MT,2024-12-01,2024,12,3.2,49.7,39.2,10.5,40640,10.612508082252363,1817.4,3.549921925280883,10.888093970259485,NA,3.4,0,1,1,0,NA,29,Control (Low-Debt),Malta,MT,2024-12-01,0
NL,2018-01-01,2018,1,5.2,50.5,47.7,2.799999999999997,45690,10.729634734557317,504,1.670991754691209,12.303251970659419,21.792964031608772,0,0,0,0,0,0,-54,Control (Low-Debt),Netherlands,NL,2018-01-01,0.4495400145813471
NL,2018-02-01,2018,2,5.1,50.5,47.7,2.799999999999997,45690,10.729634734557317,504,1.670991754691209,12.303251970659419,21.792964031608772,0,0,0,0,0,0,-53,Control (Low-Debt),Netherlands,NL,2018-02-01,0.4495400145813471
NL,2018-03-01,2018,3,5,50.5,47.7,2.799999999999997,45690,10.729634734557317,504,1.670991754691209,12.303251970659419,21.792964031608772,0,0,0,0,0,0,-52,Control (Low-Debt),Netherlands,NL,2018-03-01,0.4495400145813471
NL,2018-04-01,2018,4,4.9,50.5,47.7,2.799999999999997,45690,10.729634734557317,504,1.670991754691209,12.303251970659419,21.792964031608772,0,0,0,0,0,0,-51,Control (Low-Debt),Netherlands,NL,2018-04-01,0.4495400145813471
NL,2018-05-01,2018,5,4.9,50.5,47.7,2.799999999999997,45690,10.729634734557317,504,1.670991754691209,12.303251970659419,21.792964031608772,0,0,0,0,0,0,-50,Control (Low-Debt),Netherlands,NL,2018-05-01,0.4495400145813471
NL,2018-06-01,2018,6,4.9,50.5,47.7,2.799999999999997,45690,10.729634734557317,504,1.670991754691209,12.303251970659419,21.792964031608772,0,0,0,0,0,0,-49,Control (Low-Debt),Netherlands,NL,2018-06-01,0.4495400145813471
NL,2018-07-01,2018,7,4.9,50.5,47.7,2.799999999999997,45690,10.729634734557317,504,1.670991754691209,12.303251970659419,21.792964031608772,0,0,0,0,0,0,-48,Control (Low-Debt),Netherlands,NL,2018-07-01,0.4495400145813471
NL,2018-08-01,2018,8,4.9,50.5,47.7,2.799999999999997,45690,10.729634734557317,504,1.670991754691209,12.303251970659419,21.792964031608772,0,0,0,0,0,0,-47,Control (Low-Debt),Netherlands,NL,2018-08-01,0.4495400145813471
NL,2018-09-01,2018,9,4.8,50.5,47.7,2.799999999999997,45690,10.729634734557317,504,1.670991754691209,12.303251970659419,21.792964031608772,0,0,0,0,0,0,-46,Control (Low-Debt),Netherlands,NL,2018-09-01,0.4495400145813471
NL,2018-10-01,2018,10,4.7,50.5,47.7,2.799999999999997,45690,10.729634734557317,504,1.670991754691209,12.303251970659419,21.792964031608772,0,0,0,0,0,0,-45,Control (Low-Debt),Netherlands,NL,2018-10-01,0.4495400145813471
NL,2018-11-01,2018,11,4.6,50.5,47.7,2.799999999999997,45690,10.729634734557317,504,1.670991754691209,12.303251970659419,21.792964031608772,0,0,0,0,0,0,-44,Control (Low-Debt),Netherlands,NL,2018-11-01,0.4495400145813471
NL,2018-12-01,2018,12,4.6,50.5,47.7,2.799999999999997,45690,10.729634734557317,504,1.670991754691209,12.303251970659419,21.792964031608772,0,0,0,0,0,0,-43,Control (Low-Debt),Netherlands,NL,2018-12-01,0.4495400145813471
NL,2019-01-01,2019,1,4.6,50.5,47.7,2.799999999999997,47840,10.775617388624513,507.3,1.670991754691209,12.303251970659419,21.792964031608772,0,0,0,0,0,0,-42,Control (Low-Debt),Netherlands,NL,2019-01-01,0.4495400145813471
NL,2019-02-01,2019,2,4.4,50.5,47.7,2.799999999999997,47840,10.775617388624513,507.3,1.670991754691209,12.303251970659419,21.792964031608772,0,0,0,0,0,0,-41,Control (Low-Debt),Netherlands,NL,2019-02-01,0.4495400145813471
NL,2019-03-01,2019,3,4.4,50.5,47.7,2.799999999999997,47840,10.775617388624513,507.3,1.670991754691209,12.303251970659419,21.792964031608772,0,0,0,0,0,0,-40,Control (Low-Debt),Netherlands,NL,2019-03-01,0.4495400145813471
NL,2019-04-01,2019,4,4.3,50.5,47.7,2.799999999999997,47840,10.775617388624513,507.3,1.670991754691209,12.303251970659419,21.792964031608772,0,0,0,0,0,0,-39,Control (Low-Debt),Netherlands,NL,2019-04-01,0.4495400145813471
NL,2019-05-01,2019,5,4.3,50.5,47.7,2.799999999999997,47840,10.775617388624513,507.3,1.670991754691209,12.303251970659419,21.792964031608772,0,0,0,0,0,0,-38,Control (Low-Debt),Netherlands,NL,2019-05-01,0.4495400145813471
NL,2019-06-01,2019,6,4.4,50.5,47.7,2.799999999999997,47840,10.775617388624513,507.3,1.670991754691209,12.303251970659419,21.792964031608772,0,0,0,0,0,0,-37,Control (Low-Debt),Netherlands,NL,2019-06-01,0.4495400145813471
NL,2019-07-01,2019,7,4.4,50.5,47.7,2.799999999999997,47840,10.775617388624513,507.3,1.670991754691209,12.303251970659419,21.792964031608772,0,0,0,0,0,0,-36,Control (Low-Debt),Netherlands,NL,2019-07-01,0.4495400145813471
NL,2019-08-01,2019,8,4.5,50.5,47.7,2.799999999999997,47840,10.775617388624513,507.3,1.670991754691209,12.303251970659419,21.792964031608772,0,0,0,0,0,0,-35,Control (Low-Debt),Netherlands,NL,2019-08-01,0.4495400145813471
NL,2019-09-01,2019,9,4.5,50.5,47.7,2.799999999999997,47840,10.775617388624513,507.3,1.670991754691209,12.303251970659419,21.792964031608772,0,0,0,0,0,0,-34,Control (Low-Debt),Netherlands,NL,2019-09-01,0.4495400145813471
NL,2019-10-01,2019,10,4.5,50.5,47.7,2.799999999999997,47840,10.775617388624513,507.3,1.670991754691209,12.303251970659419,21.792964031608772,0,0,0,0,0,0,-33,Control (Low-Debt),Netherlands,NL,2019-10-01,0.4495400145813471
NL,2019-11-01,2019,11,4.5,50.5,47.7,2.799999999999997,47840,10.775617388624513,507.3,1.670991754691209,12.303251970659419,21.792964031608772,0,0,0,0,0,0,-32,Control (Low-Debt),Netherlands,NL,2019-11-01,0.4495400145813471
NL,2019-12-01,2019,12,4.3,50.5,47.7,2.799999999999997,47840,10.775617388624513,507.3,1.670991754691209,12.303251970659419,21.792964031608772,0,0,0,0,0,0,-31,Control (Low-Debt),Netherlands,NL,2019-12-01,0.4495400145813471
NL,2020-01-01,2020,1,4.1,50.5,47.7,2.799999999999997,46810,10.753852134294116,507.3,1.670991754691209,12.303251970659419,21.792964031608772,0,0,0,0,0,0,-30,Control (Low-Debt),Netherlands,NL,2020-01-01,0.4495400145813471
NL,2020-02-01,2020,2,4,50.5,47.7,2.799999999999997,46810,10.753852134294116,507.3,1.670991754691209,12.303251970659419,21.792964031608772,0,0,0,0,0,0,-29,Control (Low-Debt),Netherlands,NL,2020-02-01,0.4495400145813471
NL,2020-03-01,2020,3,4.1,50.5,47.7,2.799999999999997,46810,10.753852134294116,507.3,1.670991754691209,12.303251970659419,21.792964031608772,0,0,0,0,0,0,-28,Control (Low-Debt),Netherlands,NL,2020-03-01,0.4495400145813471
NL,2020-04-01,2020,4,4.5,50.5,47.7,2.799999999999997,46810,10.753852134294116,507.3,1.670991754691209,12.303251970659419,21.792964031608772,0,0,0,0,0,0,-27,Control (Low-Debt),Netherlands,NL,2020-04-01,0.4495400145813471
NL,2020-05-01,2020,5,4.6,50.5,47.7,2.799999999999997,46810,10.753852134294116,507.3,1.670991754691209,12.303251970659419,21.792964031608772,0,0,0,0,0,0,-26,Control (Low-Debt),Netherlands,NL,2020-05-01,0.4495400145813471
NL,2020-06-01,2020,6,5.4,50.5,47.7,2.799999999999997,46810,10.753852134294116,507.3,1.670991754691209,12.303251970659419,21.792964031608772,0,0,0,0,0,0,-25,Control (Low-Debt),Netherlands,NL,2020-06-01,0.4495400145813471
NL,2020-07-01,2020,7,5.5,50.5,47.7,2.799999999999997,46810,10.753852134294116,507.3,1.670991754691209,12.303251970659419,21.792964031608772,0,0,0,0,0,0,-24,Control (Low-Debt),Netherlands,NL,2020-07-01,0.4495400145813471
NL,2020-08-01,2020,8,5.5,50.5,47.7,2.799999999999997,46810,10.753852134294116,507.3,1.670991754691209,12.303251970659419,21.792964031608772,0,0,0,0,0,0,-23,Control (Low-Debt),Netherlands,NL,2020-08-01,0.4495400145813471
NL,2020-09-01,2020,9,5.4,50.5,47.7,2.799999999999997,46810,10.753852134294116,507.3,1.670991754691209,12.303251970659419,21.792964031608772,0,0,0,0,0,0,-22,Control (Low-Debt),Netherlands,NL,2020-09-01,0.4495400145813471
NL,2020-10-01,2020,10,5.3,50.5,47.7,2.799999999999997,46810,10.753852134294116,507.3,1.670991754691209,12.303251970659419,21.792964031608772,0,0,0,0,0,0,-21,Control (Low-Debt),Netherlands,NL,2020-10-01,0.4495400145813471
NL,2020-11-01,2020,11,5,50.5,47.7,2.799999999999997,46810,10.753852134294116,507.3,1.670991754691209,12.303251970659419,21.792964031608772,0,0,0,0,0,0,-20,Control (Low-Debt),Netherlands,NL,2020-11-01,0.4495400145813471
NL,2020-12-01,2020,12,4.9,50.5,47.7,2.799999999999997,46810,10.753852134294116,507.3,1.670991754691209,12.303251970659419,21.792964031608772,0,0,0,0,0,0,-19,Control (Low-Debt),Netherlands,NL,2020-12-01,0.4495400145813471
NL,2021-01-01,2021,1,4.7,50.5,47.7,2.799999999999997,50850,10.836635401476705,510.2,1.670991754691209,12.303251970659419,21.792964031608772,0,0,0,0,0,0,-18,Control (Low-Debt),Netherlands,NL,2021-01-01,0.4495400145813471
NL,2021-02-01,2021,2,4.7,50.5,47.7,2.799999999999997,50850,10.836635401476705,510.2,1.670991754691209,12.303251970659419,21.792964031608772,0,0,0,0,0,0,-17,Control (Low-Debt),Netherlands,NL,2021-02-01,0.4495400145813471
NL,2021-03-01,2021,3,4.6,50.5,47.7,2.799999999999997,50850,10.836635401476705,510.2,1.670991754691209,12.303251970659419,21.792964031608772,0,0,0,0,0,0,-16,Control (Low-Debt),Netherlands,NL,2021-03-01,0.4495400145813471
NL,2021-04-01,2021,4,4.5,50.5,47.7,2.799999999999997,50850,10.836635401476705,510.2,1.670991754691209,12.303251970659419,21.792964031608772,0,0,0,0,0,0,-15,Control (Low-Debt),Netherlands,NL,2021-04-01,0.4495400145813471
NL,2021-05-01,2021,5,4.4,50.5,47.7,2.799999999999997,50850,10.836635401476705,510.2,1.670991754691209,12.303251970659419,21.792964031608772,0,0,0,0,0,0,-14,Control (Low-Debt),Netherlands,NL,2021-05-01,0.4495400145813471
NL,2021-06-01,2021,6,4.2,50.5,47.7,2.799999999999997,50850,10.836635401476705,510.2,1.670991754691209,12.303251970659419,21.792964031608772,0,0,0,0,0,0,-13,Control (Low-Debt),Netherlands,NL,2021-06-01,0.4495400145813471
NL,2021-07-01,2021,7,4.1,50.5,47.7,2.799999999999997,50850,10.836635401476705,510.2,1.670991754691209,12.303251970659419,21.792964031608772,0,0,0,0,0,0,-12,Control (Low-Debt),Netherlands,NL,2021-07-01,0.4495400145813471
NL,2021-08-01,2021,8,4.2,50.5,47.7,2.799999999999997,50850,10.836635401476705,510.2,1.670991754691209,12.303251970659419,21.792964031608772,0,0,0,0,0,0,-11,Control (Low-Debt),Netherlands,NL,2021-08-01,0.4495400145813471
NL,2021-09-01,2021,9,4.1,50.5,47.7,2.799999999999997,50850,10.836635401476705,510.2,1.670991754691209,12.303251970659419,21.792964031608772,0,0,0,0,0,0,-10,Control (Low-Debt),Netherlands,NL,2021-09-01,0.4495400145813471
NL,2021-10-01,2021,10,3.9,50.5,47.7,2.799999999999997,50850,10.836635401476705,510.2,1.670991754691209,12.303251970659419,21.792964031608772,0,0,0,0,0,0,-9,Control (Low-Debt),Netherlands,NL,2021-10-01,0.4495400145813471
NL,2021-11-01,2021,11,3.7,50.5,47.7,2.799999999999997,50850,10.836635401476705,510.2,1.670991754691209,12.303251970659419,21.792964031608772,0,0,0,0,0,0,-8,Control (Low-Debt),Netherlands,NL,2021-11-01,0.4495400145813471
NL,2021-12-01,2021,12,3.8,50.5,47.7,2.799999999999997,50850,10.836635401476705,510.2,1.670991754691209,12.303251970659419,21.792964031608772,0,0,0,0,0,0,-7,Control (Low-Debt),Netherlands,NL,2021-12-01,0.4495400145813471
NL,2022-01-01,2022,1,3.6,50.5,47.7,2.799999999999997,56140,10.935603849915873,517.8,1.670991754691209,12.303251970659419,21.792964031608772,0,0,0,0,0,0,-6,Control (Low-Debt),Netherlands,NL,2022-01-01,0.4495400145813471
NL,2022-02-01,2022,2,3.4,50.5,47.7,2.799999999999997,56140,10.935603849915873,517.8,1.670991754691209,12.303251970659419,21.792964031608772,0,0,0,1,0,21.792964031608772,-5,Control (Low-Debt),Netherlands,NL,2022-02-01,0.4495400145813471
NL,2022-03-01,2022,3,3.3,50.5,47.7,2.799999999999997,56140,10.935603849915873,517.8,1.670991754691209,12.303251970659419,21.792964031608772,0,0,0,1,0,21.792964031608772,-4,Control (Low-Debt),Netherlands,NL,2022-03-01,0.4495400145813471
NL,2022-04-01,2022,4,3.2,50.5,47.7,2.799999999999997,56140,10.935603849915873,517.8,1.670991754691209,12.303251970659419,21.792964031608772,0,0,0,1,0,21.792964031608772,-3,Control (Low-Debt),Netherlands,NL,2022-04-01,0.4495400145813471
NL,2022-05-01,2022,5,3.3,50.5,47.7,2.799999999999997,56140,10.935603849915873,517.8,1.670991754691209,12.303251970659419,21.792964031608772,0,0,0,1,0,21.792964031608772,-2,Control (Low-Debt),Netherlands,NL,2022-05-01,0.4495400145813471
NL,2022-06-01,2022,6,3.4,50.5,47.7,2.799999999999997,56140,10.935603849915873,517.8,1.670991754691209,12.303251970659419,21.792964031608772,0,0,0,1,0,21.792964031608772,-1,Control (Low-Debt),Netherlands,NL,2022-06-01,0.4495400145813471
NL,2022-07-01,2022,7,3.6,50.5,47.7,2.799999999999997,56140,10.935603849915873,517.8,1.670991754691209,12.303251970659419,21.792964031608772,0,0,1,1,0,21.792964031608772,0,Control (Low-Debt),Netherlands,NL,2022-07-01,0.4495400145813471
NL,2022-08-01,2022,8,3.8,50.5,47.7,2.799999999999997,56140,10.935603849915873,517.8,1.670991754691209,12.303251970659419,21.792964031608772,0.5,0,1,1,0,21.792964031608772,1,Control (Low-Debt),Netherlands,NL,2022-08-01,0.4495400145813471
NL,2022-09-01,2022,9,3.8,50.5,47.7,2.799999999999997,56140,10.935603849915873,517.8,1.670991754691209,12.303251970659419,21.792964031608772,0.5,0,1,1,0,21.792964031608772,2,Control (Low-Debt),Netherlands,NL,2022-09-01,0.4495400145813471
NL,2022-10-01,2022,10,3.7,50.5,47.7,2.799999999999997,56140,10.935603849915873,517.8,1.670991754691209,12.303251970659419,21.792964031608772,1.25,0,1,1,0,21.792964031608772,3,Control (Low-Debt),Netherlands,NL,2022-10-01,0.4495400145813471
NL,2022-11-01,2022,11,3.6,50.5,47.7,2.799999999999997,56140,10.935603849915873,517.8,1.670991754691209,12.303251970659419,21.792964031608772,2,0,1,1,0,21.792964031608772,4,Control (Low-Debt),Netherlands,NL,2022-11-01,0.4495400145813471
NL,2022-12-01,2022,12,3.5,50.5,47.7,2.799999999999997,56140,10.935603849915873,517.8,1.670991754691209,12.303251970659419,21.792964031608772,2,0,1,1,0,21.792964031608772,5,Control (Low-Debt),Netherlands,NL,2022-12-01,0.4495400145813471
NL,2023-01-01,2023,1,3.6,50.5,47.7,2.799999999999997,58740,10.980876204752612,526,1.670991754691209,12.303251970659419,21.792964031608772,2.5,0,1,1,0,21.792964031608772,6,Control (Low-Debt),Netherlands,NL,2023-01-01,0.4495400145813471
NL,2023-02-01,2023,2,3.5,50.5,47.7,2.799999999999997,58740,10.980876204752612,526,1.670991754691209,12.303251970659419,21.792964031608772,2.5,0,1,1,0,21.792964031608772,7,Control (Low-Debt),Netherlands,NL,2023-02-01,0.4495400145813471
NL,2023-03-01,2023,3,3.5,50.5,47.7,2.799999999999997,58740,10.980876204752612,526,1.670991754691209,12.303251970659419,21.792964031608772,3,0,1,1,0,21.792964031608772,8,Control (Low-Debt),Netherlands,NL,2023-03-01,0.4495400145813471
NL,2023-04-01,2023,4,3.4,50.5,47.7,2.799999999999997,58740,10.980876204752612,526,1.670991754691209,12.303251970659419,21.792964031608772,3,0,1,1,0,21.792964031608772,9,Control (Low-Debt),Netherlands,NL,2023-04-01,0.4495400145813471
NL,2023-05-01,2023,5,3.5,50.5,47.7,2.799999999999997,58740,10.980876204752612,526,1.670991754691209,12.303251970659419,21.792964031608772,3,0,1,1,0,21.792964031608772,10,Control (Low-Debt),Netherlands,NL,2023-05-01,0.4495400145813471
NL,2023-06-01,2023,6,3.5,50.5,47.7,2.799999999999997,58740,10.980876204752612,526,1.670991754691209,12.303251970659419,21.792964031608772,3.75,0,1,1,0,21.792964031608772,11,Control (Low-Debt),Netherlands,NL,2023-06-01,0.4495400145813471
NL,2023-07-01,2023,7,3.6,50.5,47.7,2.799999999999997,58740,10.980876204752612,526,1.670991754691209,12.303251970659419,21.792964031608772,4,0,1,1,0,21.792964031608772,12,Control (Low-Debt),Netherlands,NL,2023-07-01,0.4495400145813471
NL,2023-08-01,2023,8,3.6,50.5,47.7,2.799999999999997,58740,10.980876204752612,526,1.670991754691209,12.303251970659419,21.792964031608772,4,0,1,1,0,21.792964031608772,13,Control (Low-Debt),Netherlands,NL,2023-08-01,0.4495400145813471
NL,2023-09-01,2023,9,3.7,50.5,47.7,2.799999999999997,58740,10.980876204752612,526,1.670991754691209,12.303251970659419,21.792964031608772,4.25,0,1,1,0,21.792964031608772,14,Control (Low-Debt),Netherlands,NL,2023-09-01,0.4495400145813471
NL,2023-10-01,2023,10,3.6,50.5,47.7,2.799999999999997,58740,10.980876204752612,526,1.670991754691209,12.303251970659419,21.792964031608772,4.5,0,1,1,0,21.792964031608772,15,Control (Low-Debt),Netherlands,NL,2023-10-01,0.4495400145813471
NL,2023-11-01,2023,11,3.5,50.5,47.7,2.799999999999997,58740,10.980876204752612,526,1.670991754691209,12.303251970659419,21.792964031608772,4.5,0,1,1,0,21.792964031608772,16,Control (Low-Debt),Netherlands,NL,2023-11-01,0.4495400145813471
NL,2023-12-01,2023,12,3.6,50.5,47.7,2.799999999999997,58740,10.980876204752612,526,1.670991754691209,12.303251970659419,21.792964031608772,4.5,0,1,1,0,21.792964031608772,17,Control (Low-Debt),Netherlands,NL,2023-12-01,0.4495400145813471
NL,2024-01-01,2024,1,3.6,50.5,47.7,2.799999999999997,62330,11.040198129802896,529.5,1.670991754691209,12.303251970659419,21.792964031608772,4.5,0,1,1,0,21.792964031608772,18,Control (Low-Debt),Netherlands,NL,2024-01-01,0.4495400145813471
NL,2024-02-01,2024,2,3.7,50.5,47.7,2.799999999999997,62330,11.040198129802896,529.5,1.670991754691209,12.303251970659419,21.792964031608772,4.5,0,1,1,0,21.792964031608772,19,Control (Low-Debt),Netherlands,NL,2024-02-01,0.4495400145813471
NL,2024-03-01,2024,3,3.6,50.5,47.7,2.799999999999997,62330,11.040198129802896,529.5,1.670991754691209,12.303251970659419,21.792964031608772,4.5,0,1,1,0,21.792964031608772,20,Control (Low-Debt),Netherlands,NL,2024-03-01,0.4495400145813471
NL,2024-04-01,2024,4,3.7,50.5,47.7,2.799999999999997,62330,11.040198129802896,529.5,1.670991754691209,12.303251970659419,21.792964031608772,4.5,0,1,1,0,21.792964031608772,21,Control (Low-Debt),Netherlands,NL,2024-04-01,0.4495400145813471
NL,2024-05-01,2024,5,3.6,50.5,47.7,2.799999999999997,62330,11.040198129802896,529.5,1.670991754691209,12.303251970659419,21.792964031608772,4.5,0,1,1,0,21.792964031608772,22,Control (Low-Debt),Netherlands,NL,2024-05-01,0.4495400145813471
NL,2024-06-01,2024,6,3.6,50.5,47.7,2.799999999999997,62330,11.040198129802896,529.5,1.670991754691209,12.303251970659419,21.792964031608772,4.5,0,1,1,0,21.792964031608772,23,Control (Low-Debt),Netherlands,NL,2024-06-01,0.4495400145813471
NL,2024-07-01,2024,7,3.6,50.5,47.7,2.799999999999997,62330,11.040198129802896,529.5,1.670991754691209,12.303251970659419,21.792964031608772,4.25,0,1,1,0,21.792964031608772,24,Control (Low-Debt),Netherlands,NL,2024-07-01,0.4495400145813471
NL,2024-08-01,2024,8,3.7,50.5,47.7,2.799999999999997,62330,11.040198129802896,529.5,1.670991754691209,12.303251970659419,21.792964031608772,4.25,0,1,1,0,21.792964031608772,25,Control (Low-Debt),Netherlands,NL,2024-08-01,0.4495400145813471
NL,2024-09-01,2024,9,3.7,50.5,47.7,2.799999999999997,62330,11.040198129802896,529.5,1.670991754691209,12.303251970659419,21.792964031608772,4.25,0,1,1,0,21.792964031608772,26,Control (Low-Debt),Netherlands,NL,2024-09-01,0.4495400145813471
NL,2024-10-01,2024,10,3.7,50.5,47.7,2.799999999999997,62330,11.040198129802896,529.5,1.670991754691209,12.303251970659419,21.792964031608772,3.65,0,1,1,0,21.792964031608772,27,Control (Low-Debt),Netherlands,NL,2024-10-01,0.4495400145813471
NL,2024-11-01,2024,11,3.7,50.5,47.7,2.799999999999997,62330,11.040198129802896,529.5,1.670991754691209,12.303251970659419,21.792964031608772,3.4,0,1,1,0,21.792964031608772,28,Control (Low-Debt),Netherlands,NL,2024-11-01,0.4495400145813471
NL,2024-12-01,2024,12,3.7,50.5,47.7,2.799999999999997,62330,11.040198129802896,529.5,1.670991754691209,12.303251970659419,21.792964031608772,3.4,0,1,1,0,21.792964031608772,29,Control (Low-Debt),Netherlands,NL,2024-12-01,0.4495400145813471
PT,2018-01-01,2018,1,7.9,123.9,116.1,7.800000000000011,19840,9.895455380838865,113,5.006782604600124,10.53629274465885,13.550500303900767,0,1,0,0,0,0,-54,Treated (High-Debt),Portugal,PT,2018-01-01,0
PT,2018-02-01,2018,2,7.7,123.9,116.1,7.800000000000011,19840,9.895455380838865,113,5.006782604600124,10.53629274465885,13.550500303900767,0,1,0,0,0,0,-53,Treated (High-Debt),Portugal,PT,2018-02-01,0
PT,2018-03-01,2018,3,7.6,123.9,116.1,7.800000000000011,19840,9.895455380838865,113,5.006782604600124,10.53629274465885,13.550500303900767,0,1,0,0,0,0,-52,Treated (High-Debt),Portugal,PT,2018-03-01,0
PT,2018-04-01,2018,4,7.3,123.9,116.1,7.800000000000011,19840,9.895455380838865,113,5.006782604600124,10.53629274465885,13.550500303900767,0,1,0,0,0,0,-51,Treated (High-Debt),Portugal,PT,2018-04-01,0
PT,2018-05-01,2018,5,7.3,123.9,116.1,7.800000000000011,19840,9.895455380838865,113,5.006782604600124,10.53629274465885,13.550500303900767,0,1,0,0,0,0,-50,Treated (High-Debt),Portugal,PT,2018-05-01,0
PT,2018-06-01,2018,6,7.1,123.9,116.1,7.800000000000011,19840,9.895455380838865,113,5.006782604600124,10.53629274465885,13.550500303900767,0,1,0,0,0,0,-49,Treated (High-Debt),Portugal,PT,2018-06-01,0
PT,2018-07-01,2018,7,7.1,123.9,116.1,7.800000000000011,19840,9.895455380838865,113,5.006782604600124,10.53629274465885,13.550500303900767,0,1,0,0,0,0,-48,Treated (High-Debt),Portugal,PT,2018-07-01,0
PT,2018-08-01,2018,8,7.2,123.9,116.1,7.800000000000011,19840,9.895455380838865,113,5.006782604600124,10.53629274465885,13.550500303900767,0,1,0,0,0,0,-47,Treated (High-Debt),Portugal,PT,2018-08-01,0
PT,2018-09-01,2018,9,6.7,123.9,116.1,7.800000000000011,19840,9.895455380838865,113,5.006782604600124,10.53629274465885,13.550500303900767,0,1,0,0,0,0,-46,Treated (High-Debt),Portugal,PT,2018-09-01,0
PT,2018-10-01,2018,10,6.7,123.9,116.1,7.800000000000011,19840,9.895455380838865,113,5.006782604600124,10.53629274465885,13.550500303900767,0,1,0,0,0,0,-45,Treated (High-Debt),Portugal,PT,2018-10-01,0
PT,2018-11-01,2018,11,6.7,123.9,116.1,7.800000000000011,19840,9.895455380838865,113,5.006782604600124,10.53629274465885,13.550500303900767,0,1,0,0,0,0,-44,Treated (High-Debt),Portugal,PT,2018-11-01,0
PT,2018-12-01,2018,12,6.7,123.9,116.1,7.800000000000011,19840,9.895455380838865,113,5.006782604600124,10.53629274465885,13.550500303900767,0,1,0,0,0,0,-43,Treated (High-Debt),Portugal,PT,2018-12-01,0
PT,2019-01-01,2019,1,6.6,123.9,116.1,7.800000000000011,20710,9.93837195438963,113,5.006782604600124,10.53629274465885,13.550500303900767,0,1,0,0,0,0,-42,Treated (High-Debt),Portugal,PT,2019-01-01,0
PT,2019-02-01,2019,2,6.6,123.9,116.1,7.800000000000011,20710,9.93837195438963,113,5.006782604600124,10.53629274465885,13.550500303900767,0,1,0,0,0,0,-41,Treated (High-Debt),Portugal,PT,2019-02-01,0
PT,2019-03-01,2019,3,6.6,123.9,116.1,7.800000000000011,20710,9.93837195438963,113,5.006782604600124,10.53629274465885,13.550500303900767,0,1,0,0,0,0,-40,Treated (High-Debt),Portugal,PT,2019-03-01,0
PT,2019-04-01,2019,4,6.7,123.9,116.1,7.800000000000011,20710,9.93837195438963,113,5.006782604600124,10.53629274465885,13.550500303900767,0,1,0,0,0,0,-39,Treated (High-Debt),Portugal,PT,2019-04-01,0
PT,2019-05-01,2019,5,6.7,123.9,116.1,7.800000000000011,20710,9.93837195438963,113,5.006782604600124,10.53629274465885,13.550500303900767,0,1,0,0,0,0,-38,Treated (High-Debt),Portugal,PT,2019-05-01,0
PT,2019-06-01,2019,6,6.7,123.9,116.1,7.800000000000011,20710,9.93837195438963,113,5.006782604600124,10.53629274465885,13.550500303900767,0,1,0,0,0,0,-37,Treated (High-Debt),Portugal,PT,2019-06-01,0
PT,2019-07-01,2019,7,6.6,123.9,116.1,7.800000000000011,20710,9.93837195438963,113,5.006782604600124,10.53629274465885,13.550500303900767,0,1,0,0,0,0,-36,Treated (High-Debt),Portugal,PT,2019-07-01,0
PT,2019-08-01,2019,8,6.5,123.9,116.1,7.800000000000011,20710,9.93837195438963,113,5.006782604600124,10.53629274465885,13.550500303900767,0,1,0,0,0,0,-35,Treated (High-Debt),Portugal,PT,2019-08-01,0
PT,2019-09-01,2019,9,6.6,123.9,116.1,7.800000000000011,20710,9.93837195438963,113,5.006782604600124,10.53629274465885,13.550500303900767,0,1,0,0,0,0,-34,Treated (High-Debt),Portugal,PT,2019-09-01,0
PT,2019-10-01,2019,10,6.5,123.9,116.1,7.800000000000011,20710,9.93837195438963,113,5.006782604600124,10.53629274465885,13.550500303900767,0,1,0,0,0,0,-33,Treated (High-Debt),Portugal,PT,2019-10-01,0
PT,2019-11-01,2019,11,6.7,123.9,116.1,7.800000000000011,20710,9.93837195438963,113,5.006782604600124,10.53629274465885,13.550500303900767,0,1,0,0,0,0,-32,Treated (High-Debt),Portugal,PT,2019-11-01,0
PT,2019-12-01,2019,12,6.8,123.9,116.1,7.800000000000011,20710,9.93837195438963,113,5.006782604600124,10.53629274465885,13.550500303900767,0,1,0,0,0,0,-31,Treated (High-Debt),Portugal,PT,2019-12-01,0
PT,2020-01-01,2020,1,6.8,123.9,116.1,7.800000000000011,19360,9.870964360830568,113,5.006782604600124,10.53629274465885,13.550500303900767,0,1,0,0,0,0,-30,Treated (High-Debt),Portugal,PT,2020-01-01,0
PT,2020-02-01,2020,2,6.5,123.9,116.1,7.800000000000011,19360,9.870964360830568,113,5.006782604600124,10.53629274465885,13.550500303900767,0,1,0,0,0,0,-29,Treated (High-Debt),Portugal,PT,2020-02-01,0
PT,2020-03-01,2020,3,5.8,123.9,116.1,7.800000000000011,19360,9.870964360830568,113,5.006782604600124,10.53629274465885,13.550500303900767,0,1,0,0,0,0,-28,Treated (High-Debt),Portugal,PT,2020-03-01,0
PT,2020-04-01,2020,4,5.7,123.9,116.1,7.800000000000011,19360,9.870964360830568,113,5.006782604600124,10.53629274465885,13.550500303900767,0,1,0,0,0,0,-27,Treated (High-Debt),Portugal,PT,2020-04-01,0
PT,2020-05-01,2020,5,6.1,123.9,116.1,7.800000000000011,19360,9.870964360830568,113,5.006782604600124,10.53629274465885,13.550500303900767,0,1,0,0,0,0,-26,Treated (High-Debt),Portugal,PT,2020-05-01,0
PT,2020-06-01,2020,6,7.5,123.9,116.1,7.800000000000011,19360,9.870964360830568,113,5.006782604600124,10.53629274465885,13.550500303900767,0,1,0,0,0,0,-25,Treated (High-Debt),Portugal,PT,2020-06-01,0
PT,2020-07-01,2020,7,8.2,123.9,116.1,7.800000000000011,19360,9.870964360830568,113,5.006782604600124,10.53629274465885,13.550500303900767,0,1,0,0,0,0,-24,Treated (High-Debt),Portugal,PT,2020-07-01,0
PT,2020-08-01,2020,8,8.4,123.9,116.1,7.800000000000011,19360,9.870964360830568,113,5.006782604600124,10.53629274465885,13.550500303900767,0,1,0,0,0,0,-23,Treated (High-Debt),Portugal,PT,2020-08-01,0
PT,2020-09-01,2020,9,8.2,123.9,116.1,7.800000000000011,19360,9.870964360830568,113,5.006782604600124,10.53629274465885,13.550500303900767,0,1,0,0,0,0,-22,Treated (High-Debt),Portugal,PT,2020-09-01,0
PT,2020-10-01,2020,10,7.8,123.9,116.1,7.800000000000011,19360,9.870964360830568,113,5.006782604600124,10.53629274465885,13.550500303900767,0,1,0,0,0,0,-21,Treated (High-Debt),Portugal,PT,2020-10-01,0
PT,2020-11-01,2020,11,7.2,123.9,116.1,7.800000000000011,19360,9.870964360830568,113,5.006782604600124,10.53629274465885,13.550500303900767,0,1,0,0,0,0,-20,Treated (High-Debt),Portugal,PT,2020-11-01,0
PT,2020-12-01,2020,12,6.9,123.9,116.1,7.800000000000011,19360,9.870964360830568,113,5.006782604600124,10.53629274465885,13.550500303900767,0,1,0,0,0,0,-19,Treated (High-Debt),Portugal,PT,2020-12-01,0
PT,2021-01-01,2021,1,6.9,123.9,116.1,7.800000000000011,20800,9.94270826568941,113.2,5.006782604600124,10.53629274465885,13.550500303900767,0,1,0,0,0,0,-18,Treated (High-Debt),Portugal,PT,2021-01-01,0
PT,2021-02-01,2021,2,6.8,123.9,116.1,7.800000000000011,20800,9.94270826568941,113.2,5.006782604600124,10.53629274465885,13.550500303900767,0,1,0,0,0,0,-17,Treated (High-Debt),Portugal,PT,2021-02-01,0
PT,2021-03-01,2021,3,6.7,123.9,116.1,7.800000000000011,20800,9.94270826568941,113.2,5.006782604600124,10.53629274465885,13.550500303900767,0,1,0,0,0,0,-16,Treated (High-Debt),Portugal,PT,2021-03-01,0
PT,2021-04-01,2021,4,7.2,123.9,116.1,7.800000000000011,20800,9.94270826568941,113.2,5.006782604600124,10.53629274465885,13.550500303900767,0,1,0,0,0,0,-15,Treated (High-Debt),Portugal,PT,2021-04-01,0
PT,2021-05-01,2021,5,7.3,123.9,116.1,7.800000000000011,20800,9.94270826568941,113.2,5.006782604600124,10.53629274465885,13.550500303900767,0,1,0,0,0,0,-14,Treated (High-Debt),Portugal,PT,2021-05-01,0
PT,2021-06-01,2021,6,7.1,123.9,116.1,7.800000000000011,20800,9.94270826568941,113.2,5.006782604600124,10.53629274465885,13.550500303900767,0,1,0,0,0,0,-13,Treated (High-Debt),Portugal,PT,2021-06-01,0
PT,2021-07-01,2021,7,6.8,123.9,116.1,7.800000000000011,20800,9.94270826568941,113.2,5.006782604600124,10.53629274465885,13.550500303900767,0,1,0,0,0,0,-12,Treated (High-Debt),Portugal,PT,2021-07-01,0
PT,2021-08-01,2021,8,6.6,123.9,116.1,7.800000000000011,20800,9.94270826568941,113.2,5.006782604600124,10.53629274465885,13.550500303900767,0,1,0,0,0,0,-11,Treated (High-Debt),Portugal,PT,2021-08-01,0
PT,2021-09-01,2021,9,6.6,123.9,116.1,7.800000000000011,20800,9.94270826568941,113.2,5.006782604600124,10.53629274465885,13.550500303900767,0,1,0,0,0,0,-10,Treated (High-Debt),Portugal,PT,2021-09-01,0
PT,2021-10-01,2021,10,6.4,123.9,116.1,7.800000000000011,20800,9.94270826568941,113.2,5.006782604600124,10.53629274465885,13.550500303900767,0,1,0,0,0,0,-9,Treated (High-Debt),Portugal,PT,2021-10-01,0
PT,2021-11-01,2021,11,6.3,123.9,116.1,7.800000000000011,20800,9.94270826568941,113.2,5.006782604600124,10.53629274465885,13.550500303900767,0,1,0,0,0,0,-8,Treated (High-Debt),Portugal,PT,2021-11-01,0
PT,2021-12-01,2021,12,6,123.9,116.1,7.800000000000011,20800,9.94270826568941,113.2,5.006782604600124,10.53629274465885,13.550500303900767,0,1,0,0,0,0,-7,Treated (High-Debt),Portugal,PT,2021-12-01,0
PT,2022-01-01,2022,1,5.9,123.9,116.1,7.800000000000011,23300,10.056208639553791,115,5.006782604600124,10.53629274465885,13.550500303900767,0,1,0,0,0,0,-6,Treated (High-Debt),Portugal,PT,2022-01-01,0
PT,2022-02-01,2022,2,5.7,123.9,116.1,7.800000000000011,23300,10.056208639553791,115,5.006782604600124,10.53629274465885,13.550500303900767,0,1,0,1,0,13.550500303900767,-5,Treated (High-Debt),Portugal,PT,2022-02-01,0
PT,2022-03-01,2022,3,5.9,123.9,116.1,7.800000000000011,23300,10.056208639553791,115,5.006782604600124,10.53629274465885,13.550500303900767,0,1,0,1,0,13.550500303900767,-4,Treated (High-Debt),Portugal,PT,2022-03-01,0
PT,2022-04-01,2022,4,6.1,123.9,116.1,7.800000000000011,23300,10.056208639553791,115,5.006782604600124,10.53629274465885,13.550500303900767,0,1,0,1,0,13.550500303900767,-3,Treated (High-Debt),Portugal,PT,2022-04-01,0
PT,2022-05-01,2022,5,6.3,123.9,116.1,7.800000000000011,23300,10.056208639553791,115,5.006782604600124,10.53629274465885,13.550500303900767,0,1,0,1,0,13.550500303900767,-2,Treated (High-Debt),Portugal,PT,2022-05-01,0
PT,2022-06-01,2022,6,6.2,123.9,116.1,7.800000000000011,23300,10.056208639553791,115,5.006782604600124,10.53629274465885,13.550500303900767,0,1,0,1,0,13.550500303900767,-1,Treated (High-Debt),Portugal,PT,2022-06-01,0
PT,2022-07-01,2022,7,6.2,123.9,116.1,7.800000000000011,23300,10.056208639553791,115,5.006782604600124,10.53629274465885,13.550500303900767,0,1,1,1,1,13.550500303900767,0,Treated (High-Debt),Portugal,PT,2022-07-01,0
PT,2022-08-01,2022,8,6.2,123.9,116.1,7.800000000000011,23300,10.056208639553791,115,5.006782604600124,10.53629274465885,13.550500303900767,0.5,1,1,1,1,13.550500303900767,1,Treated (High-Debt),Portugal,PT,2022-08-01,0
PT,2022-09-01,2022,9,6.2,123.9,116.1,7.800000000000011,23300,10.056208639553791,115,5.006782604600124,10.53629274465885,13.550500303900767,0.5,1,1,1,1,13.550500303900767,2,Treated (High-Debt),Portugal,PT,2022-09-01,0
PT,2022-10-01,2022,10,6.1,123.9,116.1,7.800000000000011,23300,10.056208639553791,115,5.006782604600124,10.53629274465885,13.550500303900767,1.25,1,1,1,1,13.550500303900767,3,Treated (High-Debt),Portugal,PT,2022-10-01,0
PT,2022-11-01,2022,11,6.6,123.9,116.1,7.800000000000011,23300,10.056208639553791,115,5.006782604600124,10.53629274465885,13.550500303900767,2,1,1,1,1,13.550500303900767,4,Treated (High-Debt),Portugal,PT,2022-11-01,0
PT,2022-12-01,2022,12,6.8,123.9,116.1,7.800000000000011,23300,10.056208639553791,115,5.006782604600124,10.53629274465885,13.550500303900767,2,1,1,1,1,13.550500303900767,5,Treated (High-Debt),Portugal,PT,2022-12-01,0
PT,2023-01-01,2023,1,7,123.9,116.1,7.800000000000011,25560,10.14878390849147,116.3,5.006782604600124,10.53629274465885,13.550500303900767,2.5,1,1,1,1,13.550500303900767,6,Treated (High-Debt),Portugal,PT,2023-01-01,0
PT,2023-02-01,2023,2,6.8,123.9,116.1,7.800000000000011,25560,10.14878390849147,116.3,5.006782604600124,10.53629274465885,13.550500303900767,2.5,1,1,1,1,13.550500303900767,7,Treated (High-Debt),Portugal,PT,2023-02-01,0
PT,2023-03-01,2023,3,6.8,123.9,116.1,7.800000000000011,25560,10.14878390849147,116.3,5.006782604600124,10.53629274465885,13.550500303900767,3,1,1,1,1,13.550500303900767,8,Treated (High-Debt),Portugal,PT,2023-03-01,0
PT,2023-04-01,2023,4,6.6,123.9,116.1,7.800000000000011,25560,10.14878390849147,116.3,5.006782604600124,10.53629274465885,13.550500303900767,3,1,1,1,1,13.550500303900767,9,Treated (High-Debt),Portugal,PT,2023-04-01,0
PT,2023-05-01,2023,5,6.5,123.9,116.1,7.800000000000011,25560,10.14878390849147,116.3,5.006782604600124,10.53629274465885,13.550500303900767,3,1,1,1,1,13.550500303900767,10,Treated (High-Debt),Portugal,PT,2023-05-01,0
PT,2023-06-01,2023,6,6.4,123.9,116.1,7.800000000000011,25560,10.14878390849147,116.3,5.006782604600124,10.53629274465885,13.550500303900767,3.75,1,1,1,1,13.550500303900767,11,Treated (High-Debt),Portugal,PT,2023-06-01,0
PT,2023-07-01,2023,7,6.4,123.9,116.1,7.800000000000011,25560,10.14878390849147,116.3,5.006782604600124,10.53629274465885,13.550500303900767,4,1,1,1,1,13.550500303900767,12,Treated (High-Debt),Portugal,PT,2023-07-01,0
PT,2023-08-01,2023,8,6.4,123.9,116.1,7.800000000000011,25560,10.14878390849147,116.3,5.006782604600124,10.53629274465885,13.550500303900767,4,1,1,1,1,13.550500303900767,13,Treated (High-Debt),Portugal,PT,2023-08-01,0
PT,2023-09-01,2023,9,6.6,123.9,116.1,7.800000000000011,25560,10.14878390849147,116.3,5.006782604600124,10.53629274465885,13.550500303900767,4.25,1,1,1,1,13.550500303900767,14,Treated (High-Debt),Portugal,PT,2023-09-01,0
PT,2023-10-01,2023,10,6.6,123.9,116.1,7.800000000000011,25560,10.14878390849147,116.3,5.006782604600124,10.53629274465885,13.550500303900767,4.5,1,1,1,1,13.550500303900767,15,Treated (High-Debt),Portugal,PT,2023-10-01,0
PT,2023-11-01,2023,11,6.5,123.9,116.1,7.800000000000011,25560,10.14878390849147,116.3,5.006782604600124,10.53629274465885,13.550500303900767,4.5,1,1,1,1,13.550500303900767,16,Treated (High-Debt),Portugal,PT,2023-11-01,0
PT,2023-12-01,2023,12,6.4,123.9,116.1,7.800000000000011,25560,10.14878390849147,116.3,5.006782604600124,10.53629274465885,13.550500303900767,4.5,1,1,1,1,13.550500303900767,17,Treated (High-Debt),Portugal,PT,2023-12-01,0
PT,2024-01-01,2024,1,6.4,123.9,116.1,7.800000000000011,27100,10.207289006867793,117.6,5.006782604600124,10.53629274465885,13.550500303900767,4.5,1,1,1,1,13.550500303900767,18,Treated (High-Debt),Portugal,PT,2024-01-01,0
PT,2024-02-01,2024,2,6.5,123.9,116.1,7.800000000000011,27100,10.207289006867793,117.6,5.006782604600124,10.53629274465885,13.550500303900767,4.5,1,1,1,1,13.550500303900767,19,Treated (High-Debt),Portugal,PT,2024-02-01,0
PT,2024-03-01,2024,3,6.4,123.9,116.1,7.800000000000011,27100,10.207289006867793,117.6,5.006782604600124,10.53629274465885,13.550500303900767,4.5,1,1,1,1,13.550500303900767,20,Treated (High-Debt),Portugal,PT,2024-03-01,0
PT,2024-04-01,2024,4,6.4,123.9,116.1,7.800000000000011,27100,10.207289006867793,117.6,5.006782604600124,10.53629274465885,13.550500303900767,4.5,1,1,1,1,13.550500303900767,21,Treated (High-Debt),Portugal,PT,2024-04-01,0
PT,2024-05-01,2024,5,6.5,123.9,116.1,7.800000000000011,27100,10.207289006867793,117.6,5.006782604600124,10.53629274465885,13.550500303900767,4.5,1,1,1,1,13.550500303900767,22,Treated (High-Debt),Portugal,PT,2024-05-01,0
PT,2024-06-01,2024,6,6.5,123.9,116.1,7.800000000000011,27100,10.207289006867793,117.6,5.006782604600124,10.53629274465885,13.550500303900767,4.5,1,1,1,1,13.550500303900767,23,Treated (High-Debt),Portugal,PT,2024-06-01,0
PT,2024-07-01,2024,7,6.5,123.9,116.1,7.800000000000011,27100,10.207289006867793,117.6,5.006782604600124,10.53629274465885,13.550500303900767,4.25,1,1,1,1,13.550500303900767,24,Treated (High-Debt),Portugal,PT,2024-07-01,0
PT,2024-08-01,2024,8,6.3,123.9,116.1,7.800000000000011,27100,10.207289006867793,117.6,5.006782604600124,10.53629274465885,13.550500303900767,4.25,1,1,1,1,13.550500303900767,25,Treated (High-Debt),Portugal,PT,2024-08-01,0
PT,2024-09-01,2024,9,6.5,123.9,116.1,7.800000000000011,27100,10.207289006867793,117.6,5.006782604600124,10.53629274465885,13.550500303900767,4.25,1,1,1,1,13.550500303900767,26,Treated (High-Debt),Portugal,PT,2024-09-01,0
PT,2024-10-01,2024,10,6.6,123.9,116.1,7.800000000000011,27100,10.207289006867793,117.6,5.006782604600124,10.53629274465885,13.550500303900767,3.65,1,1,1,1,13.550500303900767,27,Treated (High-Debt),Portugal,PT,2024-10-01,0
PT,2024-11-01,2024,11,6.6,123.9,116.1,7.800000000000011,27100,10.207289006867793,117.6,5.006782604600124,10.53629274465885,13.550500303900767,3.4,1,1,1,1,13.550500303900767,28,Treated (High-Debt),Portugal,PT,2024-11-01,0
PT,2024-12-01,2024,12,6.4,123.9,116.1,7.800000000000011,27100,10.207289006867793,117.6,5.006782604600124,10.53629274465885,13.550500303900767,3.4,1,1,1,1,13.550500303900767,29,Treated (High-Debt),Portugal,PT,2024-12-01,0
SI,2018-01-01,2018,1,5.7,74.8,66,8.799999999999997,21940,9.99606673382922,102.9,2.095450047699424,9.378494620066533,NA,0,0,0,0,0,NA,-54,Control (Low-Debt),Slovenia,SI,2018-01-01,0
SI,2018-02-01,2018,2,5.6,74.8,66,8.799999999999997,21940,9.99606673382922,102.9,2.095450047699424,9.378494620066533,NA,0,0,0,0,0,NA,-53,Control (Low-Debt),Slovenia,SI,2018-02-01,0
SI,2018-03-01,2018,3,5.5,74.8,66,8.799999999999997,21940,9.99606673382922,102.9,2.095450047699424,9.378494620066533,NA,0,0,0,0,0,NA,-52,Control (Low-Debt),Slovenia,SI,2018-03-01,0
SI,2018-04-01,2018,4,5.5,74.8,66,8.799999999999997,21940,9.99606673382922,102.9,2.095450047699424,9.378494620066533,NA,0,0,0,0,0,NA,-51,Control (Low-Debt),Slovenia,SI,2018-04-01,0
SI,2018-05-01,2018,5,5.4,74.8,66,8.799999999999997,21940,9.99606673382922,102.9,2.095450047699424,9.378494620066533,NA,0,0,0,0,0,NA,-50,Control (Low-Debt),Slovenia,SI,2018-05-01,0
SI,2018-06-01,2018,6,5.2,74.8,66,8.799999999999997,21940,9.99606673382922,102.9,2.095450047699424,9.378494620066533,NA,0,0,0,0,0,NA,-49,Control (Low-Debt),Slovenia,SI,2018-06-01,0
SI,2018-07-01,2018,7,5.1,74.8,66,8.799999999999997,21940,9.99606673382922,102.9,2.095450047699424,9.378494620066533,NA,0,0,0,0,0,NA,-48,Control (Low-Debt),Slovenia,SI,2018-07-01,0
SI,2018-08-01,2018,8,5,74.8,66,8.799999999999997,21940,9.99606673382922,102.9,2.095450047699424,9.378494620066533,NA,0,0,0,0,0,NA,-47,Control (Low-Debt),Slovenia,SI,2018-08-01,0
SI,2018-09-01,2018,9,4.8,74.8,66,8.799999999999997,21940,9.99606673382922,102.9,2.095450047699424,9.378494620066533,NA,0,0,0,0,0,NA,-46,Control (Low-Debt),Slovenia,SI,2018-09-01,0
SI,2018-10-01,2018,10,4.6,74.8,66,8.799999999999997,21940,9.99606673382922,102.9,2.095450047699424,9.378494620066533,NA,0,0,0,0,0,NA,-45,Control (Low-Debt),Slovenia,SI,2018-10-01,0
SI,2018-11-01,2018,11,4.5,74.8,66,8.799999999999997,21940,9.99606673382922,102.9,2.095450047699424,9.378494620066533,NA,0,0,0,0,0,NA,-44,Control (Low-Debt),Slovenia,SI,2018-11-01,0
SI,2018-12-01,2018,12,4.4,74.8,66,8.799999999999997,21940,9.99606673382922,102.9,2.095450047699424,9.378494620066533,NA,0,0,0,0,0,NA,-43,Control (Low-Debt),Slovenia,SI,2018-12-01,0
SI,2019-01-01,2019,1,4.6,74.8,66,8.799999999999997,23050,10.045421048424794,103.7,2.095450047699424,9.378494620066533,NA,0,0,0,0,0,NA,-42,Control (Low-Debt),Slovenia,SI,2019-01-01,0
SI,2019-02-01,2019,2,4.6,74.8,66,8.799999999999997,23050,10.045421048424794,103.7,2.095450047699424,9.378494620066533,NA,0,0,0,0,0,NA,-41,Control (Low-Debt),Slovenia,SI,2019-02-01,0
SI,2019-03-01,2019,3,4.5,74.8,66,8.799999999999997,23050,10.045421048424794,103.7,2.095450047699424,9.378494620066533,NA,0,0,0,0,0,NA,-40,Control (Low-Debt),Slovenia,SI,2019-03-01,0
SI,2019-04-01,2019,4,4.3,74.8,66,8.799999999999997,23050,10.045421048424794,103.7,2.095450047699424,9.378494620066533,NA,0,0,0,0,0,NA,-39,Control (Low-Debt),Slovenia,SI,2019-04-01,0
SI,2019-05-01,2019,5,4.3,74.8,66,8.799999999999997,23050,10.045421048424794,103.7,2.095450047699424,9.378494620066533,NA,0,0,0,0,0,NA,-38,Control (Low-Debt),Slovenia,SI,2019-05-01,0
SI,2019-06-01,2019,6,4.4,74.8,66,8.799999999999997,23050,10.045421048424794,103.7,2.095450047699424,9.378494620066533,NA,0,0,0,0,0,NA,-37,Control (Low-Debt),Slovenia,SI,2019-06-01,0
SI,2019-07-01,2019,7,4.7,74.8,66,8.799999999999997,23050,10.045421048424794,103.7,2.095450047699424,9.378494620066533,NA,0,0,0,0,0,NA,-36,Control (Low-Debt),Slovenia,SI,2019-07-01,0
SI,2019-08-01,2019,8,4.8,74.8,66,8.799999999999997,23050,10.045421048424794,103.7,2.095450047699424,9.378494620066533,NA,0,0,0,0,0,NA,-35,Control (Low-Debt),Slovenia,SI,2019-08-01,0
SI,2019-09-01,2019,9,4.6,74.8,66,8.799999999999997,23050,10.045421048424794,103.7,2.095450047699424,9.378494620066533,NA,0,0,0,0,0,NA,-34,Control (Low-Debt),Slovenia,SI,2019-09-01,0
SI,2019-10-01,2019,10,4.3,74.8,66,8.799999999999997,23050,10.045421048424794,103.7,2.095450047699424,9.378494620066533,NA,0,0,0,0,0,NA,-33,Control (Low-Debt),Slovenia,SI,2019-10-01,0
SI,2019-11-01,2019,11,4.1,74.8,66,8.799999999999997,23050,10.045421048424794,103.7,2.095450047699424,9.378494620066533,NA,0,0,0,0,0,NA,-32,Control (Low-Debt),Slovenia,SI,2019-11-01,0
SI,2019-12-01,2019,12,4,74.8,66,8.799999999999997,23050,10.045421048424794,103.7,2.095450047699424,9.378494620066533,NA,0,0,0,0,0,NA,-31,Control (Low-Debt),Slovenia,SI,2019-12-01,0
SI,2020-01-01,2020,1,4.2,74.8,66,8.799999999999997,22230,10.009198006958242,103.7,2.095450047699424,9.378494620066533,NA,0,0,0,0,0,NA,-30,Control (Low-Debt),Slovenia,SI,2020-01-01,0
SI,2020-02-01,2020,2,4.3,74.8,66,8.799999999999997,22230,10.009198006958242,103.7,2.095450047699424,9.378494620066533,NA,0,0,0,0,0,NA,-29,Control (Low-Debt),Slovenia,SI,2020-02-01,0
SI,2020-03-01,2020,3,4.5,74.8,66,8.799999999999997,22230,10.009198006958242,103.7,2.095450047699424,9.378494620066533,NA,0,0,0,0,0,NA,-28,Control (Low-Debt),Slovenia,SI,2020-03-01,0
SI,2020-04-01,2020,4,5.3,74.8,66,8.799999999999997,22230,10.009198006958242,103.7,2.095450047699424,9.378494620066533,NA,0,0,0,0,0,NA,-27,Control (Low-Debt),Slovenia,SI,2020-04-01,0
SI,2020-05-01,2020,5,5.4,74.8,66,8.799999999999997,22230,10.009198006958242,103.7,2.095450047699424,9.378494620066533,NA,0,0,0,0,0,NA,-26,Control (Low-Debt),Slovenia,SI,2020-05-01,0
SI,2020-06-01,2020,6,5.3,74.8,66,8.799999999999997,22230,10.009198006958242,103.7,2.095450047699424,9.378494620066533,NA,0,0,0,0,0,NA,-25,Control (Low-Debt),Slovenia,SI,2020-06-01,0
SI,2020-07-01,2020,7,5.1,74.8,66,8.799999999999997,22230,10.009198006958242,103.7,2.095450047699424,9.378494620066533,NA,0,0,0,0,0,NA,-24,Control (Low-Debt),Slovenia,SI,2020-07-01,0
SI,2020-08-01,2020,8,5,74.8,66,8.799999999999997,22230,10.009198006958242,103.7,2.095450047699424,9.378494620066533,NA,0,0,0,0,0,NA,-23,Control (Low-Debt),Slovenia,SI,2020-08-01,0
SI,2020-09-01,2020,9,4.9,74.8,66,8.799999999999997,22230,10.009198006958242,103.7,2.095450047699424,9.378494620066533,NA,0,0,0,0,0,NA,-22,Control (Low-Debt),Slovenia,SI,2020-09-01,0
SI,2020-10-01,2020,10,5,74.8,66,8.799999999999997,22230,10.009198006958242,103.7,2.095450047699424,9.378494620066533,NA,0,0,0,0,0,NA,-21,Control (Low-Debt),Slovenia,SI,2020-10-01,0
SI,2020-11-01,2020,11,5.3,74.8,66,8.799999999999997,22230,10.009198006958242,103.7,2.095450047699424,9.378494620066533,NA,0,0,0,0,0,NA,-20,Control (Low-Debt),Slovenia,SI,2020-11-01,0
SI,2020-12-01,2020,12,5.4,74.8,66,8.799999999999997,22230,10.009198006958242,103.7,2.095450047699424,9.378494620066533,NA,0,0,0,0,0,NA,-19,Control (Low-Debt),Slovenia,SI,2020-12-01,0
SI,2021-01-01,2021,1,5.5,74.8,66,8.799999999999997,24690,10.114153582339226,104.4,2.095450047699424,9.378494620066533,NA,0,0,0,0,0,NA,-18,Control (Low-Debt),Slovenia,SI,2021-01-01,0
SI,2021-02-01,2021,2,5.5,74.8,66,8.799999999999997,24690,10.114153582339226,104.4,2.095450047699424,9.378494620066533,NA,0,0,0,0,0,NA,-17,Control (Low-Debt),Slovenia,SI,2021-02-01,0
SI,2021-03-01,2021,3,5.2,74.8,66,8.799999999999997,24690,10.114153582339226,104.4,2.095450047699424,9.378494620066533,NA,0,0,0,0,0,NA,-16,Control (Low-Debt),Slovenia,SI,2021-03-01,0
SI,2021-04-01,2021,4,4.9,74.8,66,8.799999999999997,24690,10.114153582339226,104.4,2.095450047699424,9.378494620066533,NA,0,0,0,0,0,NA,-15,Control (Low-Debt),Slovenia,SI,2021-04-01,0
SI,2021-05-01,2021,5,4.6,74.8,66,8.799999999999997,24690,10.114153582339226,104.4,2.095450047699424,9.378494620066533,NA,0,0,0,0,0,NA,-14,Control (Low-Debt),Slovenia,SI,2021-05-01,0
SI,2021-06-01,2021,6,4.3,74.8,66,8.799999999999997,24690,10.114153582339226,104.4,2.095450047699424,9.378494620066533,NA,0,0,0,0,0,NA,-13,Control (Low-Debt),Slovenia,SI,2021-06-01,0
SI,2021-07-01,2021,7,4.3,74.8,66,8.799999999999997,24690,10.114153582339226,104.4,2.095450047699424,9.378494620066533,NA,0,0,0,0,0,NA,-12,Control (Low-Debt),Slovenia,SI,2021-07-01,0
SI,2021-08-01,2021,8,4.4,74.8,66,8.799999999999997,24690,10.114153582339226,104.4,2.095450047699424,9.378494620066533,NA,0,0,0,0,0,NA,-11,Control (Low-Debt),Slovenia,SI,2021-08-01,0
SI,2021-09-01,2021,9,4.5,74.8,66,8.799999999999997,24690,10.114153582339226,104.4,2.095450047699424,9.378494620066533,NA,0,0,0,0,0,NA,-10,Control (Low-Debt),Slovenia,SI,2021-09-01,0
SI,2021-10-01,2021,10,4.7,74.8,66,8.799999999999997,24690,10.114153582339226,104.4,2.095450047699424,9.378494620066533,NA,0,0,0,0,0,NA,-9,Control (Low-Debt),Slovenia,SI,2021-10-01,0
SI,2021-11-01,2021,11,4.7,74.8,66,8.799999999999997,24690,10.114153582339226,104.4,2.095450047699424,9.378494620066533,NA,0,0,0,0,0,NA,-8,Control (Low-Debt),Slovenia,SI,2021-11-01,0
SI,2021-12-01,2021,12,4.5,74.8,66,8.799999999999997,24690,10.114153582339226,104.4,2.095450047699424,9.378494620066533,NA,0,0,0,0,0,NA,-7,Control (Low-Debt),Slovenia,SI,2021-12-01,0
SI,2022-01-01,2022,1,4.2,74.8,66,8.799999999999997,26970,10.202480416133776,104.8,2.095450047699424,9.378494620066533,NA,0,0,0,0,0,NA,-6,Control (Low-Debt),Slovenia,SI,2022-01-01,0
SI,2022-02-01,2022,2,4.1,74.8,66,8.799999999999997,26970,10.202480416133776,104.8,2.095450047699424,9.378494620066533,NA,0,0,0,1,0,NA,-5,Control (Low-Debt),Slovenia,SI,2022-02-01,0
SI,2022-03-01,2022,3,4.2,74.8,66,8.799999999999997,26970,10.202480416133776,104.8,2.095450047699424,9.378494620066533,NA,0,0,0,1,0,NA,-4,Control (Low-Debt),Slovenia,SI,2022-03-01,0
SI,2022-04-01,2022,4,4.5,74.8,66,8.799999999999997,26970,10.202480416133776,104.8,2.095450047699424,9.378494620066533,NA,0,0,0,1,0,NA,-3,Control (Low-Debt),Slovenia,SI,2022-04-01,0
SI,2022-05-01,2022,5,4.5,74.8,66,8.799999999999997,26970,10.202480416133776,104.8,2.095450047699424,9.378494620066533,NA,0,0,0,1,0,NA,-2,Control (Low-Debt),Slovenia,SI,2022-05-01,0
SI,2022-06-01,2022,6,4.3,74.8,66,8.799999999999997,26970,10.202480416133776,104.8,2.095450047699424,9.378494620066533,NA,0,0,0,1,0,NA,-1,Control (Low-Debt),Slovenia,SI,2022-06-01,0
SI,2022-07-01,2022,7,4,74.8,66,8.799999999999997,26970,10.202480416133776,104.8,2.095450047699424,9.378494620066533,NA,0,0,1,1,0,NA,0,Control (Low-Debt),Slovenia,SI,2022-07-01,0
SI,2022-08-01,2022,8,3.8,74.8,66,8.799999999999997,26970,10.202480416133776,104.8,2.095450047699424,9.378494620066533,NA,0.5,0,1,1,0,NA,1,Control (Low-Debt),Slovenia,SI,2022-08-01,0
SI,2022-09-01,2022,9,3.7,74.8,66,8.799999999999997,26970,10.202480416133776,104.8,2.095450047699424,9.378494620066533,NA,0.5,0,1,1,0,NA,2,Control (Low-Debt),Slovenia,SI,2022-09-01,0
SI,2022-10-01,2022,10,3.7,74.8,66,8.799999999999997,26970,10.202480416133776,104.8,2.095450047699424,9.378494620066533,NA,1.25,0,1,1,0,NA,3,Control (Low-Debt),Slovenia,SI,2022-10-01,0
SI,2022-11-01,2022,11,3.6,74.8,66,8.799999999999997,26970,10.202480416133776,104.8,2.095450047699424,9.378494620066533,NA,2,0,1,1,0,NA,4,Control (Low-Debt),Slovenia,SI,2022-11-01,0
SI,2022-12-01,2022,12,3.6,74.8,66,8.799999999999997,26970,10.202480416133776,104.8,2.095450047699424,9.378494620066533,NA,2,0,1,1,0,NA,5,Control (Low-Debt),Slovenia,SI,2022-12-01,0
SI,2023-01-01,2023,1,3.5,74.8,66,8.799999999999997,30200,10.31559720336296,105.3,2.095450047699424,9.378494620066533,NA,2.5,0,1,1,0,NA,6,Control (Low-Debt),Slovenia,SI,2023-01-01,0
SI,2023-02-01,2023,2,3.6,74.8,66,8.799999999999997,30200,10.31559720336296,105.3,2.095450047699424,9.378494620066533,NA,2.5,0,1,1,0,NA,7,Control (Low-Debt),Slovenia,SI,2023-02-01,0
SI,2023-03-01,2023,3,3.7,74.8,66,8.799999999999997,30200,10.31559720336296,105.3,2.095450047699424,9.378494620066533,NA,3,0,1,1,0,NA,8,Control (Low-Debt),Slovenia,SI,2023-03-01,0
SI,2023-04-01,2023,4,3.8,74.8,66,8.799999999999997,30200,10.31559720336296,105.3,2.095450047699424,9.378494620066533,NA,3,0,1,1,0,NA,9,Control (Low-Debt),Slovenia,SI,2023-04-01,0
SI,2023-05-01,2023,5,3.8,74.8,66,8.799999999999997,30200,10.31559720336296,105.3,2.095450047699424,9.378494620066533,NA,3,0,1,1,0,NA,10,Control (Low-Debt),Slovenia,SI,2023-05-01,0
SI,2023-06-01,2023,6,3.8,74.8,66,8.799999999999997,30200,10.31559720336296,105.3,2.095450047699424,9.378494620066533,NA,3.75,0,1,1,0,NA,11,Control (Low-Debt),Slovenia,SI,2023-06-01,0
SI,2023-07-01,2023,7,3.7,74.8,66,8.799999999999997,30200,10.31559720336296,105.3,2.095450047699424,9.378494620066533,NA,4,0,1,1,0,NA,12,Control (Low-Debt),Slovenia,SI,2023-07-01,0
SI,2023-08-01,2023,8,3.6,74.8,66,8.799999999999997,30200,10.31559720336296,105.3,2.095450047699424,9.378494620066533,NA,4,0,1,1,0,NA,13,Control (Low-Debt),Slovenia,SI,2023-08-01,0
SI,2023-09-01,2023,9,3.6,74.8,66,8.799999999999997,30200,10.31559720336296,105.3,2.095450047699424,9.378494620066533,NA,4.25,0,1,1,0,NA,14,Control (Low-Debt),Slovenia,SI,2023-09-01,0
SI,2023-10-01,2023,10,3.6,74.8,66,8.799999999999997,30200,10.31559720336296,105.3,2.095450047699424,9.378494620066533,NA,4.5,0,1,1,0,NA,15,Control (Low-Debt),Slovenia,SI,2023-10-01,0
SI,2023-11-01,2023,11,3.6,74.8,66,8.799999999999997,30200,10.31559720336296,105.3,2.095450047699424,9.378494620066533,NA,4.5,0,1,1,0,NA,16,Control (Low-Debt),Slovenia,SI,2023-11-01,0
SI,2023-12-01,2023,12,3.5,74.8,66,8.799999999999997,30200,10.31559720336296,105.3,2.095450047699424,9.378494620066533,NA,4.5,0,1,1,0,NA,17,Control (Low-Debt),Slovenia,SI,2023-12-01,0
SI,2024-01-01,2024,1,3.4,74.8,66,8.799999999999997,31700,10.364071959865372,105.6,2.095450047699424,9.378494620066533,NA,4.5,0,1,1,0,NA,18,Control (Low-Debt),Slovenia,SI,2024-01-01,0
SI,2024-02-01,2024,2,3.3,74.8,66,8.799999999999997,31700,10.364071959865372,105.6,2.095450047699424,9.378494620066533,NA,4.5,0,1,1,0,NA,19,Control (Low-Debt),Slovenia,SI,2024-02-01,0
SI,2024-03-01,2024,3,3.4,74.8,66,8.799999999999997,31700,10.364071959865372,105.6,2.095450047699424,9.378494620066533,NA,4.5,0,1,1,0,NA,20,Control (Low-Debt),Slovenia,SI,2024-03-01,0
SI,2024-04-01,2024,4,3.4,74.8,66,8.799999999999997,31700,10.364071959865372,105.6,2.095450047699424,9.378494620066533,NA,4.5,0,1,1,0,NA,21,Control (Low-Debt),Slovenia,SI,2024-04-01,0
SI,2024-05-01,2024,5,3.6,74.8,66,8.799999999999997,31700,10.364071959865372,105.6,2.095450047699424,9.378494620066533,NA,4.5,0,1,1,0,NA,22,Control (Low-Debt),Slovenia,SI,2024-05-01,0
SI,2024-06-01,2024,6,3.8,74.8,66,8.799999999999997,31700,10.364071959865372,105.6,2.095450047699424,9.378494620066533,NA,4.5,0,1,1,0,NA,23,Control (Low-Debt),Slovenia,SI,2024-06-01,0
SI,2024-07-01,2024,7,4.1,74.8,66,8.799999999999997,31700,10.364071959865372,105.6,2.095450047699424,9.378494620066533,NA,4.25,0,1,1,0,NA,24,Control (Low-Debt),Slovenia,SI,2024-07-01,0
SI,2024-08-01,2024,8,4.1,74.8,66,8.799999999999997,31700,10.364071959865372,105.6,2.095450047699424,9.378494620066533,NA,4.25,0,1,1,0,NA,25,Control (Low-Debt),Slovenia,SI,2024-08-01,0
SI,2024-09-01,2024,9,4,74.8,66,8.799999999999997,31700,10.364071959865372,105.6,2.095450047699424,9.378494620066533,NA,4.25,0,1,1,0,NA,26,Control (Low-Debt),Slovenia,SI,2024-09-01,0
SI,2024-10-01,2024,10,3.8,74.8,66,8.799999999999997,31700,10.364071959865372,105.6,2.095450047699424,9.378494620066533,NA,3.65,0,1,1,0,NA,27,Control (Low-Debt),Slovenia,SI,2024-10-01,0
SI,2024-11-01,2024,11,3.6,74.8,66,8.799999999999997,31700,10.364071959865372,105.6,2.095450047699424,9.378494620066533,NA,3.4,0,1,1,0,NA,28,Control (Low-Debt),Slovenia,SI,2024-11-01,0
SI,2024-12-01,2024,12,3.6,74.8,66,8.799999999999997,31700,10.364071959865372,105.6,2.095450047699424,9.378494620066533,NA,3.4,0,1,1,0,NA,29,Control (Low-Debt),Slovenia,SI,2024-12-01,0
SK,2018-01-01,2018,1,7.2,60.2,48,12.200000000000003,16580,9.715952428689286,111.8,1.4964790219027129,10.353537338395524,NA,0,0,0,0,0,NA,-54,Control (Low-Debt),Slovakia,SK,2018-01-01,0
SK,2018-02-01,2018,2,7,60.2,48,12.200000000000003,16580,9.715952428689286,111.8,1.4964790219027129,10.353537338395524,NA,0,0,0,0,0,NA,-53,Control (Low-Debt),Slovakia,SK,2018-02-01,0
SK,2018-03-01,2018,3,6.9,60.2,48,12.200000000000003,16580,9.715952428689286,111.8,1.4964790219027129,10.353537338395524,NA,0,0,0,0,0,NA,-52,Control (Low-Debt),Slovakia,SK,2018-03-01,0
SK,2018-04-01,2018,4,6.7,60.2,48,12.200000000000003,16580,9.715952428689286,111.8,1.4964790219027129,10.353537338395524,NA,0,0,0,0,0,NA,-51,Control (Low-Debt),Slovakia,SK,2018-04-01,0
SK,2018-05-01,2018,5,6.7,60.2,48,12.200000000000003,16580,9.715952428689286,111.8,1.4964790219027129,10.353537338395524,NA,0,0,0,0,0,NA,-50,Control (Low-Debt),Slovakia,SK,2018-05-01,0
SK,2018-06-01,2018,6,6.6,60.2,48,12.200000000000003,16580,9.715952428689286,111.8,1.4964790219027129,10.353537338395524,NA,0,0,0,0,0,NA,-49,Control (Low-Debt),Slovakia,SK,2018-06-01,0
SK,2018-07-01,2018,7,6.4,60.2,48,12.200000000000003,16580,9.715952428689286,111.8,1.4964790219027129,10.353537338395524,NA,0,0,0,0,0,NA,-48,Control (Low-Debt),Slovakia,SK,2018-07-01,0
SK,2018-08-01,2018,8,6.3,60.2,48,12.200000000000003,16580,9.715952428689286,111.8,1.4964790219027129,10.353537338395524,NA,0,0,0,0,0,NA,-47,Control (Low-Debt),Slovakia,SK,2018-08-01,0
SK,2018-09-01,2018,9,6.3,60.2,48,12.200000000000003,16580,9.715952428689286,111.8,1.4964790219027129,10.353537338395524,NA,0,0,0,0,0,NA,-46,Control (Low-Debt),Slovakia,SK,2018-09-01,0
SK,2018-10-01,2018,10,6.1,60.2,48,12.200000000000003,16580,9.715952428689286,111.8,1.4964790219027129,10.353537338395524,NA,0,0,0,0,0,NA,-45,Control (Low-Debt),Slovakia,SK,2018-10-01,0
SK,2018-11-01,2018,11,6,60.2,48,12.200000000000003,16580,9.715952428689286,111.8,1.4964790219027129,10.353537338395524,NA,0,0,0,0,0,NA,-44,Control (Low-Debt),Slovakia,SK,2018-11-01,0
SK,2018-12-01,2018,12,5.8,60.2,48,12.200000000000003,16580,9.715952428689286,111.8,1.4964790219027129,10.353537338395524,NA,0,0,0,0,0,NA,-43,Control (Low-Debt),Slovakia,SK,2018-12-01,0
SK,2019-01-01,2019,1,5.8,60.2,48,12.200000000000003,17340,9.760771250334534,112,1.4964790219027129,10.353537338395524,NA,0,0,0,0,0,NA,-42,Control (Low-Debt),Slovakia,SK,2019-01-01,0
SK,2019-02-01,2019,2,5.7,60.2,48,12.200000000000003,17340,9.760771250334534,112,1.4964790219027129,10.353537338395524,NA,0,0,0,0,0,NA,-41,Control (Low-Debt),Slovakia,SK,2019-02-01,0
SK,2019-03-01,2019,3,5.7,60.2,48,12.200000000000003,17340,9.760771250334534,112,1.4964790219027129,10.353537338395524,NA,0,0,0,0,0,NA,-40,Control (Low-Debt),Slovakia,SK,2019-03-01,0
SK,2019-04-01,2019,4,5.7,60.2,48,12.200000000000003,17340,9.760771250334534,112,1.4964790219027129,10.353537338395524,NA,0,0,0,0,0,NA,-39,Control (Low-Debt),Slovakia,SK,2019-04-01,0
SK,2019-05-01,2019,5,5.7,60.2,48,12.200000000000003,17340,9.760771250334534,112,1.4964790219027129,10.353537338395524,NA,0,0,0,0,0,NA,-38,Control (Low-Debt),Slovakia,SK,2019-05-01,0
SK,2019-06-01,2019,6,5.8,60.2,48,12.200000000000003,17340,9.760771250334534,112,1.4964790219027129,10.353537338395524,NA,0,0,0,0,0,NA,-37,Control (Low-Debt),Slovakia,SK,2019-06-01,0
SK,2019-07-01,2019,7,5.8,60.2,48,12.200000000000003,17340,9.760771250334534,112,1.4964790219027129,10.353537338395524,NA,0,0,0,0,0,NA,-36,Control (Low-Debt),Slovakia,SK,2019-07-01,0
SK,2019-08-01,2019,8,5.8,60.2,48,12.200000000000003,17340,9.760771250334534,112,1.4964790219027129,10.353537338395524,NA,0,0,0,0,0,NA,-35,Control (Low-Debt),Slovakia,SK,2019-08-01,0
SK,2019-09-01,2019,9,5.8,60.2,48,12.200000000000003,17340,9.760771250334534,112,1.4964790219027129,10.353537338395524,NA,0,0,0,0,0,NA,-34,Control (Low-Debt),Slovakia,SK,2019-09-01,0
SK,2019-10-01,2019,10,5.7,60.2,48,12.200000000000003,17340,9.760771250334534,112,1.4964790219027129,10.353537338395524,NA,0,0,0,0,0,NA,-33,Control (Low-Debt),Slovakia,SK,2019-10-01,0
SK,2019-11-01,2019,11,5.7,60.2,48,12.200000000000003,17340,9.760771250334534,112,1.4964790219027129,10.353537338395524,NA,0,0,0,0,0,NA,-32,Control (Low-Debt),Slovakia,SK,2019-11-01,0
SK,2019-12-01,2019,12,5.7,60.2,48,12.200000000000003,17340,9.760771250334534,112,1.4964790219027129,10.353537338395524,NA,0,0,0,0,0,NA,-31,Control (Low-Debt),Slovakia,SK,2019-12-01,0
SK,2020-01-01,2020,1,5.9,60.2,48,12.200000000000003,17270,9.756726171140725,112,1.4964790219027129,10.353537338395524,NA,0,0,0,0,0,NA,-30,Control (Low-Debt),Slovakia,SK,2020-01-01,0
SK,2020-02-01,2020,2,6,60.2,48,12.200000000000003,17270,9.756726171140725,112,1.4964790219027129,10.353537338395524,NA,0,0,0,0,0,NA,-29,Control (Low-Debt),Slovakia,SK,2020-02-01,0
SK,2020-03-01,2020,3,5.9,60.2,48,12.200000000000003,17270,9.756726171140725,112,1.4964790219027129,10.353537338395524,NA,0,0,0,0,0,NA,-28,Control (Low-Debt),Slovakia,SK,2020-03-01,0
SK,2020-04-01,2020,4,6.5,60.2,48,12.200000000000003,17270,9.756726171140725,112,1.4964790219027129,10.353537338395524,NA,0,0,0,0,0,NA,-27,Control (Low-Debt),Slovakia,SK,2020-04-01,0
SK,2020-05-01,2020,5,6.7,60.2,48,12.200000000000003,17270,9.756726171140725,112,1.4964790219027129,10.353537338395524,NA,0,0,0,0,0,NA,-26,Control (Low-Debt),Slovakia,SK,2020-05-01,0
SK,2020-06-01,2020,6,6.8,60.2,48,12.200000000000003,17270,9.756726171140725,112,1.4964790219027129,10.353537338395524,NA,0,0,0,0,0,NA,-25,Control (Low-Debt),Slovakia,SK,2020-06-01,0
SK,2020-07-01,2020,7,7,60.2,48,12.200000000000003,17270,9.756726171140725,112,1.4964790219027129,10.353537338395524,NA,0,0,0,0,0,NA,-24,Control (Low-Debt),Slovakia,SK,2020-07-01,0
SK,2020-08-01,2020,8,7.1,60.2,48,12.200000000000003,17270,9.756726171140725,112,1.4964790219027129,10.353537338395524,NA,0,0,0,0,0,NA,-23,Control (Low-Debt),Slovakia,SK,2020-08-01,0
SK,2020-09-01,2020,9,6.9,60.2,48,12.200000000000003,17270,9.756726171140725,112,1.4964790219027129,10.353537338395524,NA,0,0,0,0,0,NA,-22,Control (Low-Debt),Slovakia,SK,2020-09-01,0
SK,2020-10-01,2020,10,6.9,60.2,48,12.200000000000003,17270,9.756726171140725,112,1.4964790219027129,10.353537338395524,NA,0,0,0,0,0,NA,-21,Control (Low-Debt),Slovakia,SK,2020-10-01,0
SK,2020-11-01,2020,11,6.9,60.2,48,12.200000000000003,17270,9.756726171140725,112,1.4964790219027129,10.353537338395524,NA,0,0,0,0,0,NA,-20,Control (Low-Debt),Slovakia,SK,2020-11-01,0
SK,2020-12-01,2020,12,7,60.2,48,12.200000000000003,17270,9.756726171140725,112,1.4964790219027129,10.353537338395524,NA,0,0,0,0,0,NA,-19,Control (Low-Debt),Slovakia,SK,2020-12-01,0
SK,2021-01-01,2021,1,7,60.2,48,12.200000000000003,18730,9.837881795438134,112.1,1.4964790219027129,10.353537338395524,NA,0,0,0,0,0,NA,-18,Control (Low-Debt),Slovakia,SK,2021-01-01,0
SK,2021-02-01,2021,2,7.1,60.2,48,12.200000000000003,18730,9.837881795438134,112.1,1.4964790219027129,10.353537338395524,NA,0,0,0,0,0,NA,-17,Control (Low-Debt),Slovakia,SK,2021-02-01,0
SK,2021-03-01,2021,3,7.1,60.2,48,12.200000000000003,18730,9.837881795438134,112.1,1.4964790219027129,10.353537338395524,NA,0,0,0,0,0,NA,-16,Control (Low-Debt),Slovakia,SK,2021-03-01,0
SK,2021-04-01,2021,4,7.1,60.2,48,12.200000000000003,18730,9.837881795438134,112.1,1.4964790219027129,10.353537338395524,NA,0,0,0,0,0,NA,-15,Control (Low-Debt),Slovakia,SK,2021-04-01,0
SK,2021-05-01,2021,5,7,60.2,48,12.200000000000003,18730,9.837881795438134,112.1,1.4964790219027129,10.353537338395524,NA,0,0,0,0,0,NA,-14,Control (Low-Debt),Slovakia,SK,2021-05-01,0
SK,2021-06-01,2021,6,6.9,60.2,48,12.200000000000003,18730,9.837881795438134,112.1,1.4964790219027129,10.353537338395524,NA,0,0,0,0,0,NA,-13,Control (Low-Debt),Slovakia,SK,2021-06-01,0
SK,2021-07-01,2021,7,6.8,60.2,48,12.200000000000003,18730,9.837881795438134,112.1,1.4964790219027129,10.353537338395524,NA,0,0,0,0,0,NA,-12,Control (Low-Debt),Slovakia,SK,2021-07-01,0
SK,2021-08-01,2021,8,6.7,60.2,48,12.200000000000003,18730,9.837881795438134,112.1,1.4964790219027129,10.353537338395524,NA,0,0,0,0,0,NA,-11,Control (Low-Debt),Slovakia,SK,2021-08-01,0
SK,2021-09-01,2021,9,6.6,60.2,48,12.200000000000003,18730,9.837881795438134,112.1,1.4964790219027129,10.353537338395524,NA,0,0,0,0,0,NA,-10,Control (Low-Debt),Slovakia,SK,2021-09-01,0
SK,2021-10-01,2021,10,6.6,60.2,48,12.200000000000003,18730,9.837881795438134,112.1,1.4964790219027129,10.353537338395524,NA,0,0,0,0,0,NA,-9,Control (Low-Debt),Slovakia,SK,2021-10-01,0
SK,2021-11-01,2021,11,6.6,60.2,48,12.200000000000003,18730,9.837881795438134,112.1,1.4964790219027129,10.353537338395524,NA,0,0,0,0,0,NA,-8,Control (Low-Debt),Slovakia,SK,2021-11-01,0
SK,2021-12-01,2021,12,6.6,60.2,48,12.200000000000003,18730,9.837881795438134,112.1,1.4964790219027129,10.353537338395524,NA,0,0,0,0,0,NA,-7,Control (Low-Debt),Slovakia,SK,2021-12-01,0
SK,2022-01-01,2022,1,6.4,60.2,48,12.200000000000003,20150,9.91095956737483,111.5,1.4964790219027129,10.353537338395524,NA,0,0,0,0,0,NA,-6,Control (Low-Debt),Slovakia,SK,2022-01-01,0
SK,2022-02-01,2022,2,6.3,60.2,48,12.200000000000003,20150,9.91095956737483,111.5,1.4964790219027129,10.353537338395524,NA,0,0,0,1,0,NA,-5,Control (Low-Debt),Slovakia,SK,2022-02-01,0
SK,2022-03-01,2022,3,6.3,60.2,48,12.200000000000003,20150,9.91095956737483,111.5,1.4964790219027129,10.353537338395524,NA,0,0,0,1,0,NA,-4,Control (Low-Debt),Slovakia,SK,2022-03-01,0
SK,2022-04-01,2022,4,6.3,60.2,48,12.200000000000003,20150,9.91095956737483,111.5,1.4964790219027129,10.353537338395524,NA,0,0,0,1,0,NA,-3,Control (Low-Debt),Slovakia,SK,2022-04-01,0
SK,2022-05-01,2022,5,6.2,60.2,48,12.200000000000003,20150,9.91095956737483,111.5,1.4964790219027129,10.353537338395524,NA,0,0,0,1,0,NA,-2,Control (Low-Debt),Slovakia,SK,2022-05-01,0
SK,2022-06-01,2022,6,6.1,60.2,48,12.200000000000003,20150,9.91095956737483,111.5,1.4964790219027129,10.353537338395524,NA,0,0,0,1,0,NA,-1,Control (Low-Debt),Slovakia,SK,2022-06-01,0
SK,2022-07-01,2022,7,6,60.2,48,12.200000000000003,20150,9.91095956737483,111.5,1.4964790219027129,10.353537338395524,NA,0,0,1,1,0,NA,0,Control (Low-Debt),Slovakia,SK,2022-07-01,0
SK,2022-08-01,2022,8,6,60.2,48,12.200000000000003,20150,9.91095956737483,111.5,1.4964790219027129,10.353537338395524,NA,0.5,0,1,1,0,NA,1,Control (Low-Debt),Slovakia,SK,2022-08-01,0
SK,2022-09-01,2022,9,6,60.2,48,12.200000000000003,20150,9.91095956737483,111.5,1.4964790219027129,10.353537338395524,NA,0.5,0,1,1,0,NA,2,Control (Low-Debt),Slovakia,SK,2022-09-01,0
SK,2022-10-01,2022,10,6,60.2,48,12.200000000000003,20150,9.91095956737483,111.5,1.4964790219027129,10.353537338395524,NA,1.25,0,1,1,0,NA,3,Control (Low-Debt),Slovakia,SK,2022-10-01,0
SK,2022-11-01,2022,11,6.1,60.2,48,12.200000000000003,20150,9.91095956737483,111.5,1.4964790219027129,10.353537338395524,NA,2,0,1,1,0,NA,4,Control (Low-Debt),Slovakia,SK,2022-11-01,0
SK,2022-12-01,2022,12,6.1,60.2,48,12.200000000000003,20150,9.91095956737483,111.5,1.4964790219027129,10.353537338395524,NA,2,0,1,1,0,NA,5,Control (Low-Debt),Slovakia,SK,2022-12-01,0
SK,2023-01-01,2023,1,6.1,60.2,48,12.200000000000003,22640,10.027473532317119,111.4,1.4964790219027129,10.353537338395524,NA,2.5,0,1,1,0,NA,6,Control (Low-Debt),Slovakia,SK,2023-01-01,0
SK,2023-02-01,2023,2,6.1,60.2,48,12.200000000000003,22640,10.027473532317119,111.4,1.4964790219027129,10.353537338395524,NA,2.5,0,1,1,0,NA,7,Control (Low-Debt),Slovakia,SK,2023-02-01,0
SK,2023-03-01,2023,3,6,60.2,48,12.200000000000003,22640,10.027473532317119,111.4,1.4964790219027129,10.353537338395524,NA,3,0,1,1,0,NA,8,Control (Low-Debt),Slovakia,SK,2023-03-01,0
SK,2023-04-01,2023,4,5.9,60.2,48,12.200000000000003,22640,10.027473532317119,111.4,1.4964790219027129,10.353537338395524,NA,3,0,1,1,0,NA,9,Control (Low-Debt),Slovakia,SK,2023-04-01,0
SK,2023-05-01,2023,5,5.8,60.2,48,12.200000000000003,22640,10.027473532317119,111.4,1.4964790219027129,10.353537338395524,NA,3,0,1,1,0,NA,10,Control (Low-Debt),Slovakia,SK,2023-05-01,0
SK,2023-06-01,2023,6,5.8,60.2,48,12.200000000000003,22640,10.027473532317119,111.4,1.4964790219027129,10.353537338395524,NA,3.75,0,1,1,0,NA,11,Control (Low-Debt),Slovakia,SK,2023-06-01,0
SK,2023-07-01,2023,7,5.8,60.2,48,12.200000000000003,22640,10.027473532317119,111.4,1.4964790219027129,10.353537338395524,NA,4,0,1,1,0,NA,12,Control (Low-Debt),Slovakia,SK,2023-07-01,0
SK,2023-08-01,2023,8,5.9,60.2,48,12.200000000000003,22640,10.027473532317119,111.4,1.4964790219027129,10.353537338395524,NA,4,0,1,1,0,NA,13,Control (Low-Debt),Slovakia,SK,2023-08-01,0
SK,2023-09-01,2023,9,5.8,60.2,48,12.200000000000003,22640,10.027473532317119,111.4,1.4964790219027129,10.353537338395524,NA,4.25,0,1,1,0,NA,14,Control (Low-Debt),Slovakia,SK,2023-09-01,0
SK,2023-10-01,2023,10,5.7,60.2,48,12.200000000000003,22640,10.027473532317119,111.4,1.4964790219027129,10.353537338395524,NA,4.5,0,1,1,0,NA,15,Control (Low-Debt),Slovakia,SK,2023-10-01,0
SK,2023-11-01,2023,11,5.6,60.2,48,12.200000000000003,22640,10.027473532317119,111.4,1.4964790219027129,10.353537338395524,NA,4.5,0,1,1,0,NA,16,Control (Low-Debt),Slovakia,SK,2023-11-01,0
SK,2023-12-01,2023,12,5.6,60.2,48,12.200000000000003,22640,10.027473532317119,111.4,1.4964790219027129,10.353537338395524,NA,4.5,0,1,1,0,NA,17,Control (Low-Debt),Slovakia,SK,2023-12-01,0
SK,2024-01-01,2024,1,5.6,60.2,48,12.200000000000003,23850,10.079539496316487,111.3,1.4964790219027129,10.353537338395524,NA,4.5,0,1,1,0,NA,18,Control (Low-Debt),Slovakia,SK,2024-01-01,0
SK,2024-02-01,2024,2,5.5,60.2,48,12.200000000000003,23850,10.079539496316487,111.3,1.4964790219027129,10.353537338395524,NA,4.5,0,1,1,0,NA,19,Control (Low-Debt),Slovakia,SK,2024-02-01,0
SK,2024-03-01,2024,3,5.4,60.2,48,12.200000000000003,23850,10.079539496316487,111.3,1.4964790219027129,10.353537338395524,NA,4.5,0,1,1,0,NA,20,Control (Low-Debt),Slovakia,SK,2024-03-01,0
SK,2024-04-01,2024,4,5.3,60.2,48,12.200000000000003,23850,10.079539496316487,111.3,1.4964790219027129,10.353537338395524,NA,4.5,0,1,1,0,NA,21,Control (Low-Debt),Slovakia,SK,2024-04-01,0
SK,2024-05-01,2024,5,5.3,60.2,48,12.200000000000003,23850,10.079539496316487,111.3,1.4964790219027129,10.353537338395524,NA,4.5,0,1,1,0,NA,22,Control (Low-Debt),Slovakia,SK,2024-05-01,0
SK,2024-06-01,2024,6,5.3,60.2,48,12.200000000000003,23850,10.079539496316487,111.3,1.4964790219027129,10.353537338395524,NA,4.5,0,1,1,0,NA,23,Control (Low-Debt),Slovakia,SK,2024-06-01,0
SK,2024-07-01,2024,7,5.3,60.2,48,12.200000000000003,23850,10.079539496316487,111.3,1.4964790219027129,10.353537338395524,NA,4.25,0,1,1,0,NA,24,Control (Low-Debt),Slovakia,SK,2024-07-01,0
SK,2024-08-01,2024,8,5.3,60.2,48,12.200000000000003,23850,10.079539496316487,111.3,1.4964790219027129,10.353537338395524,NA,4.25,0,1,1,0,NA,25,Control (Low-Debt),Slovakia,SK,2024-08-01,0
SK,2024-09-01,2024,9,5.3,60.2,48,12.200000000000003,23850,10.079539496316487,111.3,1.4964790219027129,10.353537338395524,NA,4.25,0,1,1,0,NA,26,Control (Low-Debt),Slovakia,SK,2024-09-01,0
SK,2024-10-01,2024,10,5.3,60.2,48,12.200000000000003,23850,10.079539496316487,111.3,1.4964790219027129,10.353537338395524,NA,3.65,0,1,1,0,NA,27,Control (Low-Debt),Slovakia,SK,2024-10-01,0
SK,2024-11-01,2024,11,5.2,60.2,48,12.200000000000003,23850,10.079539496316487,111.3,1.4964790219027129,10.353537338395524,NA,3.4,0,1,1,0,NA,28,Control (Low-Debt),Slovakia,SK,2024-11-01,0
SK,2024-12-01,2024,12,5.2,60.2,48,12.200000000000003,23850,10.079539496316487,111.3,1.4964790219027129,10.353537338395524,NA,3.4,0,1,1,0,NA,29,Control (Low-Debt),Slovakia,SK,2024-12-01,0
